ISO-10303-21;
HEADER;
FILE_DESCRIPTION (( 'STEP AP214' ),
    '1' );
FILE_NAME ('FilamentGuide.STEP',
    '2024-02-06T19:36:26',
    ( '' ),
    ( '' ),
    'SwSTEP 2.0',
    'SolidWorks 2023',
    '' );
FILE_SCHEMA (( 'AUTOMOTIVE_DESIGN' ));
ENDSEC;

DATA;
#1 = DIRECTION ( 'NONE',  ( -1.000000000000000000, 0.000000000000000000, 0.000000000000000000 ) ) ;
#2 = DIRECTION ( 'NONE',  ( -0.000000000000000000, -0.000000000000000000, -1.000000000000000000 ) ) ;
#3 = AXIS2_PLACEMENT_3D ( 'NONE', #172, #65, #530 ) ;
#4 = EDGE_CURVE ( 'NONE', #125, #910, #341, .T. ) ;
#5 = ORIENTED_EDGE ( 'NONE', *, *, #1256, .F. ) ;
#6 = EDGE_CURVE ( 'NONE', #861, #1419, #1438, .T. ) ;
#7 = CARTESIAN_POINT ( 'NONE',  ( -7.441765567566488215, -7.807668176117617875, 27.44176556756702112 ) ) ;
#8 = CARTESIAN_POINT ( 'NONE',  ( -12.49999999999999822, -7.500000000000000000, 22.50000000000000355 ) ) ;
#9 = DIRECTION ( 'NONE',  ( -1.000000000000000000, 0.000000000000000000, 0.000000000000000000 ) ) ;
#10 = CARTESIAN_POINT ( 'NONE',  ( 8.535533905932741305, -5.000000000000003553, 25.60660171779822036 ) ) ;
#11 = ORIENTED_EDGE ( 'NONE', *, *, #1487, .F. ) ;
#12 = DIRECTION ( 'NONE',  ( 1.000000000000000000, 0.000000000000000000, 0.000000000000000000 ) ) ;
#13 = CARTESIAN_POINT ( 'NONE',  ( 14.39339828220178674, -9.999999999999992895, 28.53553390593273775 ) ) ;
#14 = CARTESIAN_POINT ( 'NONE',  ( -7.500000000000001776, -7.581812302627368716, 27.50000000000000355 ) ) ;
#15 = CARTESIAN_POINT ( 'NONE',  ( 17.49999999999999645, -7.499999999999999112, 30.00000000000000000 ) ) ;
#16 = DIRECTION ( 'NONE',  ( -1.000000000000000000, 0.000000000000000000, 0.000000000000000000 ) ) ;
#17 = FACE_OUTER_BOUND ( 'NONE', #473, .T. ) ;
#18 = CARTESIAN_POINT ( 'NONE',  ( 10.00000000000000178, -5.000000000000002665, 30.00000000000000000 ) ) ;
#19 = ORIENTED_EDGE ( 'NONE', *, *, #1158, .F. ) ;
#20 = VERTEX_POINT ( 'NONE', #133 ) ;
#21 = CARTESIAN_POINT ( 'NONE',  ( 11.88346702925211673, -9.152066876680613916, 24.34959891224364981 ) ) ;
#22 = CARTESIAN_POINT ( 'NONE',  ( 4.999999999999999112, -10.00000000000000000, 25.00000000000000000 ) ) ;
#23 = ORIENTED_EDGE ( 'NONE', *, *, #947, .T. ) ;
#24 = DIRECTION ( 'NONE',  ( -1.000000000000000000, 0.000000000000000000, 0.000000000000000000 ) ) ;
#25 = EDGE_CURVE ( 'NONE', #942, #337, #603, .T. ) ;
#26 = CARTESIAN_POINT ( 'NONE',  ( 0.000000000000000000, 0.000000000000000000, 2.500000000000000000 ) ) ;
#27 = DIRECTION ( 'NONE',  ( 0.000000000000000000, 0.000000000000000000, -1.000000000000000000 ) ) ;
#28 = CYLINDRICAL_SURFACE ( 'NONE', #1424, 1.000000000000000222 ) ;
#29 = VERTEX_POINT ( 'NONE', #488 ) ;
#30 = CARTESIAN_POINT ( 'NONE',  ( 8.762717379139573382, -9.680765021085756317, 2.243226886802110354 ) ) ;
#31 = LINE ( 'NONE', #498, #260 ) ;
#32 = CARTESIAN_POINT ( 'NONE',  ( -8.055380736908890782, -9.920041621763116879, 29.35179357897050423 ) ) ;
#33 = ORIENTED_EDGE ( 'NONE', *, *, #217, .F. ) ;
#34 = DIRECTION ( 'NONE',  ( 1.000000000000000000, 0.000000000000000000, 0.000000000000000000 ) ) ;
#35 = COLOUR_RGB ( '',0.7921568627450980005, 0.8196078431372548767, 0.9333333333333333481 ) ;
#36 = DIRECTION ( 'NONE',  ( 1.000000000000000000, -1.239088197126290570E-16, -0.000000000000000000 ) ) ;
#37 = CYLINDRICAL_SURFACE ( 'NONE', #864, 2.500000000000000444 ) ;
#38 = EDGE_LOOP ( 'NONE', ( #445, #1295, #510, #629, #931, #754, #1101, #143 ) ) ;
#39 = ADVANCED_FACE ( 'NONE', ( #381 ), #952, .T. ) ;
#40 = CARTESIAN_POINT ( 'NONE',  ( 9.820188967942160119, -9.999999999999991118, 1.613722238243235463 ) ) ;
#41 = CARTESIAN_POINT ( 'NONE',  ( 12.71636553539567771, -8.582256000125873641, 27.28363446460319253 ) ) ;
#42 = AXIS2_PLACEMENT_3D ( 'NONE', #789, #728, #1405 ) ;
#43 = CARTESIAN_POINT ( 'NONE',  ( -6.241369943152617061, -9.669578997399773002, 28.74712331438443869 ) ) ;
#44 = EDGE_LOOP ( 'NONE', ( #61, #727, #1413, #500 ) ) ;
#45 = CARTESIAN_POINT ( 'NONE',  ( 9.194460853853167137, -9.872315261374515316, 27.58338256155892410 ) ) ;
#46 = CARTESIAN_POINT ( 'NONE',  ( -17.49999999999999645, 5.000000000000001776, 30.00000000000000000 ) ) ;
#47 = CARTESIAN_POINT ( 'NONE',  ( -17.49999999999999645, -6.035533905932734200, 27.49999999999999645 ) ) ;
#48 = CARTESIAN_POINT ( 'NONE',  ( -17.11694578393837318, -6.694460853703904313, 27.62768473868730368 ) ) ;
#49 = AXIS2_PLACEMENT_3D ( 'NONE', #216, #678, #97 ) ;
#50 = ORIENTED_EDGE ( 'NONE', *, *, #241, .F. ) ;
#51 = ORIENTED_EDGE ( 'NONE', *, *, #1181, .F. ) ;
#52 = CARTESIAN_POINT ( 'NONE',  ( 16.50873699205892819, -8.752876685685732738, 27.83042100264712104 ) ) ;
#53 = VERTEX_POINT ( 'NONE', #1173 ) ;
#54 = CARTESIAN_POINT ( 'NONE',  ( 7.283634464605174941, -8.582256000125308759, 27.28363446460431874 ) ) ;
#55 = CARTESIAN_POINT ( 'NONE',  ( -4.999999999999982236, -5.000000000000000000, 25.00000000000000000 ) ) ;
#56 = DIRECTION ( 'NONE',  ( -1.000000000000000000, 1.239088197126290570E-16, 0.000000000000000000 ) ) ;
#57 = CARTESIAN_POINT ( 'NONE',  ( -12.10579482195241852, -9.265313924204967577, 27.89420517804876098 ) ) ;
#58 = VERTEX_POINT ( 'NONE', #1061 ) ;
#59 = EDGE_CURVE ( 'NONE', #1425, #385, #1207, .T. ) ;
#60 = CARTESIAN_POINT ( 'NONE',  ( 12.49999999999999645, -8.964466094067258695, 22.50000000000000711 ) ) ;
#61 = ORIENTED_EDGE ( 'NONE', *, *, #1434, .F. ) ;
#62 = ADVANCED_FACE ( 'NONE', ( #517 ), #978, .T. ) ;
#63 = CARTESIAN_POINT ( 'NONE',  ( 10.00000000000000178, -9.999999999999991118, 30.00000000000000000 ) ) ;
#64 = DIRECTION ( 'NONE',  ( -1.000000000000000000, 0.000000000000000000, 0.000000000000000000 ) ) ;
#65 = DIRECTION ( 'NONE',  ( -0.000000000000000000, -0.000000000000000000, -1.000000000000000000 ) ) ;
#66 = CARTESIAN_POINT ( 'NONE',  ( -15.96330719247924357, -9.024974479412831485, 28.01223093584053814 ) ) ;
#67 = CARTESIAN_POINT ( 'NONE',  ( -17.49999999999999645, 5.000000000000001776, 30.00000000000000000 ) ) ;
#68 = CARTESIAN_POINT ( 'NONE',  ( 2.883054216062095332, -8.305539146295968678, 27.62768473868725394 ) ) ;
#69 = VECTOR ( 'NONE', #1208, 1000.000000000000000 ) ;
#70 = DIRECTION ( 'NONE',  ( 0.000000000000000000, 0.000000000000000000, -1.000000000000000000 ) ) ;
#71 = CARTESIAN_POINT ( 'NONE',  ( -13.07192735194850641, -7.605643001521892543, 26.92807264805196255 ) ) ;
#72 = AXIS2_PLACEMENT_3D ( 'NONE', #294, #634, #412 ) ;
#73 = CARTESIAN_POINT ( 'NONE',  ( -9.672749624261530954, -10.00000000000361133, 29.67274962425431184 ) ) ;
#74 = AXIS2_PLACEMENT_3D ( 'NONE', #1038, #833, #710 ) ;
#75 = LINE ( 'NONE', #1235, #797 ) ;
#76 = CARTESIAN_POINT ( 'NONE',  ( 7.441765567567029116, -7.807668176117513070, 27.44176556756659835 ) ) ;
#77 = CARTESIAN_POINT ( 'NONE',  ( 17.49999999999999645, -7.500000000000000888, 30.00000000000000000 ) ) ;
#78 = VECTOR ( 'NONE', #1190, 1000.000000000000114 ) ;
#79 = EDGE_CURVE ( 'NONE', #1071, #937, #980, .T. ) ;
#80 = CARTESIAN_POINT ( 'NONE',  ( 10.16362647331679980, -5.000000000000003553, 29.50912058004900018 ) ) ;
#81 = CARTESIAN_POINT ( 'NONE',  ( -11.65206687668061569, -9.383467029252116731, 25.04379936995918854 ) ) ;
#82 = CARTESIAN_POINT ( 'NONE',  ( -7.408338633112170335, -7.129880883376721989, 27.40833863311273078 ) ) ;
#83 = CARTESIAN_POINT ( 'NONE',  ( 2.499999999999999556, 3.061616997868382648E-16, 2.499999999999999556 ) ) ;
#84 = CARTESIAN_POINT ( 'NONE',  ( 2.596228028172435920, -7.092514502846896995, 27.53207600939080635 ) ) ;
#85 = AXIS2_PLACEMENT_3D ( 'NONE', #827, #1313, #586 ) ;
#86 = CARTESIAN_POINT ( 'NONE',  ( 12.51224494154205225, -7.336693412463792363, 27.48775505845859257 ) ) ;
#87 = CARTESIAN_POINT ( 'NONE',  ( -10.65646499666035041, -5.049266670521148193, 29.34353500333787679 ) ) ;
#88 = CARTESIAN_POINT ( 'NONE',  ( -2.991510153071851974, 2.655346870762468559, 2.500000000000000000 ) ) ;
#89 = EDGE_CURVE ( 'NONE', #1419, #1212, #1006, .T. ) ;
#90 = DIRECTION ( 'NONE',  ( -0.6638367176906171396, 0.7478775382679626604, -0.000000000000000000 ) ) ;
#91 = CARTESIAN_POINT ( 'NONE',  ( 9.194460853852854498, -5.127684738625612582, 27.58338256155774459 ) ) ;
#92 = CARTESIAN_POINT ( 'NONE',  ( 17.11694578393836608, -6.694460853703834147, 27.62768473868733210 ) ) ;
#93 = CARTESIAN_POINT ( 'NONE',  ( -17.49999999999999645, 7.500000000000000888, 30.00000000000000000 ) ) ;
#94 = ORIENTED_EDGE ( 'NONE', *, *, #1102, .F. ) ;
#95 = CARTESIAN_POINT ( 'NONE',  ( 5.043799369958903434, -5.616532970747761588, 28.34793312331950688 ) ) ;
#96 = CARTESIAN_POINT ( 'NONE',  ( 17.49999999999999645, -7.581812308444925819, 27.50000000000000711 ) ) ;
#97 = DIRECTION ( 'NONE',  ( -0.7478775382679627715, 0.6638367176906170286, 0.000000000000000000 ) ) ;
#98 =( BOUNDED_CURVE ( )  B_SPLINE_CURVE ( 3, ( #501, #1213, #994, #635 ),
 .UNSPECIFIED., .F., .T. ) 
 B_SPLINE_CURVE_WITH_KNOTS ( ( 4, 4 ),
 ( 4.712388980384689674, 6.283185307179586232 ),
 .UNSPECIFIED. ) 
 CURVE ( )  GEOMETRIC_REPRESENTATION_ITEM ( )  RATIONAL_B_SPLINE_CURVE ( ( 1.000000000000000000, 0.8047378541243649375, 0.8047378541243649375, 1.000000000000000000 ) ) 
 REPRESENTATION_ITEM ( '' )  );
#99 = EDGE_LOOP ( 'NONE', ( #561, #1089, #362, #395 ) ) ;
#100 = CARTESIAN_POINT ( 'NONE',  ( -10.21712048146726026, -5.007241158692433913, 2.451531110645714495 ) ) ;
#101 = CARTESIAN_POINT ( 'NONE',  ( 8.892121984321700978, -5.252917598817966827, 26.67636595296589519 ) ) ;
#102 = ADVANCED_FACE ( 'NONE', ( #291 ), #702, .T. ) ;
#103 = DIRECTION ( 'NONE',  ( -0.7478775382679626604, -0.6638367176906171396, 0.000000000000000000 ) ) ;
#104 = CARTESIAN_POINT ( 'NONE',  ( 12.49999999999999289, -7.418187691555186092, 22.50000000000000711 ) ) ;
#105 = CARTESIAN_POINT ( 'NONE',  ( 10.00000000000000178, -9.999999999999992895, 30.00000000000000000 ) ) ;
#106 = ORIENTED_EDGE ( 'NONE', *, *, #456, .T. ) ;
#107 = CARTESIAN_POINT ( 'NONE',  ( -7.627684738687364963, -6.694460853703751546, 22.88305421606254342 ) ) ;
#108 = ADVANCED_FACE ( 'NONE', ( #1400 ), #1187, .F. ) ;
#109 = CARTESIAN_POINT ( 'NONE',  ( -14.57492343844665683, -5.512230935886794470, 28.47502552051792435 ) ) ;
#110 = VECTOR ( 'NONE', #1064, 1000.000000000000000 ) ;
#111 = AXIS2_PLACEMENT_3D ( 'NONE', #653, #1368, #323 ) ;
#112 = ORIENTED_EDGE ( 'NONE', *, *, #174, .T. ) ;
#113 = CARTESIAN_POINT ( 'NONE',  ( -5.425076561553621168, -5.512230935886795358, 28.47502552051792790 ) ) ;
#114 = AXIS2_PLACEMENT_3D ( 'NONE', #781, #1246, #203 ) ;
#115 = CYLINDRICAL_SURFACE ( 'NONE', #848, 5.000000000000000888 ) ;
#116 = ADVANCED_FACE ( 'NONE', ( #711 ), #248, .F. ) ;
#117 = CARTESIAN_POINT ( 'NONE',  ( -3.739387691339814523, 3.319183588453085143, 1.500000000000000000 ) ) ;
#118 = EDGE_CURVE ( 'NONE', #583, #375, #404, .T. ) ;
#119 = AXIS2_PLACEMENT_3D ( 'NONE', #713, #156, #371 ) ;
#120 = ORIENTED_EDGE ( 'NONE', *, *, #342, .F. ) ;
#121 = CARTESIAN_POINT ( 'NONE',  ( -8.116532970747499576, -5.847933123319762672, 24.34959891224263018 ) ) ;
#122 = CARTESIAN_POINT ( 'NONE',  ( -17.50000000000000711, -4.999999999999995559, 30.00000000000000000 ) ) ;
#123 = CARTESIAN_POINT ( 'NONE',  ( -9.999999999999998224, -7.500000000000000000, 2.500000000000000000 ) ) ;
#124 = DIRECTION ( 'NONE',  ( -0.000000000000000000, -0.000000000000000000, -1.000000000000000000 ) ) ;
#125 = VERTEX_POINT ( 'NONE', #117 ) ;
#126 = CARTESIAN_POINT ( 'NONE',  ( 12.47994280816273971, -7.826461210644305666, 22.56017157551183061 ) ) ;
#127 = CARTESIAN_POINT ( 'NONE',  ( -9.194460853852461923, -5.127684738625768013, 27.58338256155892410 ) ) ;
#128 = CARTESIAN_POINT ( 'NONE',  ( 10.00000000000000178, -7.499999999999997335, 2.500000000000000000 ) ) ;
#129 = DIRECTION ( 'NONE',  ( 0.6638367176906168066, 0.7478775382679627715, 0.000000000000000000 ) ) ;
#130 = DIRECTION ( 'NONE',  ( -0.000000000000000000, -0.000000000000000000, -1.000000000000000000 ) ) ;
#131 = ORIENTED_EDGE ( 'NONE', *, *, #947, .F. ) ;
#132 =( BOUNDED_CURVE ( )  B_SPLINE_CURVE ( 3, ( #1461, #1258, #1228, #1013 ),
 .UNSPECIFIED., .F., .T. ) 
 B_SPLINE_CURVE_WITH_KNOTS ( ( 4, 4 ),
 ( 4.712388980384689674, 6.283185307179586232 ),
 .UNSPECIFIED. ) 
 CURVE ( )  GEOMETRIC_REPRESENTATION_ITEM ( )  RATIONAL_B_SPLINE_CURVE ( ( 1.000000000000000000, 0.8047378541243649375, 0.8047378541243649375, 1.000000000000000000 ) ) 
 REPRESENTATION_ITEM ( '' )  );
#133 = CARTESIAN_POINT ( 'NONE',  ( 12.49999999999999645, -7.499999999999997335, 22.50000000000000355 ) ) ;
#134 = AXIS2_PLACEMENT_3D ( 'NONE', #659, #206, #1349 ) ;
#135 = ADVANCED_FACE ( 'NONE', ( #1303 ), #28, .T. ) ;
#136 = CARTESIAN_POINT ( 'NONE',  ( 17.49999999999999645, -7.499999999999997335, 27.49999999999999645 ) ) ;
#137 = CARTESIAN_POINT ( 'NONE',  ( -9.672754810949941273, -5.016115219746755116, 29.01826443284977941 ) ) ;
#138 = VECTOR ( 'NONE', #806, 1000.000000000000114 ) ;
#139 = DIRECTION ( 'NONE',  ( 0.000000000000000000, 0.000000000000000000, 1.000000000000000000 ) ) ;
#140 = LINE ( 'NONE', #200, #230 ) ;
#141 = DIRECTION ( 'NONE',  ( -1.000000000000000000, -6.938893903907230350E-16, 0.000000000000000000 ) ) ;
#142 = ORIENTED_EDGE ( 'NONE', *, *, #416, .F. ) ;
#143 = ORIENTED_EDGE ( 'NONE', *, *, #152, .T. ) ;
#144 =( BOUNDED_SURFACE ( )  B_SPLINE_SURFACE ( 3, 2, ( 
 ( #1105, #63, #274 ),
 ( #1439, #1350, #1223 ),
 ( #738, #420, #180 ),
 ( #748, #1230, #853 ),
 ( #45, #1344, #880 ),
 ( #769, #1205, #965 ),
 ( #1337, #1456, #975 ),
 ( #872, #54, #521 ),
 ( #1118, #405, #886 ),
 ( #186, #1427, #511 ),
 ( #1000, #396, #862 ),
 ( #528, #386, #1329 ),
 ( #160, #170, #1112 ),
 ( #985, #286, #68 ),
 ( #626, #1093, #1449 ),
 ( #295, #654, #306 ),
 ( #1237, #755, #642 ),
 ( #414, #301, #648 ),
 ( #1126, #192, #1022 ),
 ( #778, #1364, #221 ),
 ( #319, #1147, #1152 ),
 ( #684, #76, #332 ),
 ( #688, #540, #84 ),
 ( #784, #1260, #214 ),
 ( #207, #1486, #1251 ),
 ( #911, #1244, #1007 ),
 ( #199, #564, #446 ),
 ( #1377, #1370, #669 ),
 ( #324, #906, #675 ),
 ( #1481, #660, #95 ),
 ( #1028, #1132, #1139 ),
 ( #798, #452, #1383 ),
 ( #101, #433, #900 ),
 ( #91, #313, #556 ),
 ( #547, #1015, #440 ),
 ( #1034, #791, #569 ),
 ( #1493, #920, #338 ),
 ( #805, #1271, #226 ) ),
 .UNSPECIFIED., .F., .F., .F. ) 
 B_SPLINE_SURFACE_WITH_KNOTS ( ( 4, 2, 2, 2, 2, 2, 2, 2, 2, 2, 2, 2, 2, 2, 2, 2, 2, 2, 4 ),
 ( 3, 3 ),
 ( 4.712388980384689674, 4.908738521234051966, 5.105088062083414258, 5.301437602932775661, 5.497787143782137953, 5.694136684631500245, 5.890486225480861648, 6.086835766330223940, 6.185010536754905530, 6.283185307179586232, 6.381360077604266934, 6.479534848028948524, 6.675884388878310816, 6.872233929727672219, 7.068583470577034511, 7.264933011426396803, 7.461282552275758206, 7.657632093125120498, 7.853981633974482790 ),
 ( 0.000000000000000000, 1.000000000000000000 ),
 .UNSPECIFIED. ) 
 GEOMETRIC_REPRESENTATION_ITEM ( )  RATIONAL_B_SPLINE_SURFACE ( (
 ( 1.000000000000000000, 1.000000000000000000, 1.000000000000000000),
 ( 1.000000000000000000, 1.000009746425174040, 1.000000000000000000),
 ( 1.000000000000000000, 0.9967613244414756934, 1.000000000000000000),
 ( 1.000000000000000000, 0.9841171505062651370, 1.000000000000000000),
 ( 1.000000000000000000, 0.9747108043222468821, 1.000000000000000000),
 ( 1.000000000000000000, 0.9506740354400665671, 1.000000000000000000),
 ( 1.000000000000000000, 0.9360421842008355142, 1.000000000000000000),
 ( 1.000000000000000000, 0.9031650994855603409, 1.000000000000000000),
 ( 1.000000000000000000, 0.8849191470250528102, 1.000000000000000000),
 ( 1.000000000000000000, 0.8471316605438259373, 1.000000000000000000),
 ( 1.000000000000000000, 0.8275942694441631442, 1.000000000000000000),
 ( 1.000000000000000000, 0.7902180087991784729, 1.000000000000000000),
 ( 1.000000000000000000, 0.7723968216422710809, 1.000000000000000000),
 ( 1.000000000000000000, 0.7418334180549340795, 1.000000000000000000),
 ( 1.000000000000000000, 0.7291288938889020077, 1.000000000000000000),
 ( 1.000000000000000000, 0.7160917254630366768, 1.000000000000000000),
 ( 1.000000000000000000, 0.7127418075410001386, 1.000000000000000000),
 ( 1.000000000000000000, 0.7082489452778799599, 1.000000000000000000),
 ( 1.000000000000000000, 0.7071067811865203723, 1.000000000000000000),
 ( 1.000000000000000000, 0.7071067811865747732, 1.000000000000000000),
 ( 1.000000000000000000, 0.7082489452778798489, 1.000000000000000000),
 ( 1.000000000000000000, 0.7127418075410000275, 1.000000000000000000),
 ( 1.000000000000000000, 0.7160917254630783102, 1.000000000000000000),
 ( 1.000000000000000000, 0.7291288938888187410, 1.000000000000000000),
 ( 1.000000000000000000, 0.7418334180548457057, 1.000000000000000000),
 ( 1.000000000000000000, 0.7723968216423577893, 1.000000000000000000),
 ( 1.000000000000000000, 0.7902180087991783619, 1.000000000000000000),
 ( 1.000000000000000000, 0.8275942694441630332, 1.000000000000000000),
 ( 1.000000000000000000, 0.8471316605438578007, 1.000000000000000000),
 ( 1.000000000000000000, 0.8849191470250180602, 1.000000000000000000),
 ( 1.000000000000000000, 0.9031650994855247028, 1.000000000000000000),
 ( 1.000000000000000000, 0.9360421842008708193, 1.000000000000000000),
 ( 1.000000000000000000, 0.9506740354400661230, 1.000000000000000000),
 ( 1.000000000000000000, 0.9747108043222464380, 1.000000000000000000),
 ( 1.000000000000000000, 0.9841171505062649150, 1.000000000000000000),
 ( 1.000000000000000000, 0.9967613244414754714, 1.000000000000000000),
 ( 1.000000000000000000, 1.000009746425174484, 1.000000000000000000),
 ( 1.000000000000000000, 1.000000000000000000, 1.000000000000000000) ) ) 
 REPRESENTATION_ITEM ( '' )  SURFACE ( )  );
#145 = AXIS2_PLACEMENT_3D ( 'NONE', #280, #259, #745 ) ;
#146 = DIRECTION ( 'NONE',  ( 1.000000000000000000, 0.000000000000000000, 0.000000000000000000 ) ) ;
#147 = FACE_OUTER_BOUND ( 'NONE', #917, .T. ) ;
#148 = ORIENTED_EDGE ( 'NONE', *, *, #312, .T. ) ;
#149 = LINE ( 'NONE', #614, #110 ) ;
#150 = AXIS2_PLACEMENT_3D ( 'NONE', #401, #595, #12 ) ;
#151 = CARTESIAN_POINT ( 'NONE',  ( -8.357645913147180750, -9.387594566735732116, 2.424578329467302673 ) ) ;
#152 = EDGE_CURVE ( 'NONE', #633, #846, #1041, .T. ) ;
#153 = DIRECTION ( 'NONE',  ( -0.000000000000000000, -1.000000000000000000, -0.000000000000000000 ) ) ;
#154 = DIRECTION ( 'NONE',  ( -1.000000000000000000, 0.000000000000000000, 0.000000000000000000 ) ) ;
#155 = ORIENTED_EDGE ( 'NONE', *, *, #1158, .T. ) ;
#156 = DIRECTION ( 'NONE',  ( -1.000000000000000000, -1.734723475976694682E-15, 1.110223024625084557E-15 ) ) ;
#157 = CARTESIAN_POINT ( 'NONE',  ( 11.25287668561581356, -9.669578997399600695, 26.24136994315317395 ) ) ;
#158 = CARTESIAN_POINT ( 'NONE',  ( -3.491263007941071805, -8.752876685685508917, 27.83042100264696472 ) ) ;
#159 = ORIENTED_EDGE ( 'NONE', *, *, #760, .F. ) ;
#160 = CARTESIAN_POINT ( 'NONE',  ( 7.752917598756290829, -8.607878015529395910, 23.25875279626907499 ) ) ;
#161 = AXIS2_PLACEMENT_3D ( 'NONE', #1206, #513, #162 ) ;
#162 = DIRECTION ( 'NONE',  ( -1.000000000000000000, 0.000000000000000000, 0.000000000000000000 ) ) ;
#163 = CARTESIAN_POINT ( 'NONE',  ( -9.999999999999998224, -4.999999999999998224, 30.00000000000000000 ) ) ;
#164 = CARTESIAN_POINT ( 'NONE',  ( -12.71636553539510928, -8.582256000126438522, 27.28363446460545205 ) ) ;
#165 = ORIENTED_EDGE ( 'NONE', *, *, #439, .T. ) ;
#166 = CARTESIAN_POINT ( 'NONE',  ( 8.133774224983884693, -9.166790119077703025, 2.489032736378075761 ) ) ;
#167 = CARTESIAN_POINT ( 'NONE',  ( 14.95620063004136036, -9.383467029252106073, 28.34793312331937543 ) ) ;
#168 = AXIS2_PLACEMENT_3D ( 'NONE', #1066, #1407, #388 ) ;
#169 = ORIENTED_EDGE ( 'NONE', *, *, #327, .F. ) ;
#170 = CARTESIAN_POINT ( 'NONE',  ( 7.017841183769752966, -7.091747172620133988, 27.01784118376908239 ) ) ;
#171 = FILL_AREA_STYLE ('',( #1215 ) ) ;
#172 = CARTESIAN_POINT ( 'NONE',  ( -9.999999999999998224, -7.500000000000000000, 2.500000000000000000 ) ) ;
#173 = CARTESIAN_POINT ( 'NONE',  ( -12.49999999999999289, -7.581812302627162659, 27.50000000000000355 ) ) ;
#174 = EDGE_CURVE ( 'NONE', #1297, #1199, #734, .T. ) ;
#175 = ORIENTED_EDGE ( 'NONE', *, *, #551, .F. ) ;
#176 = CARTESIAN_POINT ( 'NONE',  ( -17.50000000000000000, 0.000000000000000000, 30.00000000000000000 ) ) ;
#177 = EDGE_CURVE ( 'NONE', #58, #236, #1280, .T. ) ;
#178 = CARTESIAN_POINT ( 'NONE',  ( 10.00000000000000178, -9.999999999999992895, 30.00000000000000000 ) ) ;
#179 = ORIENTED_EDGE ( 'NONE', *, *, #59, .F. ) ;
#180 = CARTESIAN_POINT ( 'NONE',  ( 9.018264432849186107, -9.983884780253227120, 29.67275481094988621 ) ) ;
#181 = DIRECTION ( 'NONE',  ( -0.000000000000000000, -0.000000000000000000, -1.000000000000000000 ) ) ;
#182 = CARTESIAN_POINT ( 'NONE',  ( 0.000000000000000000, 0.000000000000000000, 2.500000000000000000 ) ) ;
#183 = CARTESIAN_POINT ( 'NONE',  ( -12.33914111884566189, -9.049367015590622287, 27.66085888115377855 ) ) ;
#184 = LINE ( 'NONE', #667, #1426 ) ;
#185 = EDGE_LOOP ( 'NONE', ( #712, #1039, #1270, #159 ) ) ;
#186 = CARTESIAN_POINT ( 'NONE',  ( 8.116532970747375231, -9.152066876680100549, 24.34959891224263373 ) ) ;
#187 = DIRECTION ( 'NONE',  ( 6.938893903907228378E-16, -1.000000000000000000, 0.000000000000000000 ) ) ;
#188 = CARTESIAN_POINT ( 'NONE',  ( -17.48794247559477810, -7.336375508996415107, 27.50401917480176550 ) ) ;
#189 = CARTESIAN_POINT ( 'NONE',  ( -6.954087903775795887, -7.228513134194717082, 26.95408790377828723 ) ) ;
#190 = CARTESIAN_POINT ( 'NONE',  ( -10.16362647331680158, -9.999999999999994671, 29.50912058004898952 ) ) ;
#191 = ADVANCED_FACE ( 'NONE', ( #360 ), #1374, .T. ) ;
#192 = CARTESIAN_POINT ( 'NONE',  ( 7.500000000000007105, -7.418187697372840006, 27.50000000000000711 ) ) ;
#193 = CARTESIAN_POINT ( 'NONE',  ( 17.49999999999999645, -7.500000000000000888, 30.00000000000000000 ) ) ;
#194 = CARTESIAN_POINT ( 'NONE',  ( -13.75863005684737495, -9.669578997399259634, 28.74712331438367485 ) ) ;
#195 = VECTOR ( 'NONE', #1146, 1000.000000000000000 ) ;
#196 = CARTESIAN_POINT ( 'NONE',  ( -8.892121984321510908, -9.747082401181955902, 26.67636595296473701 ) ) ;
#197 = AXIS2_PLACEMENT_3D ( 'NONE', #700, #1171, #600 ) ;
#198 = DIRECTION ( 'NONE',  ( -1.000000000000000000, 1.239088197126290570E-16, 0.000000000000000000 ) ) ;
#199 = CARTESIAN_POINT ( 'NONE',  ( 7.830421002646895445, -6.247123314314602105, 23.49126300794009836 ) ) ;
#200 = CARTESIAN_POINT ( 'NONE',  ( 17.49999999999999645, -5.000000000000001776, 30.00000000000000000 ) ) ;
#201 = CARTESIAN_POINT ( 'NONE',  ( 12.98215881623002765, -7.908252827380310990, 27.01784118376818711 ) ) ;
#202 = EDGE_CURVE ( 'NONE', #1111, #568, #1327, .T. ) ;
#203 = DIRECTION ( 'NONE',  ( 1.000000000000000000, 0.000000000000000000, 0.000000000000000000 ) ) ;
#204 = AXIS2_PLACEMENT_3D ( 'NONE', #176, #868, #1334 ) ;
#205 = CARTESIAN_POINT ( 'NONE',  ( -6.928072648053389848, -7.605643001520248525, 26.92807264805101397 ) ) ;
#206 = DIRECTION ( 'NONE',  ( -0.000000000000000000, -0.000000000000000000, -1.000000000000000000 ) ) ;
#207 = CARTESIAN_POINT ( 'NONE',  ( 7.627684738687356081, -6.694460853703791514, 22.88305421606162682 ) ) ;
#208 = AXIS2_PLACEMENT_3D ( 'NONE', #1053, #354, #379 ) ;
#209 = CARTESIAN_POINT ( 'NONE',  ( 17.43982842448817294, -7.173538789355689005, 27.52005719183726029 ) ) ;
#210 = CYLINDRICAL_SURFACE ( 'NONE', #1048, 2.499999999999997780 ) ;
#211 = CARTESIAN_POINT ( 'NONE',  ( 2.991510153071852862, 2.655346870762469447, 1.500000000000000000 ) ) ;
#212 = ORIENTED_EDGE ( 'NONE', *, *, #596, .F. ) ;
#213 = CARTESIAN_POINT ( 'NONE',  ( -11.32079864716948947, -5.369634176211958376, 1.946993896166831384 ) ) ;
#214 = CARTESIAN_POINT ( 'NONE',  ( 2.739875134582459903, -6.851793579185247118, 27.57995837819416352 ) ) ;
#215 = CARTESIAN_POINT ( 'NONE',  ( 17.48794247559477810, -7.336375508996522576, 27.50401917480176195 ) ) ;
#216 = CARTESIAN_POINT ( 'NONE',  ( -2.991510153071852418, 2.655346870762468559, 1.500000000000000000 ) ) ;
#217 = EDGE_CURVE ( 'NONE', #1499, #1071, #1341, .T. ) ;
#218 = VERTEX_POINT ( 'NONE', #601 ) ;
#219 = ADVANCED_FACE ( 'NONE', ( #242 ), #37, .T. ) ;
#220 = CARTESIAN_POINT ( 'NONE',  ( -10.62214107469938007, -5.070122869568390200, 2.328152848404131614 ) ) ;
#221 = CARTESIAN_POINT ( 'NONE',  ( 2.500000000000007550, -7.418187691555177210, 27.50000000000000711 ) ) ;
#222 = CARTESIAN_POINT ( 'NONE',  ( 14.57492343844665150, -5.512230935886798910, 28.47502552051793145 ) ) ;
#223 = CARTESIAN_POINT ( 'NONE',  ( -16.50873699205892464, -6.247123314314599440, 27.83042100264689012 ) ) ;
#224 = VERTEX_POINT ( 'NONE', #503 ) ;
#225 = CARTESIAN_POINT ( 'NONE',  ( -9.999999999999998224, -4.999999999999998224, 30.00000000000000000 ) ) ;
#226 = CARTESIAN_POINT ( 'NONE',  ( 10.00000000000003020, -5.000000000000003553, 30.00000000000001066 ) ) ;
#227 = CARTESIAN_POINT ( 'NONE',  ( -10.32724518905011735, -5.016115219746767551, 29.01826443284856794 ) ) ;
#228 = ORIENTED_EDGE ( 'NONE', *, *, #1055, .F. ) ;
#229 = EDGE_LOOP ( 'NONE', ( #1040, #687, #495, #870 ) ) ;
#230 = VECTOR ( 'NONE', #893, 1000.000000000000000 ) ;
#231 = CARTESIAN_POINT ( 'NONE',  ( -9.836373526683201973, -5.000000000000000000, 29.50912058004900018 ) ) ;
#232 = EDGE_CURVE ( 'NONE', #568, #1111, #281, .T. ) ;
#233 = CARTESIAN_POINT ( 'NONE',  ( -17.50000000000000000, -9.999999999999992895, 30.00000000000000000 ) ) ;
#234 = AXIS2_PLACEMENT_3D ( 'NONE', #832, #245, #1184 ) ;
#235 = DIRECTION ( 'NONE',  ( 0.6638367176906171396, -0.7478775382679626604, 0.000000000000000000 ) ) ;
#236 = VERTEX_POINT ( 'NONE', #721 ) ;
#237 = ORIENTED_EDGE ( 'NONE', *, *, #249, .T. ) ;
#238 = AXIS2_PLACEMENT_3D ( 'NONE', #881, #442, #1345 ) ;
#239 = CARTESIAN_POINT ( 'NONE',  ( 5.000000000000000888, -5.000000000000000888, 25.00000000000000000 ) ) ;
#240 = CARTESIAN_POINT ( 'NONE',  ( 17.50000000000000000, 4.336808689942017736E-15, 30.00000000000000000 ) ) ;
#241 = EDGE_CURVE ( 'NONE', #236, #633, #958, .T. ) ;
#242 = FACE_OUTER_BOUND ( 'NONE', #1409, .T. ) ;
#243 = CARTESIAN_POINT ( 'NONE',  ( 12.49598082519823983, -7.663624491003471206, 22.51205752440522190 ) ) ;
#244 = CARTESIAN_POINT ( 'NONE',  ( -7.499999999999999112, -7.581812308444820125, 22.50000000000000000 ) ) ;
#245 = DIRECTION ( 'NONE',  ( -1.000000000000000000, -1.858632295689323985E-15, 1.110223024625084754E-15 ) ) ;
#246 = PRODUCT_DEFINITION_CONTEXT ( 'detailed design', #1088, 'design' ) ;
#247 = CARTESIAN_POINT ( 'NONE',  ( 12.49999999999999645, -7.499999999999997335, 0.000000000000000000 ) ) ;
#248 = CYLINDRICAL_SURFACE ( 'NONE', #578, 2.499999999999999556 ) ;
#249 = EDGE_CURVE ( 'NONE', #816, #861, #608, .T. ) ;
#250 = ORIENTED_EDGE ( 'NONE', *, *, #249, .F. ) ;
#251 = DIRECTION ( 'NONE',  ( 1.000000000000000000, 0.000000000000000000, 0.000000000000000000 ) ) ;
#252 =( BOUNDED_CURVE ( )  B_SPLINE_CURVE ( 3, ( #299, #60, #1124, #761 ),
 .UNSPECIFIED., .F., .T. ) 
 B_SPLINE_CURVE_WITH_KNOTS ( ( 4, 4 ),
 ( 0.000000000000000000, 1.570796326794896558 ),
 .UNSPECIFIED. ) 
 CURVE ( )  GEOMETRIC_REPRESENTATION_ITEM ( )  RATIONAL_B_SPLINE_CURVE ( ( 1.000000000000000000, 0.8047378541243649375, 0.8047378541243649375, 1.000000000000000000 ) ) 
 REPRESENTATION_ITEM ( '' )  );
#253 = CARTESIAN_POINT ( 'NONE',  ( 12.24708240124368253, -8.607878015529472293, 23.25875279626906789 ) ) ;
#254 = CARTESIAN_POINT ( 'NONE',  ( -8.475025520517418087, -5.512230935887136418, 25.42507656155389739 ) ) ;
#255 = DIRECTION ( 'NONE',  ( 1.000000000000000000, 0.000000000000000000, 0.000000000000000000 ) ) ;
#256 = CARTESIAN_POINT ( 'NONE',  ( -8.133771244691045510, -9.166786642326615109, 2.489033202313823523 ) ) ;
#257 = DIRECTION ( 'NONE',  ( 0.000000000000000000, 0.000000000000000000, 1.000000000000000000 ) ) ;
#258 = ORIENTED_EDGE ( 'NONE', *, *, #518, .T. ) ;
#259 = DIRECTION ( 'NONE',  ( 1.000000000000000000, -1.239088197126290570E-16, -0.000000000000000000 ) ) ;
#260 = VECTOR ( 'NONE', #1318, 1000.000000000000000 ) ;
#261 = ADVANCED_FACE ( 'NONE', ( #628 ), #770, .T. ) ;
#262 = CARTESIAN_POINT ( 'NONE',  ( -3.258752796268617580, -6.392121984471032192, 27.75291759875610254 ) ) ;
#263 = ORIENTED_EDGE ( 'NONE', *, *, #1074, .T. ) ;
#264 = CARTESIAN_POINT ( 'NONE',  ( -11.86969384566990549, -5.840408205773456984, 1.500000000000000000 ) ) ;
#265 = DIRECTION ( 'NONE',  ( 0.7478775382679628825, -0.6638367176906169176, 0.000000000000000000 ) ) ;
#266 = AXIS2_PLACEMENT_3D ( 'NONE', #123, #493, #591 ) ;
#267 = DIRECTION ( 'NONE',  ( -1.000000000000000000, 0.000000000000000000, 0.000000000000000000 ) ) ;
#268 = CARTESIAN_POINT ( 'NONE',  ( -9.999999999999998224, -10.00000000000000000, 2.500000000000000000 ) ) ;
#269 = ORIENTED_EDGE ( 'NONE', *, *, #536, .T. ) ;
#270 = CARTESIAN_POINT ( 'NONE',  ( 0.000000000000000000, 0.000000000000000000, 1.500000000000000000 ) ) ;
#271 = FACE_BOUND ( 'NONE', #1054, .T. ) ;
#272 = CARTESIAN_POINT ( 'NONE',  ( -7.289463340597749585, -6.993296805082741763, 27.28946334059668644 ) ) ;
#273 = ORIENTED_EDGE ( 'NONE', *, *, #1204, .T. ) ;
#274 = CARTESIAN_POINT ( 'NONE',  ( 10.00000000000000178, -9.999999999999991118, 30.00000000000000000 ) ) ;
#275 = CARTESIAN_POINT ( 'NONE',  ( -25.00000000000000000, 0.000000000000000000, 30.00000000000000000 ) ) ;
#276 = CARTESIAN_POINT ( 'NONE',  ( 10.65646499666034330, -5.049266670523524958, 29.34353500334025355 ) ) ;
#277 = CARTESIAN_POINT ( 'NONE',  ( -12.81400464532917738, -8.029944141089170984, 27.18599535467174988 ) ) ;
#278 = ORIENTED_EDGE ( 'NONE', *, *, #1117, .T. ) ;
#279 = APPLICATION_CONTEXT ( 'automotive_design' ) ;
#280 = CARTESIAN_POINT ( 'NONE',  ( -17.49999999999999645, 7.500000000000000888, 30.00000000000000000 ) ) ;
#281 = CIRCLE ( 'NONE', #1136, 2.499999999999997780 ) ;
#282 = CARTESIAN_POINT ( 'NONE',  ( 17.11694578393837318, -8.305539146296675668, 27.62768473868754882 ) ) ;
#283 = CARTESIAN_POINT ( 'NONE',  ( -7.627684738687348087, -8.305539146296204933, 22.88305421606253631 ) ) ;
#284 = ORIENTED_EDGE ( 'NONE', *, *, #681, .F. ) ;
#285 = ADVANCED_FACE ( 'NONE', ( #874 ), #1216, .T. ) ;
#286 = CARTESIAN_POINT ( 'NONE',  ( 7.185995354670121849, -6.970055858911296198, 27.18599535467081552 ) ) ;
#287 = CARTESIAN_POINT ( 'NONE',  ( 11.86969384566990904, -5.840408205773454320, 1.500000000000000000 ) ) ;
#288 = CARTESIAN_POINT ( 'NONE',  ( 10.32725037574211946, -5.000000000000003553, 29.67274962425667439 ) ) ;
#289 = CARTESIAN_POINT ( 'NONE',  ( -12.24708240124368430, -6.392121984470523266, 23.25875279626815484 ) ) ;
#290 = ORIENTED_EDGE ( 'NONE', *, *, #1293, .F. ) ;
#291 = FACE_OUTER_BOUND ( 'NONE', #1328, .T. ) ;
#292 = CARTESIAN_POINT ( 'NONE',  ( 9.999999999999973355, -9.999999999999991118, 30.00000000000001066 ) ) ;
#293 = ORIENTED_EDGE ( 'NONE', *, *, #1386, .T. ) ;
#294 = CARTESIAN_POINT ( 'NONE',  ( 0.000000000000000000, 0.000000000000000000, 0.000000000000000000 ) ) ;
#295 = CARTESIAN_POINT ( 'NONE',  ( 7.532076009390825000, -7.907485497153164289, 22.59622802817264997 ) ) ;
#296 = DIRECTION ( 'NONE',  ( -1.000000000000000000, 1.239088197126290570E-16, 0.000000000000000000 ) ) ;
#297 = CARTESIAN_POINT ( 'NONE',  ( 17.49999999999999645, -7.499999999999999112, 30.00000000000000000 ) ) ;
#298 = CARTESIAN_POINT ( 'NONE',  ( -14.57492343844665150, -9.487769064113455997, 28.47502552051831515 ) ) ;
#299 = CARTESIAN_POINT ( 'NONE',  ( 12.49999999999999645, -7.499999999999997335, 22.50000000000000355 ) ) ;
#300 = ORIENTED_EDGE ( 'NONE', *, *, #1317, .T. ) ;
#301 = CARTESIAN_POINT ( 'NONE',  ( 7.487755058458058777, -7.336693412464004638, 27.48775505845858902 ) ) ;
#302 = LINE ( 'NONE', #656, #1056 ) ;
#303 = CARTESIAN_POINT ( 'NONE',  ( -12.55823443243340520, -7.192331823882375907, 27.44176556756658769 ) ) ;
#304 = ADVANCED_FACE ( 'NONE', ( #417 ), #1238, .T. ) ;
#305 = CARTESIAN_POINT ( 'NONE',  ( -9.999999999999998224, -9.999999999999994671, 30.00000000000000000 ) ) ;
#306 = CARTESIAN_POINT ( 'NONE',  ( 2.596228028172546942, -7.907485497153103893, 27.53207600939080990 ) ) ;
#307 = AXIS2_PLACEMENT_3D ( 'NONE', #275, #153, #1084 ) ;
#308 = DIRECTION ( 'NONE',  ( -1.000000000000000000, -1.858632295689323985E-15, 1.110223024625084754E-15 ) ) ;
#309 = CARTESIAN_POINT ( 'NONE',  ( -11.98776906415991128, -9.024974479412160022, 24.03669280752075821 ) ) ;
#310 = FACE_BOUND ( 'NONE', #723, .T. ) ;
#311 = CARTESIAN_POINT ( 'NONE',  ( -10.80553914614683286, -9.872315261374518869, 27.58338256155892410 ) ) ;
#312 = EDGE_CURVE ( 'NONE', #1433, #375, #302, .T. ) ;
#313 = CARTESIAN_POINT ( 'NONE',  ( 8.423528711166705207, -5.380284697197128985, 28.42352871116498036 ) ) ;
#314 = CARTESIAN_POINT ( 'NONE',  ( 12.46792399060919365, -7.907485497153096787, 22.59622802817221299 ) ) ;
#315 = CARTESIAN_POINT ( 'NONE',  ( -10.16362647331563451, -4.999999999999999112, 29.50912058004947625 ) ) ;
#316 = AXIS2_PLACEMENT_3D ( 'NONE', #699, #103, #921 ) ;
#317 = CARTESIAN_POINT ( 'NONE',  ( -3.258752796268609142, -8.607878015529539795, 27.75291759875634057 ) ) ;
#318 = CARTESIAN_POINT ( 'NONE',  ( -9.999999999999998224, -10.00000000000000000, 1.500000000000000000 ) ) ;
#319 = CARTESIAN_POINT ( 'NONE',  ( 7.504019174801774383, -7.336375508996406225, 22.51205752440522190 ) ) ;
#320 = CARTESIAN_POINT ( 'NONE',  ( 13.04591209622270753, -7.771486865806291888, 26.95408790377729247 ) ) ;
#321 = FACE_OUTER_BOUND ( 'NONE', #1455, .T. ) ;
#322 = DIRECTION ( 'NONE',  ( 0.6638367176906168066, -0.7478775382679629935, -3.607870767962639164E-16 ) ) ;
#323 = DIRECTION ( 'NONE',  ( 0.000000000000000000, -1.000000000000000000, 0.000000000000000000 ) ) ;
#324 = CARTESIAN_POINT ( 'NONE',  ( 8.116532970748018272, -5.847933123319251081, 24.34959891224364981 ) ) ;
#325 = VECTOR ( 'NONE', #368, 1000.000000000000000 ) ;
#326 = FACE_OUTER_BOUND ( 'NONE', #692, .T. ) ;
#327 = EDGE_CURVE ( 'NONE', #343, #1433, #470, .T. ) ;
#328 = CARTESIAN_POINT ( 'NONE',  ( 12.59166136688727811, -7.870119116623276234, 27.40833863311229024 ) ) ;
#329 = CARTESIAN_POINT ( 'NONE',  ( 10.00000000000000178, -7.499999999999997335, 2.500000000000000000 ) ) ;
#330 = EDGE_CURVE ( 'NONE', #937, #337, #666, .T. ) ;
#331 = ORIENTED_EDGE ( 'NONE', *, *, #482, .T. ) ;
#332 = CARTESIAN_POINT ( 'NONE',  ( 2.560171575511829722, -7.173538789355689893, 27.52005719183726029 ) ) ;
#333 = DIRECTION ( 'NONE',  ( 1.000000000000000000, 1.734723475976694682E-15, 1.110223024625084557E-15 ) ) ;
#334 = CARTESIAN_POINT ( 'NONE',  ( 11.25287668561593968, -5.330421002600481906, 26.24136994315318105 ) ) ;
#335 = CIRCLE ( 'NONE', #997, 2.499999999999998668 ) ;
#336 = CARTESIAN_POINT ( 'NONE',  ( -11.65206687668036700, -5.616532970747627473, 25.04379936995811562 ) ) ;
#337 = VERTEX_POINT ( 'NONE', #1096 ) ;
#338 = CARTESIAN_POINT ( 'NONE',  ( 9.509120580049971849, -5.000000000000002665, 29.83637352668011289 ) ) ;
#339 = CARTESIAN_POINT ( 'NONE',  ( 13.07192735194803745, -7.394356998478810006, 26.92807264805196610 ) ) ;
#340 = CARTESIAN_POINT ( 'NONE',  ( -11.98776906415961108, -5.975025520587389671, 24.03669280751977411 ) ) ;
#341 = CIRCLE ( 'NONE', #1247, 5.000000000000000888 ) ;
#342 = EDGE_CURVE ( 'NONE', #1431, #1499, #991, .T. ) ;
#343 = VERTEX_POINT ( 'NONE', #389 ) ;
#344 = CARTESIAN_POINT ( 'NONE',  ( -7.830421002646926532, -6.247123314314541709, 23.49126300794107536 ) ) ;
#345 = CARTESIAN_POINT ( 'NONE',  ( -3.739387691339814523, 3.319183588453085143, 2.500000000000000000 ) ) ;
#346 = CARTESIAN_POINT ( 'NONE',  ( 10.00768111949701833, -4.997815258901996849, 2.489033202313823523 ) ) ;
#347 = ORIENTED_EDGE ( 'NONE', *, *, #1128, .T. ) ;
#348 = ORIENTED_EDGE ( 'NONE', *, *, #1293, .T. ) ;
#349 = CIRCLE ( 'NONE', #307, 2.499999999999998668 ) ;
#350 = CARTESIAN_POINT ( 'NONE',  ( -7.289463340599026786, -8.006703194917692556, 27.28946334059666867 ) ) ;
#351 = CARTESIAN_POINT ( 'NONE',  ( 2.499999999999999556, 3.061616997868382648E-16, -4.592425496802569288E-17 ) ) ;
#352 = CARTESIAN_POINT ( 'NONE',  ( -8.762698799304198261, -9.680754183330446239, 2.243236478038793891 ) ) ;
#353 = AXIS2_PLACEMENT_3D ( 'NONE', #1080, #672, #1143 ) ;
#354 = DIRECTION ( 'NONE',  ( 0.000000000000000000, 0.000000000000000000, -1.000000000000000000 ) ) ;
#355 = ORIENTED_EDGE ( 'NONE', *, *, #312, .F. ) ;
#356 = ORIENTED_EDGE ( 'NONE', *, *, #1194, .T. ) ;
#357 = CARTESIAN_POINT ( 'NONE',  ( -7.499999999999999112, -7.418187691555187868, 22.50000000000000000 ) ) ;
#358 = CARTESIAN_POINT ( 'NONE',  ( -12.49999999999999822, -7.500000000000000000, 2.500000000000000000 ) ) ;
#359 = CARTESIAN_POINT ( 'NONE',  ( -9.108939796260973054, -9.843632817373288546, 2.051462047524772014 ) ) ;
#360 = FACE_OUTER_BOUND ( 'NONE', #795, .T. ) ;
#361 = ORIENTED_EDGE ( 'NONE', *, *, #392, .F. ) ;
#362 = ORIENTED_EDGE ( 'NONE', *, *, #563, .F. ) ;
#363 = CARTESIAN_POINT ( 'NONE',  ( 9.999999999999992895, -9.999999999999991118, 30.00000000000002842 ) ) ;
#364 = CARTESIAN_POINT ( 'NONE',  ( -6.928072648051484705, -7.394356998478575527, 26.92807264805291823 ) ) ;
#365 = FACE_OUTER_BOUND ( 'NONE', #229, .T. ) ;
#366 = CARTESIAN_POINT ( 'NONE',  ( -9.283511597043112573, -9.902001379817054527, 1.947012117824071353 ) ) ;
#367 = CARTESIAN_POINT ( 'NONE',  ( 10.00000000000000178, -5.000000000000002665, 30.00000000000000000 ) ) ;
#368 = DIRECTION ( 'NONE',  ( 1.000000000000000000, 6.938893903907229364E-16, 0.000000000000000000 ) ) ;
#369 = VERTEX_POINT ( 'NONE', #1009 ) ;
#370 = ADVANCED_FACE ( 'NONE', ( #514 ), #1447, .T. ) ;
#371 = DIRECTION ( 'NONE',  ( 1.387778780781446464E-15, -1.000000000000000000, 0.000000000000000000 ) ) ;
#372 = VECTOR ( 'NONE', #863, 1000.000000000000000 ) ;
#373 = CARTESIAN_POINT ( 'NONE',  ( 10.80553914614725208, -9.872315261374339457, 27.58338256155774459 ) ) ;
#374 = CARTESIAN_POINT ( 'NONE',  ( -7.141789355939312856, -6.671703693456207063, 27.14178935593879771 ) ) ;
#375 = VERTEX_POINT ( 'NONE', #855 ) ;
#376 = CARTESIAN_POINT ( 'NONE',  ( -11.86969384566990549, -5.840408205773456984, 2.500000000000000000 ) ) ;
#377 = CARTESIAN_POINT ( 'NONE',  ( -8.279847714014229254, -9.317158108475533496, 2.451533075392519301 ) ) ;
#378 = DIRECTION ( 'NONE',  ( -1.000000000000000000, 0.000000000000000000, 0.000000000000000000 ) ) ;
#379 = DIRECTION ( 'NONE',  ( -1.000000000000000000, 0.000000000000000000, 0.000000000000000000 ) ) ;
#380 = ORIENTED_EDGE ( 'NONE', *, *, #25, .T. ) ;
#381 = FACE_OUTER_BOUND ( 'NONE', #1222, .T. ) ;
#382 = CIRCLE ( 'NONE', #1380, 5.000000000000000888 ) ;
#383 = CARTESIAN_POINT ( 'NONE',  ( 15.96330719247924712, -9.024974479412271933, 28.01223093584016510 ) ) ;
#384 = CARTESIAN_POINT ( 'NONE',  ( -7.487755058458264834, -7.336693412464012631, 27.48775505845814848 ) ) ;
#385 = VERTEX_POINT ( 'NONE', #988 ) ;
#386 = CARTESIAN_POINT ( 'NONE',  ( 6.954087903777296020, -7.228513134193962131, 26.95408790377629060 ) ) ;
#387 = CIRCLE ( 'NONE', #461, 2.500000000000000444 ) ;
#388 = DIRECTION ( 'NONE',  ( 1.387778780781446464E-15, -1.000000000000000000, 0.000000000000000000 ) ) ;
#389 = CARTESIAN_POINT ( 'NONE',  ( 17.49999999999999645, -9.999999999999998224, 30.00000000000000000 ) ) ;
#390 = ORIENTED_EDGE ( 'NONE', *, *, #467, .T. ) ;
#391 = ORIENTED_EDGE ( 'NONE', *, *, #1074, .F. ) ;
#392 = EDGE_CURVE ( 'NONE', #1212, #369, #775, .T. ) ;
#393 = CARTESIAN_POINT ( 'NONE',  ( 16.74124720373093211, -8.607878015528763527, 27.75291759875602438 ) ) ;
#394 = CARTESIAN_POINT ( 'NONE',  ( -7.532076009390768156, -7.907485497152912934, 22.59622802817264642 ) ) ;
#395 = ORIENTED_EDGE ( 'NONE', *, *, #1317, .F. ) ;
#396 = CARTESIAN_POINT ( 'NONE',  ( 6.928072648051968763, -7.605643001520954627, 26.92807264805291467 ) ) ;
#397 = LINE ( 'NONE', #287, #573 ) ;
#398 = CARTESIAN_POINT ( 'NONE',  ( -17.50000000000000000, -7.499999999999998224, 27.49999999999999645 ) ) ;
#399 = CARTESIAN_POINT ( 'NONE',  ( -12.47994280816273971, -7.826461210644310995, 22.56017157551182706 ) ) ;
#400 = ORIENTED_EDGE ( 'NONE', *, *, #232, .T. ) ;
#401 = CARTESIAN_POINT ( 'NONE',  ( 0.000000000000000000, 0.000000000000000000, 1.500000000000000000 ) ) ;
#402 = AXIS2_PLACEMENT_3D ( 'NONE', #297, #308, #882 ) ;
#403 = ORIENTED_EDGE ( 'NONE', *, *, #1145, .F. ) ;
#404 =( BOUNDED_CURVE ( )  B_SPLINE_CURVE ( 3, ( #822, #1287, #10, #18 ),
 .UNSPECIFIED., .F., .F. ) 
 B_SPLINE_CURVE_WITH_KNOTS ( ( 4, 4 ),
 ( 0.000000000000000000, 1.570796326794896558 ),
 .UNSPECIFIED. ) 
 CURVE ( )  GEOMETRIC_REPRESENTATION_ITEM ( )  RATIONAL_B_SPLINE_CURVE ( ( 1.000000000000000000, 0.8047378541243649375, 0.8047378541243649375, 1.000000000000000000 ) ) 
 REPRESENTATION_ITEM ( '' )  );
#405 = CARTESIAN_POINT ( 'NONE',  ( 7.141789355938809258, -8.328296306544803684, 27.14178935593982089 ) ) ;
#406 = SURFACE_STYLE_USAGE ( .BOTH. , #986 ) ;
#407 = LINE ( 'NONE', #535, #69 ) ;
#408 = CARTESIAN_POINT ( 'NONE',  ( -12.49999999999999645, -7.581812308444916937, 22.50000000000000000 ) ) ;
#409 = ORIENTED_EDGE ( 'NONE', *, *, #760, .T. ) ;
#410 = LINE ( 'NONE', #783, #579 ) ;
#411 = EDGE_LOOP ( 'NONE', ( #33, #993, #1342 ) ) ;
#412 = DIRECTION ( 'NONE',  ( 1.000000000000000000, 0.000000000000000000, 0.000000000000000000 ) ) ;
#413 = AXIS2_PLACEMENT_3D ( 'NONE', #1113, #1008, #64 ) ;
#414 = CARTESIAN_POINT ( 'NONE',  ( 7.504019174801762837, -7.663624491003473871, 22.51205752440522190 ) ) ;
#415 =( BOUNDED_SURFACE ( )  B_SPLINE_SURFACE ( 3, 2, ( 
 ( #1050, #1285, #481 ),
 ( #231, #715, #926 ),
 ( #137, #1291, #698 ),
 ( #463, #1175, #1157 ),
 ( #127, #1170, #707 ),
 ( #605, #584, #490 ),
 ( #1387, #1404, #576 ),
 ( #254, #1070, #113 ),
 ( #693, #374, #954 ),
 ( #121, #1412, #945 ),
 ( #840, #364, #817 ),
 ( #344, #810, #1501 ),
 ( #1307, #1276, #262 ),
 ( #107, #1163, #1506 ),
 ( #469, #350, #933 ),
 ( #1391, #588, #1057 ),
 ( #597, #7, #474 ),
 ( #938, #1396, #1063 ),
 ( #357, #14, #825 ),
 ( #244, #831, #1299 ),
 ( #1319, #384, #1202 ),
 ( #1472, #860, #658 ),
 ( #394, #82, #851 ),
 ( #1233, #272, #1241 ),
 ( #283, #624, #1326 ),
 ( #1436, #736, #317 ),
 ( #430, #189, #158 ),
 ( #1479, #205, #545 ),
 ( #437, #1465, #973 ),
 ( #1091, #903, #896 ),
 ( #423, #963, #1423 ),
 ( #1360, #552, #43 ),
 ( #196, #509, #782 ),
 ( #765, #651, #1122 ),
 ( #538, #1248, #32 ),
 ( #1137, #726, #1130 ),
 ( #1367, #73, #772 ),
 ( #1192, #499, #1004 ) ),
 .UNSPECIFIED., .F., .F., .T. ) 
 B_SPLINE_SURFACE_WITH_KNOTS ( ( 4, 2, 2, 2, 2, 2, 2, 2, 2, 2, 2, 2, 2, 2, 2, 2, 2, 2, 4 ),
 ( 3, 3 ),
 ( 4.712388980384689674, 4.908738521234051966, 5.105088062083414258, 5.301437602932775661, 5.497787143782137953, 5.694136684631500245, 5.890486225480861648, 6.086835766330223940, 6.185010536754905530, 6.283185307179586232, 6.381360077604266934, 6.479534848028948524, 6.675884388878310816, 6.872233929727672219, 7.068583470577034511, 7.264933011426396803, 7.461282552275758206, 7.657632093125120498, 7.853981633974482790 ),
 ( 0.000000000000000000, 1.000000000000000000 ),
 .UNSPECIFIED. ) 
 GEOMETRIC_REPRESENTATION_ITEM ( )  RATIONAL_B_SPLINE_SURFACE ( (
 ( 1.000000000000000000, 1.000000000000000000, 1.000000000000000000),
 ( 1.000000000000000000, 1.000009746425174040, 1.000000000000000000),
 ( 1.000000000000000000, 0.9967613244414756934, 1.000000000000000000),
 ( 1.000000000000000000, 0.9841171505062651370, 1.000000000000000000),
 ( 1.000000000000000000, 0.9747108043222468821, 1.000000000000000000),
 ( 1.000000000000000000, 0.9506740354400665671, 1.000000000000000000),
 ( 1.000000000000000000, 0.9360421842008355142, 1.000000000000000000),
 ( 1.000000000000000000, 0.9031650994855603409, 1.000000000000000000),
 ( 1.000000000000000000, 0.8849191470250530323, 1.000000000000000000),
 ( 1.000000000000000000, 0.8471316605438259373, 1.000000000000000000),
 ( 1.000000000000000000, 0.8275942694442254277, 1.000000000000000000),
 ( 1.000000000000000000, 0.7902180087991161894, 1.000000000000000000),
 ( 1.000000000000000000, 0.7723968216422999467, 1.000000000000000000),
 ( 1.000000000000000000, 0.7418334180549046586, 1.000000000000000000),
 ( 1.000000000000000000, 0.7291288938887634519, 1.000000000000000000),
 ( 1.000000000000000000, 0.7160917254631062878, 1.000000000000000000),
 ( 1.000000000000000000, 0.7127418075410414389, 1.000000000000000000),
 ( 1.000000000000000000, 0.7082489452778391037, 1.000000000000000000),
 ( 1.000000000000000000, 0.7071067811865473507, 1.000000000000000000),
 ( 1.000000000000000000, 0.7071067811865473507, 1.000000000000000000),
 ( 1.000000000000000000, 0.7082489452778526484, 1.000000000000000000),
 ( 1.000000000000000000, 0.7127418075410276721, 1.000000000000000000),
 ( 1.000000000000000000, 0.7160917254630783102, 1.000000000000000000),
 ( 1.000000000000000000, 0.7291288938888187410, 1.000000000000000000),
 ( 1.000000000000000000, 0.7418334180549041035, 1.000000000000000000),
 ( 1.000000000000000000, 0.7723968216422993915, 1.000000000000000000),
 ( 1.000000000000000000, 0.7902180087992094482, 1.000000000000000000),
 ( 1.000000000000000000, 0.8275942694441317249, 1.000000000000000000),
 ( 1.000000000000000000, 0.8471316605438911074, 1.000000000000000000),
 ( 1.000000000000000000, 0.8849191470249845315, 1.000000000000000000),
 ( 1.000000000000000000, 0.9031650994855600079, 1.000000000000000000),
 ( 1.000000000000000000, 0.9360421842008351812, 1.000000000000000000),
 ( 1.000000000000000000, 0.9506740354400660120, 1.000000000000000000),
 ( 1.000000000000000000, 0.9747108043222463269, 1.000000000000000000),
 ( 1.000000000000000000, 0.9841171505062649150, 1.000000000000000000),
 ( 1.000000000000000000, 0.9967613244414754714, 1.000000000000000000),
 ( 1.000000000000000000, 1.000009746425174484, 1.000000000000000000),
 ( 1.000000000000000000, 1.000000000000000000, 1.000000000000000000) ) ) 
 REPRESENTATION_ITEM ( '' )  SURFACE ( )  );
#416 = EDGE_CURVE ( 'NONE', #583, #837, #407, .T. ) ;
#417 = FACE_OUTER_BOUND ( 'NONE', #1104, .T. ) ;
#418 = CARTESIAN_POINT ( 'NONE',  ( -12.46792399060917411, -7.907485497153187382, 22.59622802817264642 ) ) ;
#419 = CARTESIAN_POINT ( 'NONE',  ( 9.999999999999998224, -9.999999999999985789, 0.000000000000000000 ) ) ;
#420 = CARTESIAN_POINT ( 'NONE',  ( 9.343535003338480749, -9.950733329482995160, 29.34353500334025355 ) ) ;
#421 = CARTESIAN_POINT ( 'NONE',  ( 10.00000000000000178, -5.000000000000003553, 30.00000000000000000 ) ) ;
#422 = CARTESIAN_POINT ( 'NONE',  ( -12.55823443243318849, -7.807668176117511294, 27.44176556756701402 ) ) ;
#423 = CARTESIAN_POINT ( 'NONE',  ( -8.475025520517801780, -9.487769064113116713, 25.42507656155389029 ) ) ;
#424 = EDGE_CURVE ( 'NONE', #29, #942, #1121, .T. ) ;
#425 = CARTESIAN_POINT ( 'NONE',  ( -11.27949200990033596, -9.761721229573009140, 28.72050799009965516 ) ) ;
#426 = DIRECTION ( 'NONE',  ( -1.000000000000000000, 1.239088197126290570E-16, 0.000000000000000000 ) ) ;
#427 = AXIS2_PLACEMENT_3D ( 'NONE', #1106, #27, #267 ) ;
#428 = CARTESIAN_POINT ( 'NONE',  ( 15.65040108775684757, -5.847933123319504212, 28.11653297074775892 ) ) ;
#429 = CARTESIAN_POINT ( 'NONE',  ( -17.40377197182735358, -7.092514502846812618, 27.53207600939082411 ) ) ;
#430 = CARTESIAN_POINT ( 'NONE',  ( -7.830421002646890116, -8.752876685685397007, 23.49126300794204525 ) ) ;
#431 = CARTESIAN_POINT ( 'NONE',  ( -10.98173556715022059, -9.983884780253251989, 29.67275481094999989 ) ) ;
#432 = CIRCLE ( 'NONE', #168, 2.499999999999998668 ) ;
#433 = CARTESIAN_POINT ( 'NONE',  ( 7.894205178046989069, -5.734686075793868021, 27.89420517804874322 ) ) ;
#434 = CARTESIAN_POINT ( 'NONE',  ( 12.81400464533011352, -8.029944141088234844, 27.18599535467175698 ) ) ;
#435 = CARTESIAN_POINT ( 'NONE',  ( -9.999999999999980460, -4.999999999999999112, 30.00000000000002132 ) ) ;
#436 = AXIS2_PLACEMENT_3D ( 'NONE', #1503, #333, #589 ) ;
#437 = CARTESIAN_POINT ( 'NONE',  ( -8.116532970747879716, -9.152066876680617469, 24.34959891224364625 ) ) ;
#438 = CARTESIAN_POINT ( 'NONE',  ( 17.49999999999999645, -7.500000000000000888, 30.00000000000000000 ) ) ;
#439 = EDGE_CURVE ( 'NONE', #1499, #829, #1488, .T. ) ;
#440 = CARTESIAN_POINT ( 'NONE',  ( 8.055380736908297479, -5.079958378237086514, 29.35179357896947394 ) ) ;
#441 = ADVANCED_FACE ( 'NONE', ( #887 ), #1188, .F. ) ;
#442 = DIRECTION ( 'NONE',  ( 0.000000000000000000, 0.000000000000000000, -1.000000000000000000 ) ) ;
#443 = CARTESIAN_POINT ( 'NONE',  ( 12.47994280816273971, -7.173538789355687229, 22.56017157551183061 ) ) ;
#444 = CARTESIAN_POINT ( 'NONE',  ( -15.96330719247924357, -5.975025520587387007, 28.01223093584038182 ) ) ;
#445 = ORIENTED_EDGE ( 'NONE', *, *, #485, .F. ) ;
#446 = CARTESIAN_POINT ( 'NONE',  ( 3.491263007940833329, -6.247123314314715792, 27.83042100264681906 ) ) ;
#447 = DIRECTION ( 'NONE',  ( -0.000000000000000000, -0.000000000000000000, -1.000000000000000000 ) ) ;
#448 = DIRECTION ( 'NONE',  ( -0.000000000000000000, -0.000000000000000000, -1.000000000000000000 ) ) ;
#449 =( BOUNDED_CURVE ( )  B_SPLINE_CURVE ( 3, ( #1356, #22, #239, #1044 ),
 .UNSPECIFIED., .F., .T. ) 
 B_SPLINE_CURVE_WITH_KNOTS ( ( 4, 4 ),
 ( 4.712388980384689674, 7.853981633974482790 ),
 .UNSPECIFIED. ) 
 CURVE ( )  GEOMETRIC_REPRESENTATION_ITEM ( )  RATIONAL_B_SPLINE_CURVE ( ( 1.000000000000000000, 0.3333333333333333703, 0.3333333333333333703, 1.000000000000000000 ) ) 
 REPRESENTATION_ITEM ( '' )  );
#450 = ORIENTED_EDGE ( 'NONE', *, *, #330, .T. ) ;
#451 = DIRECTION ( 'NONE',  ( -0.000000000000000000, -0.000000000000000000, -1.000000000000000000 ) ) ;
#452 = CARTESIAN_POINT ( 'NONE',  ( 7.660858881155417244, -5.950632984408566806, 27.66085888115378566 ) ) ;
#453 = CARTESIAN_POINT ( 'NONE',  ( 13.03827424415293912, -7.160447745627692484, 26.96172575584492392 ) ) ;
#454 = AXIS2_PLACEMENT_3D ( 'NONE', #904, #526, #885 ) ;
#455 = CARTESIAN_POINT ( 'NONE',  ( -11.57647128883329835, -5.380284697197981636, 28.42352871116613144 ) ) ;
#456 = EDGE_CURVE ( 'NONE', #733, #574, #459, .T. ) ;
#457 = AXIS2_PLACEMENT_3D ( 'NONE', #77, #426, #1133 ) ;
#458 = ORIENTED_EDGE ( 'NONE', *, *, #424, .T. ) ;
#459 =( BOUNDED_CURVE ( )  B_SPLINE_CURVE ( 3, ( #178, #13, #830, #136 ),
 .UNSPECIFIED., .F., .T. ) 
 B_SPLINE_CURVE_WITH_KNOTS ( ( 4, 4 ),
 ( 4.712388980384689674, 6.283185307179586232 ),
 .UNSPECIFIED. ) 
 CURVE ( )  GEOMETRIC_REPRESENTATION_ITEM ( )  RATIONAL_B_SPLINE_CURVE ( ( 1.000000000000000000, 0.8047378541243649375, 0.8047378541243649375, 1.000000000000000000 ) ) 
 REPRESENTATION_ITEM ( '' )  );
#460 = ORIENTED_EDGE ( 'NONE', *, *, #1204, .F. ) ;
#461 = AXIS2_PLACEMENT_3D ( 'NONE', #948, #935, #34 ) ;
#462 =( LENGTH_UNIT ( ) NAMED_UNIT ( * ) SI_UNIT ( .MILLI., .METRE. ) );
#463 = CARTESIAN_POINT ( 'NONE',  ( -9.351793578969418874, -5.079958378237091843, 28.05538073690831169 ) ) ;
#464 = DIRECTION ( 'NONE',  ( 0.6638367176906168066, 0.7478775382679627715, -0.000000000000000000 ) ) ;
#465 = CARTESIAN_POINT ( 'NONE',  ( 9.999999999999998224, -8.999999999999987566, 2.500000000000000000 ) ) ;
#466 = ORIENTED_EDGE ( 'NONE', *, *, #1145, .T. ) ;
#467 = EDGE_CURVE ( 'NONE', #1419, #829, #335, .T. ) ;
#468 =( BOUNDED_CURVE ( )  B_SPLINE_CURVE ( 3, ( #655, #1016, #557, #541 ),
 .UNSPECIFIED., .F., .T. ) 
 B_SPLINE_CURVE_WITH_KNOTS ( ( 4, 4 ),
 ( 4.712388980384689674, 6.283185307179586232 ),
 .UNSPECIFIED. ) 
 CURVE ( )  GEOMETRIC_REPRESENTATION_ITEM ( )  RATIONAL_B_SPLINE_CURVE ( ( 1.000000000000000000, 0.8047378541243649375, 0.8047378541243649375, 1.000000000000000000 ) ) 
 REPRESENTATION_ITEM ( '' )  );
#469 = CARTESIAN_POINT ( 'NONE',  ( -7.579958378194147528, -6.851793579185324390, 22.73987513458202159 ) ) ;
#470 = CIRCLE ( 'NONE', #402, 2.499999999999999556 ) ;
#471 = DIRECTION ( 'NONE',  ( -1.000000000000000000, 1.239088197126290570E-16, 0.000000000000000000 ) ) ;
#472 = DIRECTION ( 'NONE',  ( -0.000000000000000000, -0.000000000000000000, -1.000000000000000000 ) ) ;
#473 = EDGE_LOOP ( 'NONE', ( #355, #867, #1144 ) ) ;
#474 = CARTESIAN_POINT ( 'NONE',  ( -2.560171575511823505, -7.173538789355792922, 27.52005719183724963 ) ) ;
#475 = CARTESIAN_POINT ( 'NONE',  ( -3.739387691339814523, 3.319183588453085143, 0.000000000000000000 ) ) ;
#476 = CARTESIAN_POINT ( 'NONE',  ( -9.638097359481912818, -9.980321095947214616, 1.728903629316551394 ) ) ;
#477 = DIRECTION ( 'NONE',  ( 1.000000000000000000, 1.734723475976694682E-15, 1.110223024625084557E-15 ) ) ;
#478 = ORIENTED_EDGE ( 'NONE', *, *, #6, .F. ) ;
#479 = ORIENTED_EDGE ( 'NONE', *, *, #759, .F. ) ;
#480 = CARTESIAN_POINT ( 'NONE',  ( 13.75863005684738205, -9.669578997399941755, 28.74712331438469448 ) ) ;
#481 = CARTESIAN_POINT ( 'NONE',  ( -9.999999999999998224, -4.999999999999999112, 30.00000000000000000 ) ) ;
#482 = EDGE_CURVE ( 'NONE', #218, #837, #1498, .T. ) ;
#483 = CARTESIAN_POINT ( 'NONE',  ( 0.000000000000000000, 0.000000000000000000, 2.499999999999999556 ) ) ;
#484 = CARTESIAN_POINT ( 'NONE',  ( -2.499999999999999556, 0.000000000000000000, -4.592425496802569288E-17 ) ) ;
#485 = EDGE_CURVE ( 'NONE', #20, #846, #31, .T. ) ;
#486 = DIRECTION ( 'NONE',  ( -0.000000000000000000, -0.000000000000000000, -1.000000000000000000 ) ) ;
#487 = ORIENTED_EDGE ( 'NONE', *, *, #1055, .T. ) ;
#488 = CARTESIAN_POINT ( 'NONE',  ( 2.991510153071852418, 2.655346870762468559, 2.500000000000000000 ) ) ;
#489 = DIRECTION ( 'NONE',  ( 1.387778780781446464E-15, -1.000000000000000000, 0.000000000000000000 ) ) ;
#490 = CARTESIAN_POINT ( 'NONE',  ( -6.676365952965332085, -5.252917598818163114, 28.89212198432121070 ) ) ;
#491 = ORIENTED_EDGE ( 'NONE', *, *, #1434, .T. ) ;
#492 = DIRECTION ( 'NONE',  ( -1.000000000000000000, -1.858632295689323985E-15, 1.110223024625084754E-15 ) ) ;
#493 = DIRECTION ( 'NONE',  ( 0.000000000000000000, 0.000000000000000000, 1.000000000000000000 ) ) ;
#494 = CARTESIAN_POINT ( 'NONE',  ( -8.535533905932735976, -4.999999999999999112, 25.60660171779820971 ) ) ;
#495 = ORIENTED_EDGE ( 'NONE', *, *, #1269, .T. ) ;
#496 = CARTESIAN_POINT ( 'NONE',  ( 9.638136015798520972, -9.980327007970247521, 1.728879439184776601 ) ) ;
#497 = VECTOR ( 'NONE', #719, 1000.000000000000000 ) ;
#498 = CARTESIAN_POINT ( 'NONE',  ( 12.49999999999999645, -7.499999999999997335, 2.500000000000000000 ) ) ;
#499 = CARTESIAN_POINT ( 'NONE',  ( -10.00000000000001599, -9.999999999999994671, 30.00000000000002132 ) ) ;
#500 = ORIENTED_EDGE ( 'NONE', *, *, #681, .T. ) ;
#501 = CARTESIAN_POINT ( 'NONE',  ( -9.999999999999998224, -9.999999999999998224, 30.00000000000000000 ) ) ;
#502 = LINE ( 'NONE', #1338, #1234 ) ;
#503 = CARTESIAN_POINT ( 'NONE',  ( -7.999999999999996447, -9.000000000000000000, 2.500000000000000000 ) ) ;
#504 = ADVANCED_FACE ( 'NONE', ( #271, #735 ), #1201, .F. ) ;
#505 = ORIENTED_EDGE ( 'NONE', *, *, #241, .T. ) ;
#506 = CIRCLE ( 'NONE', #1395, 2.499999999999999556 ) ;
#507 = ORIENTED_EDGE ( 'NONE', *, *, #1012, .F. ) ;
#508 = CARTESIAN_POINT ( 'NONE',  ( 12.37231526131274784, -8.305539146295961572, 22.88305421606162682 ) ) ;
#509 = CARTESIAN_POINT ( 'NONE',  ( -7.894205178045220705, -9.265313924209072738, 27.89420517804873612 ) ) ;
#510 = ORIENTED_EDGE ( 'NONE', *, *, #594, .T. ) ;
#511 = CARTESIAN_POINT ( 'NONE',  ( 4.349598912242895743, -9.152066876680361673, 28.11653297074763458 ) ) ;
#512 = CIRCLE ( 'NONE', #74, 0.9999999999999998890 ) ;
#513 = DIRECTION ( 'NONE',  ( -0.000000000000000000, -0.000000000000000000, -1.000000000000000000 ) ) ;
#514 = FACE_OUTER_BOUND ( 'NONE', #185, .T. ) ;
#515 = CARTESIAN_POINT ( 'NONE',  ( -12.51224494154162414, -7.663306587536200531, 27.48775505845814848 ) ) ;
#516 = VERTEX_POINT ( 'NONE', #83 ) ;
#517 = FACE_OUTER_BOUND ( 'NONE', #613, .T. ) ;
#518 = EDGE_CURVE ( 'NONE', #1199, #1433, #382, .T. ) ;
#519 = CARTESIAN_POINT ( 'NONE',  ( 10.98173556715023658, -9.983884780253223568, 29.67275481094988265 ) ) ;
#520 = ORIENTED_EDGE ( 'NONE', *, *, #89, .F. ) ;
#521 = CARTESIAN_POINT ( 'NONE',  ( 5.425076561553627386, -9.487769064112772099, 28.47502552051729197 ) ) ;
#522 = SURFACE_STYLE_FILL_AREA ( #171 ) ;
#523 = CARTESIAN_POINT ( 'NONE',  ( -12.50000000000000000, -6.035533905932735976, 22.50000000000000000 ) ) ;
#524 = CARTESIAN_POINT ( 'NONE',  ( -12.71053665940204347, -6.993296805082089840, 27.28946334059666867 ) ) ;
#525 = ORIENTED_EDGE ( 'NONE', *, *, #984, .F. ) ;
#526 = DIRECTION ( 'NONE',  ( 0.000000000000000000, 0.000000000000000000, 1.000000000000000000 ) ) ;
#527 = ORIENTED_EDGE ( 'NONE', *, *, #1181, .T. ) ;
#528 = CARTESIAN_POINT ( 'NONE',  ( 7.830421002646971829, -8.752876685685510694, 23.49126300794107536 ) ) ;
#529 =( LENGTH_UNIT ( ) NAMED_UNIT ( * ) SI_UNIT ( .MILLI., .METRE. ) );
#530 = DIRECTION ( 'NONE',  ( -1.000000000000000000, 0.000000000000000000, 0.000000000000000000 ) ) ;
#531 = CIRCLE ( 'NONE', #114, 5.000000000000000888 ) ;
#532 = SHAPE_DEFINITION_REPRESENTATION ( #705, #1483 ) ;
#533 = CARTESIAN_POINT ( 'NONE',  ( 11.86969384566990549, -5.840408205773458761, 1.500000000000000000 ) ) ;
#534 = CARTESIAN_POINT ( 'NONE',  ( -7.499999999999998224, -7.500000000000000000, 22.50000000000000355 ) ) ;
#535 = CARTESIAN_POINT ( 'NONE',  ( 7.500000000000007105, -7.499999999999997335, 2.500000000000000000 ) ) ;
#536 = EDGE_CURVE ( 'NONE', #385, #58, #1110, .T. ) ;
#537 = CARTESIAN_POINT ( 'NONE',  ( -11.52497447948231901, -9.487769064113029671, 25.42507656155389739 ) ) ;
#538 = CARTESIAN_POINT ( 'NONE',  ( -9.351793578970161391, -9.920041621763047601, 28.05538073690948764 ) ) ;
#539 = CARTESIAN_POINT ( 'NONE',  ( -10.49087941995084350, -9.999999999999996447, 29.83637352668264953 ) ) ;
#540 = CARTESIAN_POINT ( 'NONE',  ( 7.408338633111960725, -7.870119116622838362, 27.40833863311184615 ) ) ;
#541 = CARTESIAN_POINT ( 'NONE',  ( 12.49999999999999645, -7.499999999999997335, 22.50000000000000355 ) ) ;
#542 = AXIS2_PLACEMENT_3D ( 'NONE', #814, #1294, #141 ) ;
#543 = CARTESIAN_POINT ( 'NONE',  ( 10.00000000000000178, -5.000000000000003553, 30.00000000000000000 ) ) ;
#544 = CARTESIAN_POINT ( 'NONE',  ( -17.43982842448817294, -7.826461210644203526, 27.52005719183724963 ) ) ;
#545 = CARTESIAN_POINT ( 'NONE',  ( -4.036692807520751991, -9.024974479412493977, 28.01223093584031076 ) ) ;
#546 = DIRECTION ( 'NONE',  ( -1.000000000000000000, 0.000000000000000000, 0.000000000000000000 ) ) ;
#547 = CARTESIAN_POINT ( 'NONE',  ( 9.351793578969475718, -5.079958378237086514, 28.05538073690829748 ) ) ;
#548 = CARTESIAN_POINT ( 'NONE',  ( 17.50000000000000000, 9.999999999999994671, 30.00000000000000000 ) ) ;
#549 = CARTESIAN_POINT ( 'NONE',  ( 12.10579482195240786, -5.734686075793264948, 27.89420517804759569 ) ) ;
#550 = CARTESIAN_POINT ( 'NONE',  ( -12.10579482195301715, -5.734686075792979842, 27.89420517804757083 ) ) ;
#551 = EDGE_CURVE ( 'NONE', #1274, #516, #1240, .T. ) ;
#552 = CARTESIAN_POINT ( 'NONE',  ( -7.660858881155149014, -9.049367015591712970, 27.66085888115269853 ) ) ;
#553 = CARTESIAN_POINT ( 'NONE',  ( -12.41661743844165322, -9.872315261374314588, 29.19446085385267153 ) ) ;
#554 = ADVANCED_FACE ( 'NONE', ( #877 ), #1021, .T. ) ;
#555 = AXIS2_PLACEMENT_3D ( 'NONE', #128, #139, #956 ) ;
#556 = CARTESIAN_POINT ( 'NONE',  ( 7.583382561558329016, -5.127684738625732486, 29.19446085385256140 ) ) ;
#557 = CARTESIAN_POINT ( 'NONE',  ( 12.49999999999999645, -6.035533905932736864, 22.50000000000000711 ) ) ;
#558 = CARTESIAN_POINT ( 'NONE',  ( 12.49598082519823983, -7.336375508996520800, 22.51205752440522190 ) ) ;
#559 = DIRECTION ( 'NONE',  ( 1.000000000000000000, -1.239088197126290570E-16, -0.000000000000000000 ) ) ;
#560 =( BOUNDED_CURVE ( )  B_SPLINE_CURVE ( 3, ( #367, #55, #1312, #1186 ),
 .UNSPECIFIED., .F., .T. ) 
 B_SPLINE_CURVE_WITH_KNOTS ( ( 4, 4 ),
 ( 4.712388980384689674, 7.853981633974482790 ),
 .UNSPECIFIED. ) 
 CURVE ( )  GEOMETRIC_REPRESENTATION_ITEM ( )  RATIONAL_B_SPLINE_CURVE ( ( 1.000000000000000000, 0.3333333333333333703, 0.3333333333333333703, 1.000000000000000000 ) ) 
 REPRESENTATION_ITEM ( '' )  );
#561 = ORIENTED_EDGE ( 'NONE', *, *, #1459, .F. ) ;
#562 = CARTESIAN_POINT ( 'NONE',  ( -11.16125700913128149, -5.277819422320066955, 2.051446778027040452 ) ) ;
#563 = EDGE_CURVE ( 'NONE', #20, #733, #252, .T. ) ;
#564 = CARTESIAN_POINT ( 'NONE',  ( 6.954087903776798640, -7.771486865805537825, 26.95408790377629416 ) ) ;
#565 = CARTESIAN_POINT ( 'NONE',  ( 11.98776906415953825, -5.975025520587275096, 24.03669280752075821 ) ) ;
#566 = CARTESIAN_POINT ( 'NONE',  ( -13.75863005684738027, -5.330421002600478353, 28.74712331438405499 ) ) ;
#567 =( BOUNDED_CURVE ( )  B_SPLINE_CURVE ( 3, ( #534, #1462, #1475, #785 ),
 .UNSPECIFIED., .F., .T. ) 
 B_SPLINE_CURVE_WITH_KNOTS ( ( 4, 4 ),
 ( 0.000000000000000000, 1.570796326794896558 ),
 .UNSPECIFIED. ) 
 CURVE ( )  GEOMETRIC_REPRESENTATION_ITEM ( )  RATIONAL_B_SPLINE_CURVE ( ( 1.000000000000000000, 0.8047378541243649375, 0.8047378541243649375, 1.000000000000000000 ) ) 
 REPRESENTATION_ITEM ( '' )  );
#568 = VERTEX_POINT ( 'NONE', #67 ) ;
#569 = CARTESIAN_POINT ( 'NONE',  ( 9.018264432849766976, -5.016115219746771103, 29.67275481094988265 ) ) ;
#570 = ADVANCED_FACE ( 'NONE', ( #1480 ), #992, .T. ) ;
#571 = CARTESIAN_POINT ( 'NONE',  ( 17.49999999999999645, -7.418187691555082175, 27.50000000000000711 ) ) ;
#572 = DIRECTION ( 'NONE',  ( -1.000000000000000000, 0.000000000000000000, 0.000000000000000000 ) ) ;
#573 = VECTOR ( 'NONE', #749, 1000.000000000000000 ) ;
#574 = VERTEX_POINT ( 'NONE', #1454 ) ;
#575 = CARTESIAN_POINT ( 'NONE',  ( -10.00768569810887421, -4.997815179801023966, 2.489032736378075761 ) ) ;
#576 = CARTESIAN_POINT ( 'NONE',  ( -6.241369943152344391, -5.330421002600479241, 28.74712331438405855 ) ) ;
#577 = CIRCLE ( 'NONE', #555, 2.499999999999992006 ) ;
#578 = AXIS2_PLACEMENT_3D ( 'NONE', #845, #124, #1197 ) ;
#579 = VECTOR ( 'NONE', #198, 1000.000000000000000 ) ;
#580 = CARTESIAN_POINT ( 'NONE',  ( -11.10787801567830080, -5.252917598817961498, 26.67636595296473701 ) ) ;
#581 = EDGE_CURVE ( 'NONE', #343, #733, #410, .T. ) ;
#582 = PRODUCT_DEFINITION_FORMATION_WITH_SPECIFIED_SOURCE ( 'ANY', '', #939, .NOT_KNOWN. ) ;
#583 = VERTEX_POINT ( 'NONE', #776 ) ;
#584 = CARTESIAN_POINT ( 'NONE',  ( -7.894205178047579707, -5.734686075792681414, 27.89420517804758504 ) ) ;
#585 = DIRECTION ( 'NONE',  ( -0.000000000000000000, -0.000000000000000000, -1.000000000000000000 ) ) ;
#586 = DIRECTION ( 'NONE',  ( -1.387778780781446859E-15, 1.000000000000000000, 0.000000000000000000 ) ) ;
#587 = EDGE_LOOP ( 'NONE', ( #1316, #237, #983 ) ) ;
#588 = CARTESIAN_POINT ( 'NONE',  ( -7.408338633111514859, -7.870119116623060407, 27.40833863311272012 ) ) ;
#589 = DIRECTION ( 'NONE',  ( -1.387778780781446859E-15, 1.000000000000000000, 0.000000000000000000 ) ) ;
#590 = VECTOR ( 'NONE', #731, 1000.000000000000000 ) ;
#591 = DIRECTION ( 'NONE',  ( 1.000000000000000000, 0.000000000000000000, 0.000000000000000000 ) ) ;
#592 = DIRECTION ( 'NONE',  ( -1.387778780781446859E-15, 1.000000000000000000, 0.000000000000000000 ) ) ;
#593 = EDGE_LOOP ( 'NONE', ( #847, #148, #273, #348, #478, #250, #841, #1179 ) ) ;
#594 = EDGE_CURVE ( 'NONE', #733, #583, #132, .T. ) ;
#595 = DIRECTION ( 'NONE',  ( 0.000000000000000000, 0.000000000000000000, 1.000000000000000000 ) ) ;
#596 = EDGE_CURVE ( 'NONE', #385, #633, #184, .T. ) ;
#597 = CARTESIAN_POINT ( 'NONE',  ( -7.520057191837256738, -7.173538789355697887, 22.56017157551182706 ) ) ;
#598 = CARTESIAN_POINT ( 'NONE',  ( 0.000000000000000000, 0.000000000000000000, 0.000000000000000000 ) ) ;
#599 = UNCERTAINTY_MEASURE_WITH_UNIT (LENGTH_MEASURE( 1.000000000000000082E-05 ), #529, 'distance_accuracy_value', 'NONE');
#600 = DIRECTION ( 'NONE',  ( -1.000000000000000000, 0.000000000000000000, 0.000000000000000000 ) ) ;
#601 = CARTESIAN_POINT ( 'NONE',  ( 9.794142872020719537, -5.008489846928154243, 2.500000000000000000 ) ) ;
#602 = ORIENTED_EDGE ( 'NONE', *, *, #1194, .F. ) ;
#603 = LINE ( 'NONE', #1324, #78 ) ;
#604 = CARTESIAN_POINT ( 'NONE',  ( 12.98215881623090517, -7.091747172621240658, 27.01784118376819421 ) ) ;
#605 = CARTESIAN_POINT ( 'NONE',  ( -8.892121984322093553, -5.252917598817796296, 26.67636595296475477 ) ) ;
#606 = FACE_OUTER_BOUND ( 'NONE', #593, .T. ) ;
#607 = CARTESIAN_POINT ( 'NONE',  ( 17.50000000000000000, 4.336808689942017736E-15, 30.00000000000000000 ) ) ;
#608 = LINE ( 'NONE', #835, #590 ) ;
#609 = ORIENTED_EDGE ( 'NONE', *, *, #875, .F. ) ;
#610 = ORIENTED_EDGE ( 'NONE', *, *, #616, .T. ) ;
#611 = CARTESIAN_POINT ( 'NONE',  ( 11.65206687668062635, -9.383467029252104297, 25.04379936995811917 ) ) ;
#612 = PLANE ( 'NONE',  #353 ) ;
#613 = EDGE_LOOP ( 'NONE', ( #1081, #1155, #525, #929 ) ) ;
#614 = CARTESIAN_POINT ( 'NONE',  ( 2.499999999999999556, 3.061616997868382648E-16, 0.000000000000000000 ) ) ;
#615 =( BOUNDED_SURFACE ( )  B_SPLINE_SURFACE ( 3, 2, ( 
 ( #305, #766, #1474 ),
 ( #190, #1138, #539 ),
 ( #1005, #1361, #431 ),
 ( #1466, #425, #891 ),
 ( #311, #1249, #553 ),
 ( #1355, #57, #1340 ),
 ( #888, #183, #194 ),
 ( #537, #164, #298 ),
 ( #81, #751, #638 ),
 ( #645, #876, #657 ),
 ( #309, #71, #66 ),
 ( #989, #1108, #1352 ),
 ( #1097, #1460, #1115 ),
 ( #1217, #771, #1120 ),
 ( #996, #524, #866 ),
 ( #418, #883, #1347 ),
 ( #399, #303, #544 ),
 ( #977, #1452, #1463 ),
 ( #408, #764, #1239 ),
 ( #1232, #173, #758 ),
 ( #1226, #515, #188 ),
 ( #650, #422, #1129 ),
 ( #1010, #1470, #429 ),
 ( #895, #1442, #743 ),
 ( #1332, #277, #48 ),
 ( #289, #1160, #1496 ),
 ( #689, #1135, #223 ),
 ( #340, #1491, #444 ),
 ( #664, #1378, #1358 ),
 ( #336, #909, #914 ),
 ( #923, #788, #109 ),
 ( #1504, #807, #566 ),
 ( #580, #550, #1141 ),
 ( #1254, #455, #1018 ),
 ( #1273, #1150, #1477 ),
 ( #227, #87, #671 ),
 ( #315, #1268, #1046 ),
 ( #1031, #435, #902 ) ),
 .UNSPECIFIED., .F., .F., .F. ) 
 B_SPLINE_SURFACE_WITH_KNOTS ( ( 4, 2, 2, 2, 2, 2, 2, 2, 2, 2, 2, 2, 2, 2, 2, 2, 2, 2, 4 ),
 ( 3, 3 ),
 ( 4.712388980384689674, 4.908738521234051966, 5.105088062083414258, 5.301437602932775661, 5.497787143782137953, 5.694136684631500245, 5.890486225480861648, 6.086835766330223940, 6.185010536754905530, 6.283185307179586232, 6.381360077604266934, 6.479534848028948524, 6.675884388878310816, 6.872233929727672219, 7.068583470577034511, 7.264933011426396803, 7.461282552275758206, 7.657632093125120498, 7.853981633974482790 ),
 ( 0.000000000000000000, 1.000000000000000000 ),
 .UNSPECIFIED. ) 
 GEOMETRIC_REPRESENTATION_ITEM ( )  RATIONAL_B_SPLINE_SURFACE ( (
 ( 1.000000000000000000, 1.000000000000000000, 1.000000000000000000),
 ( 1.000000000000000000, 1.000009746425174040, 1.000000000000000000),
 ( 1.000000000000000000, 0.9967613244414756934, 1.000000000000000000),
 ( 1.000000000000000000, 0.9841171505062651370, 1.000000000000000000),
 ( 1.000000000000000000, 0.9747108043222468821, 1.000000000000000000),
 ( 1.000000000000000000, 0.9506740354400665671, 1.000000000000000000),
 ( 1.000000000000000000, 0.9360421842008354032, 1.000000000000000000),
 ( 1.000000000000000000, 0.9031650994855602299, 1.000000000000000000),
 ( 1.000000000000000000, 0.8849191470249859748, 1.000000000000000000),
 ( 1.000000000000000000, 0.8471316605438925507, 1.000000000000000000),
 ( 1.000000000000000000, 0.8275942694442254277, 1.000000000000000000),
 ( 1.000000000000000000, 0.7902180087991161894, 1.000000000000000000),
 ( 1.000000000000000000, 0.7723968216422709698, 1.000000000000000000),
 ( 1.000000000000000000, 0.7418334180549339685, 1.000000000000000000),
 ( 1.000000000000000000, 0.7291288938887634519, 1.000000000000000000),
 ( 1.000000000000000000, 0.7160917254631062878, 1.000000000000000000),
 ( 1.000000000000000000, 0.7127418075410414389, 1.000000000000000000),
 ( 1.000000000000000000, 0.7082489452778391037, 1.000000000000000000),
 ( 1.000000000000000000, 0.7071067811865473507, 1.000000000000000000),
 ( 1.000000000000000000, 0.7071067811865473507, 1.000000000000000000),
 ( 1.000000000000000000, 0.7082489452778526484, 1.000000000000000000),
 ( 1.000000000000000000, 0.7127418075410276721, 1.000000000000000000),
 ( 1.000000000000000000, 0.7160917254630644324, 1.000000000000000000),
 ( 1.000000000000000000, 0.7291288938888464966, 1.000000000000000000),
 ( 1.000000000000000000, 0.7418334180549041035, 1.000000000000000000),
 ( 1.000000000000000000, 0.7723968216422993915, 1.000000000000000000),
 ( 1.000000000000000000, 0.7902180087992407564, 1.000000000000000000),
 ( 1.000000000000000000, 0.8275942694441006386, 1.000000000000000000),
 ( 1.000000000000000000, 0.8471316605438243830, 1.000000000000000000),
 ( 1.000000000000000000, 0.8849191470250514779, 1.000000000000000000),
 ( 1.000000000000000000, 0.9031650994855245917, 1.000000000000000000),
 ( 1.000000000000000000, 0.9360421842008707083, 1.000000000000000000),
 ( 1.000000000000000000, 0.9506740354400660120, 1.000000000000000000),
 ( 1.000000000000000000, 0.9747108043222463269, 1.000000000000000000),
 ( 1.000000000000000000, 0.9841171505062649150, 1.000000000000000000),
 ( 1.000000000000000000, 0.9967613244414754714, 1.000000000000000000),
 ( 1.000000000000000000, 1.000009746425174484, 1.000000000000000000),
 ( 1.000000000000000000, 1.000000000000000000, 1.000000000000000000) ) ) 
 REPRESENTATION_ITEM ( '' )  SURFACE ( )  );
#616 = EDGE_CURVE ( 'NONE', #1376, #1453, #75, .T. ) ;
#617 = CARTESIAN_POINT ( 'NONE',  ( -7.999999999999996447, -9.000000000000000000, 2.500000000000000000 ) ) ;
#618 = CARTESIAN_POINT ( 'NONE',  ( 17.49999999999999645, -5.000000000000001776, 30.00000000000000000 ) ) ;
#619 = CARTESIAN_POINT ( 'NONE',  ( 2.991510153071851974, 2.655346870762469891, 1.500000000000000000 ) ) ;
#620 = ORIENTED_EDGE ( 'NONE', *, *, #836, .F. ) ;
#621 = CARTESIAN_POINT ( 'NONE',  ( 9.108966101314786457, -9.843643094088395884, 2.051446778027036455 ) ) ;
#622 = CIRCLE ( 'NONE', #427, 9.999999999999994671 ) ;
#623 = CARTESIAN_POINT ( 'NONE',  ( 10.49087941995002282, -9.999999999999991118, 29.83637352668011644 ) ) ;
#624 = CARTESIAN_POINT ( 'NONE',  ( -7.185995354671053548, -6.970055858910828128, 27.18599535467174988 ) ) ;
#625 = ORIENTED_EDGE ( 'NONE', *, *, #1027, .F. ) ;
#626 = CARTESIAN_POINT ( 'NONE',  ( 7.579958378194144863, -8.148206420814629425, 22.73987513458202514 ) ) ;
#627 = CARTESIAN_POINT ( 'NONE',  ( -17.49999999999999645, 9.999999999999998224, 30.00000000000000000 ) ) ;
#628 = FACE_OUTER_BOUND ( 'NONE', #1401, .T. ) ;
#629 = ORIENTED_EDGE ( 'NONE', *, *, #416, .T. ) ;
#630 = VECTOR ( 'NONE', #842, 1000.000000000000000 ) ;
#631 = CARTESIAN_POINT ( 'NONE',  ( 9.283541890762402105, -9.902010696736486040, 1.946993896166824722 ) ) ;
#632 = CARTESIAN_POINT ( 'NONE',  ( 9.999999999999984013, -9.999999999999991118, 30.00000000000002132 ) ) ;
#633 = VERTEX_POINT ( 'NONE', #419 ) ;
#634 = DIRECTION ( 'NONE',  ( 0.000000000000000000, 0.000000000000000000, 1.000000000000000000 ) ) ;
#635 = CARTESIAN_POINT ( 'NONE',  ( -12.49999999999999822, -7.500000000000000000, 22.50000000000000355 ) ) ;
#636 = LINE ( 'NONE', #627, #497 ) ;
#637 = CARTESIAN_POINT ( 'NONE',  ( -17.50000000000000000, 0.000000000000000000, 30.00000000000000000 ) ) ;
#638 = CARTESIAN_POINT ( 'NONE',  ( -14.95620063004080968, -9.383467029252898328, 28.34793312332016413 ) ) ;
#639 = ORIENTED_EDGE ( 'NONE', *, *, #662, .F. ) ;
#640 = CARTESIAN_POINT ( 'NONE',  ( 17.50000000000000000, 4.336808689942017736E-15, 30.00000000000000000 ) ) ;
#641 = ORIENTED_EDGE ( 'NONE', *, *, #217, .T. ) ;
#642 = CARTESIAN_POINT ( 'NONE',  ( 2.560171575511937636, -7.826461210644309219, 27.52005719183726029 ) ) ;
#643 = CYLINDRICAL_SURFACE ( 'NONE', #457, 2.499999999999997780 ) ;
#644 = CARTESIAN_POINT ( 'NONE',  ( -9.999999999999998224, -7.500000000000000000, 2.500000000000000000 ) ) ;
#645 = CARTESIAN_POINT ( 'NONE',  ( -11.88346702925210607, -9.152066876680628127, 24.34959891224263018 ) ) ;
#646 = DIRECTION ( 'NONE',  ( -0.000000000000000000, -0.000000000000000000, -1.000000000000000000 ) ) ;
#647 = ADVANCED_FACE ( 'NONE', ( #1131 ), #615, .F. ) ;
#648 = CARTESIAN_POINT ( 'NONE',  ( 2.512057524405119313, -7.663624491003474759, 27.50401917480176195 ) ) ;
#649 = DIRECTION ( 'NONE',  ( 0.000000000000000000, 0.000000000000000000, 1.000000000000000000 ) ) ;
#650 = CARTESIAN_POINT ( 'NONE',  ( -12.47994280816273971, -7.173538789355689893, 22.56017157551182351 ) ) ;
#651 = CARTESIAN_POINT ( 'NONE',  ( -8.423528711168421168, -9.619715302800011969, 28.42352871116498392 ) ) ;
#652 = AXIS2_PLACEMENT_3D ( 'NONE', #1339, #1119, #70 ) ;
#653 = CARTESIAN_POINT ( 'NONE',  ( 17.49999999999999645, -7.500000000000000888, 30.00000000000000000 ) ) ;
#654 = CARTESIAN_POINT ( 'NONE',  ( 7.408338633112617089, -7.129880883376721101, 27.40833863311229024 ) ) ;
#655 = CARTESIAN_POINT ( 'NONE',  ( 10.00000000000000178, -5.000000000000002665, 30.00000000000000000 ) ) ;
#656 = CARTESIAN_POINT ( 'NONE',  ( 17.49999999999999645, -5.000000000000001776, 30.00000000000000000 ) ) ;
#657 = CARTESIAN_POINT ( 'NONE',  ( -15.65040108775736805, -9.152066876679842977, 28.11653297074710878 ) ) ;
#658 = CARTESIAN_POINT ( 'NONE',  ( -2.560171575511822617, -7.826461210644201749, 27.52005719183724608 ) ) ;
#659 = CARTESIAN_POINT ( 'NONE',  ( 0.000000000000000000, 0.000000000000000000, 2.499999999999999556 ) ) ;
#660 = CARTESIAN_POINT ( 'NONE',  ( 7.141789355938803929, -6.671703693456222162, 27.14178935593879416 ) ) ;
#661 = VECTOR ( 'NONE', #753, 1000.000000000000000 ) ;
#662 = EDGE_CURVE ( 'NONE', #224, #1425, #794, .T. ) ;
#663 = CARTESIAN_POINT ( 'NONE',  ( 12.42004162180583826, -8.148206420814748441, 22.73987513458288845 ) ) ;
#664 = CARTESIAN_POINT ( 'NONE',  ( -11.88346702925237608, -5.847933123319640103, 24.34959891224364625 ) ) ;
#665 = CARTESIAN_POINT ( 'NONE',  ( -7.499999999999998224, -7.500000000000000000, 2.500000000000000000 ) ) ;
#666 = CIRCLE ( 'NONE', #1255, 2.500000000000000444 ) ;
#667 = CARTESIAN_POINT ( 'NONE',  ( 9.999999999999998224, -9.999999999999985789, 2.500000000000000000 ) ) ;
#668 =( NAMED_UNIT ( * ) SI_UNIT ( $, .STERADIAN. ) SOLID_ANGLE_UNIT ( ) );
#669 = CARTESIAN_POINT ( 'NONE',  ( 4.036692807521000681, -5.975025520587276873, 28.01223093584046353 ) ) ;
#670 = CARTESIAN_POINT ( 'NONE',  ( 12.59166136688815030, -7.129880883376721989, 27.40833863311184615 ) ) ;
#671 = CARTESIAN_POINT ( 'NONE',  ( -10.98173556715083166, -5.016115219746971832, 29.67275481094884526 ) ) ;
#672 = DIRECTION ( 'NONE',  ( 0.000000000000000000, 0.000000000000000000, 1.000000000000000000 ) ) ;
#673 = EDGE_LOOP ( 'NONE', ( #284, #943, #131, #1068, #50, #1500, #391, #1077 ) ) ;
#674 = CARTESIAN_POINT ( 'NONE',  ( -11.75032868035055955, -5.705931573771928278, 1.613722238258702202 ) ) ;
#675 = CARTESIAN_POINT ( 'NONE',  ( 4.349598912242867321, -5.847933123319513093, 28.11653297074775182 ) ) ;
#676 = VECTOR ( 'NONE', #464, 1000.000000000000114 ) ;
#677 = CARTESIAN_POINT ( 'NONE',  ( 17.48794247559477810, -7.663624491003473871, 27.50401917480176195 ) ) ;
#678 = DIRECTION ( 'NONE',  ( 0.6638367176906169176, 0.7478775382679628825, -0.000000000000000000 ) ) ;
#679 = ORIENTED_EDGE ( 'NONE', *, *, #984, .T. ) ;
#680 = B_SPLINE_CURVE_WITH_KNOTS ( 'NONE', 3,
 ( #940, #729, #928, #1301, #843, #1388, #1286, #1406, #1392, #346, #694, #1196 ),
 .UNSPECIFIED., .F., .F.,
 ( 4, 2, 2, 2, 2, 4 ),
 ( -1.000001020416513684E-05, 0.0006317911005811755864, 0.001273582211366516186, 0.001915373322151857219, 0.002236268877544527085, 0.002557164432937197168 ),
 .UNSPECIFIED. ) ;
#681 = EDGE_CURVE ( 'NONE', #1453, #961, #531, .T. ) ;
#682 = ORIENTED_EDGE ( 'NONE', *, *, #1256, .T. ) ;
#683 = CARTESIAN_POINT ( 'NONE',  ( -14.39339828220178852, -9.999999999999996447, 28.53553390593273775 ) ) ;
#684 = CARTESIAN_POINT ( 'NONE',  ( 7.520057191837254074, -7.173538789355804468, 22.56017157551183061 ) ) ;
#685 = CARTESIAN_POINT ( 'NONE',  ( 11.94461926309109501, -5.079958378237095395, 29.35179357896942065 ) ) ;
#686 = DIRECTION ( 'NONE',  ( 1.000000000000000000, 6.938893903907230350E-16, -0.000000000000000000 ) ) ;
#687 = ORIENTED_EDGE ( 'NONE', *, *, #1027, .T. ) ;
#688 = CARTESIAN_POINT ( 'NONE',  ( 7.532076009390812565, -7.092514502846896107, 22.59622802817221299 ) ) ;
#689 = CARTESIAN_POINT ( 'NONE',  ( -12.16957899735310633, -6.247123314314602105, 23.49126300794204525 ) ) ;
#690 = TOROIDAL_SURFACE ( 'NONE', #1086, 7.500000000000000000, 2.499999999999998668 ) ;
#691 = ORIENTED_EDGE ( 'NONE', *, *, #875, .T. ) ;
#692 = EDGE_LOOP ( 'NONE', ( #11, #1151, #356, #610 ) ) ;
#693 = CARTESIAN_POINT ( 'NONE',  ( -8.347933123319773330, -5.616532970747490694, 25.04379936995918854 ) ) ;
#694 = CARTESIAN_POINT ( 'NONE',  ( 9.901749982115925164, -4.999598977827327317, 2.500000000000000000 ) ) ;
#695 = TOROIDAL_SURFACE ( 'NONE', #238, 7.499999999999998224, 2.499999999999998668 ) ;
#696 = ORIENTED_EDGE ( 'NONE', *, *, #1464, .F. ) ;
#697 = VERTEX_POINT ( 'NONE', #1366 ) ;
#698 = CARTESIAN_POINT ( 'NONE',  ( -9.018264432849775858, -5.016115219746765774, 29.67275481094988621 ) ) ;
#699 = CARTESIAN_POINT ( 'NONE',  ( 3.739387691339815412, 3.319183588453086031, 2.500000000000000000 ) ) ;
#700 = CARTESIAN_POINT ( 'NONE',  ( 17.50000000000000000, 4.336808689942017736E-15, 30.00000000000000000 ) ) ;
#701 = ADVANCED_FACE ( 'NONE', ( #321 ), #210, .T. ) ;
#702 = CYLINDRICAL_SURFACE ( 'NONE', #1198, 2.499999999999995115 ) ;
#703 = ADVANCED_FACE ( 'NONE', ( #1154 ), #1373, .T. ) ;
#704 = ORIENTED_EDGE ( 'NONE', *, *, #1497, .F. ) ;
#705 = PRODUCT_DEFINITION_SHAPE ( 'NONE', 'NONE',  #916 ) ;
#706 = CARTESIAN_POINT ( 'NONE',  ( 12.85821064406221659, -6.671703693454933415, 27.14178935593982089 ) ) ;
#707 = CARTESIAN_POINT ( 'NONE',  ( -7.583382561558343227, -5.127684738625400307, 29.19446085385335365 ) ) ;
#708 = DIRECTION ( 'NONE',  ( 0.000000000000000000, 0.000000000000000000, 1.000000000000000000 ) ) ;
#709 = AXIS2_PLACEMENT_3D ( 'NONE', #193, #865, #750 ) ;
#710 = DIRECTION ( 'NONE',  ( -0.7478775382679629935, 0.6638367176906168066, 0.000000000000000000 ) ) ;
#711 = FACE_OUTER_BOUND ( 'NONE', #1264, .T. ) ;
#712 = ORIENTED_EDGE ( 'NONE', *, *, #1227, .F. ) ;
#713 = CARTESIAN_POINT ( 'NONE',  ( -17.50000000000000355, -7.499999999999994671, 30.00000000000000000 ) ) ;
#714 = CARTESIAN_POINT ( 'NONE',  ( 12.10579482195418954, -9.265313924206713736, 27.89420517804991917 ) ) ;
#715 = CARTESIAN_POINT ( 'NONE',  ( -9.672749624257431122, -5.000000000001202594, 29.67274962425622320 ) ) ;
#716 = DIRECTION ( 'NONE',  ( -1.000000000000000000, 0.000000000000000000, 0.000000000000000000 ) ) ;
#717 =( BOUNDED_CURVE ( )  B_SPLINE_CURVE ( 3, ( #799, #1036, #1148, #1266 ),
 .UNSPECIFIED., .F., .T. ) 
 B_SPLINE_CURVE_WITH_KNOTS ( ( 4, 4 ),
 ( 6.938893903907235280E-16, 1.570796326794896558 ),
 .UNSPECIFIED. ) 
 CURVE ( )  GEOMETRIC_REPRESENTATION_ITEM ( )  RATIONAL_B_SPLINE_CURVE ( ( 1.000000000000000000, 0.8047378541243652705, 0.8047378541243652705, 1.000000000000000000 ) ) 
 REPRESENTATION_ITEM ( '' )  );
#718 = FACE_OUTER_BOUND ( 'NONE', #1189, .T. ) ;
#719 = DIRECTION ( 'NONE',  ( 1.000000000000000000, -1.239088197126290570E-16, -0.000000000000000000 ) ) ;
#720 = VECTOR ( 'NONE', #1242, 1000.000000000000000 ) ;
#721 = CARTESIAN_POINT ( 'NONE',  ( -9.999999999999998224, -10.00000000000000000, 0.000000000000000000 ) ) ;
#722 = ORIENTED_EDGE ( 'NONE', *, *, #1418, .F. ) ;
#723 = EDGE_LOOP ( 'NONE', ( #1281, #1200 ) ) ;
#724 = ADVANCED_FACE ( 'NONE', ( #1262 ), #801, .T. ) ;
#725 = CARTESIAN_POINT ( 'NONE',  ( 10.16362647331590807, -9.999999999999991118, 29.50912058004867333 ) ) ;
#726 = CARTESIAN_POINT ( 'NONE',  ( -9.343535003342614331, -9.950733329479437117, 29.34353500333550357 ) ) ;
#727 = ORIENTED_EDGE ( 'NONE', *, *, #4, .T. ) ;
#728 = DIRECTION ( 'NONE',  ( 0.000000000000000000, 0.000000000000000000, -1.000000000000000000 ) ) ;
#729 = CARTESIAN_POINT ( 'NONE',  ( 11.74966920784668289, -5.705188612950973237, 1.614350534558637973 ) ) ;
#730 = LINE ( 'NONE', #618, #813 ) ;
#731 = DIRECTION ( 'NONE',  ( -1.000000000000000000, 1.239088197126290570E-16, 0.000000000000000000 ) ) ;
#732 = ORIENTED_EDGE ( 'NONE', *, *, #118, .F. ) ;
#733 = VERTEX_POINT ( 'NONE', #105 ) ;
#734 = CIRCLE ( 'NONE', #85, 2.499999999999997780 ) ;
#735 = FACE_OUTER_BOUND ( 'NONE', #673, .T. ) ;
#736 = CARTESIAN_POINT ( 'NONE',  ( -7.017841183768859459, -7.091747172620577189, 27.01784118376818711 ) ) ;
#737 = ORIENTED_EDGE ( 'NONE', *, *, #1252, .T. ) ;
#738 = CARTESIAN_POINT ( 'NONE',  ( 9.672754810950003446, -9.983884780253248437, 29.01826443284977941 ) ) ;
#739 = EDGE_CURVE ( 'NONE', #125, #942, #512, .T. ) ;
#740 = CARTESIAN_POINT ( 'NONE',  ( 11.86969384566990549, -5.840408205773458761, 2.500000000000000000 ) ) ;
#741 = AXIS2_PLACEMENT_3D ( 'NONE', #1172, #477, #592 ) ;
#742 = CARTESIAN_POINT ( 'NONE',  ( 10.98173556715081922, -5.016115219746758669, 29.67275481094994305 ) ) ;
#743 = CARTESIAN_POINT ( 'NONE',  ( -17.26012486541797841, -6.851793579185410543, 27.57995837819413154 ) ) ;
#744 = EDGE_LOOP ( 'NONE', ( #620, #1109, #679, #5 ) ) ;
#745 = DIRECTION ( 'NONE',  ( 0.000000000000000000, 1.000000000000000000, 0.000000000000000000 ) ) ;
#746 = CARTESIAN_POINT ( 'NONE',  ( 10.32725037573959170, -10.00000000000360778, 29.67274962425318918 ) ) ;
#747 = ORIENTED_EDGE ( 'NONE', *, *, #1236, .F. ) ;
#748 = CARTESIAN_POINT ( 'NONE',  ( 9.351793578969365583, -9.920041621762889505, 28.05538073690831169 ) ) ;
#749 = DIRECTION ( 'NONE',  ( 0.6638367176906171396, -0.7478775382679626604, -0.000000000000000000 ) ) ;
#750 = DIRECTION ( 'NONE',  ( 0.000000000000000000, -1.000000000000000000, 0.000000000000000000 ) ) ;
#751 = CARTESIAN_POINT ( 'NONE',  ( -12.85821064406068004, -8.328296306543807148, 27.14178935594084763 ) ) ;
#752 = EDGE_LOOP ( 'NONE', ( #641, #955, #450, #802, #1375, #263, #964, #1308 ) ) ;
#753 = DIRECTION ( 'NONE',  ( -0.000000000000000000, -0.000000000000000000, -1.000000000000000000 ) ) ;
#754 = ORIENTED_EDGE ( 'NONE', *, *, #59, .T. ) ;
#755 = CARTESIAN_POINT ( 'NONE',  ( 7.441765567567137474, -7.192331823882265773, 27.44176556756659124 ) ) ;
#756 = CYLINDRICAL_SURFACE ( 'NONE', #1159, 2.499999999999997780 ) ;
#757 = CARTESIAN_POINT ( 'NONE',  ( 6.245004513516503173E-15, -8.999999999999994671, 1.500000000000000000 ) ) ;
#758 = CARTESIAN_POINT ( 'NONE',  ( -17.49999999999999645, -7.418187691555175434, 27.50000000000000000 ) ) ;
#759 = EDGE_CURVE ( 'NONE', #1297, #343, #1363, .T. ) ;
#760 = EDGE_CURVE ( 'NONE', #1212, #568, #1430, .T. ) ;
#761 = CARTESIAN_POINT ( 'NONE',  ( 10.00000000000000178, -9.999999999999992895, 30.00000000000000000 ) ) ;
#762 = ORIENTED_EDGE ( 'NONE', *, *, #1330, .T. ) ;
#763 = CARTESIAN_POINT ( 'NONE',  ( -12.49999999999999822, -7.500000000000000000, 22.50000000000000355 ) ) ;
#764 = CARTESIAN_POINT ( 'NONE',  ( -12.49999999999999289, -7.418187697372842671, 27.50000000000000355 ) ) ;
#765 = CARTESIAN_POINT ( 'NONE',  ( -9.194460853853039239, -9.872315261374467354, 27.58338256155890278 ) ) ;
#766 = CARTESIAN_POINT ( 'NONE',  ( -9.999999999999998224, -9.999999999999994671, 30.00000000000000000 ) ) ;
#767 = MECHANICAL_DESIGN_GEOMETRIC_PRESENTATION_REPRESENTATION (  '', ( #1277 ), #959 ) ;
#768 = PRODUCT_CONTEXT ( 'NONE', #279, 'mechanical' ) ;
#769 = CARTESIAN_POINT ( 'NONE',  ( 8.892121984321397221, -9.747082401181907940, 26.67636595296475477 ) ) ;
#770 = CYLINDRICAL_SURFACE ( 'NONE', #709, 2.499999999999997780 ) ;
#771 = CARTESIAN_POINT ( 'NONE',  ( -12.81400464533058070, -6.970055858911297975, 27.18599535467267359 ) ) ;
#772 = CARTESIAN_POINT ( 'NONE',  ( -9.509120580050623772, -9.999999999999996447, 29.83637352668032960 ) ) ;
#773 = CIRCLE ( 'NONE', #1283, 2.499999999999999556 ) ;
#774 = AXIS2_PLACEMENT_3D ( 'NONE', #1076, #257, #1408 ) ;
#775 = CIRCLE ( 'NONE', #652, 2.499999999999998668 ) ;
#776 = CARTESIAN_POINT ( 'NONE',  ( 7.500000000000007105, -7.499999999999997335, 22.50000000000000355 ) ) ;
#777 = EDGE_CURVE ( 'NONE', #224, #937, #1167, .T. ) ;
#778 = CARTESIAN_POINT ( 'NONE',  ( 7.500000000000007105, -7.418187691555070629, 22.50000000000000711 ) ) ;
#779 = CARTESIAN_POINT ( 'NONE',  ( 11.57647128883384369, -5.380284697197685873, 28.42352871116615276 ) ) ;
#780 = AXIS2_PLACEMENT_3D ( 'NONE', #1065, #471, #1279 ) ;
#781 = CARTESIAN_POINT ( 'NONE',  ( 0.000000000000000000, 0.000000000000000000, 0.000000000000000000 ) ) ;
#782 = CARTESIAN_POINT ( 'NONE',  ( -6.676365952965022998, -9.747082401181872413, 28.89212198432130307 ) ) ;
#783 = CARTESIAN_POINT ( 'NONE',  ( 17.49999999999999645, -9.999999999999998224, 30.00000000000000000 ) ) ;
#784 = CARTESIAN_POINT ( 'NONE',  ( 7.579958378194168844, -6.851793579185246230, 22.73987513458288845 ) ) ;
#785 = CARTESIAN_POINT ( 'NONE',  ( -9.999999999999998224, -9.999999999999998224, 30.00000000000000000 ) ) ;
#786 = CARTESIAN_POINT ( 'NONE',  ( 16.50873699205892464, -6.247123314314486642, 27.83042100264696828 ) ) ;
#787 = EDGE_CURVE ( 'NONE', #58, #224, #1446, .T. ) ;
#788 = CARTESIAN_POINT ( 'NONE',  ( -12.71636553539625325, -6.417743999874129912, 27.28363446460543784 ) ) ;
#789 = CARTESIAN_POINT ( 'NONE',  ( -17.50000000000000000, 0.000000000000000000, 30.00000000000000000 ) ) ;
#790 = AXIS2_PLACEMENT_3D ( 'NONE', #637, #1107, #1231 ) ;
#791 = CARTESIAN_POINT ( 'NONE',  ( 9.343535003339061618, -5.049266670518202105, 29.34353500333906339 ) ) ;
#792 = PLANE ( 'NONE',  #316 ) ;
#793 = CARTESIAN_POINT ( 'NONE',  ( 12.71053665940331534, -8.006703194917250244, 27.28946334059754619 ) ) ;
#794 = LINE ( 'NONE', #465, #1183 ) ;
#795 = EDGE_LOOP ( 'NONE', ( #347, #527, #1209, #520, #390 ) ) ;
#796 = LINE ( 'NONE', #905, #195 ) ;
#797 = VECTOR ( 'NONE', #90, 1000.000000000000000 ) ;
#798 = CARTESIAN_POINT ( 'NONE',  ( 8.747123314384060322, -5.330421002600481906, 26.24136994315317040 ) ) ;
#799 = CARTESIAN_POINT ( 'NONE',  ( 17.49999999999999645, -7.499999999999997335, 27.49999999999999645 ) ) ;
#800 = CARTESIAN_POINT ( 'NONE',  ( 11.88346702925210607, -5.847933123319373649, 24.34959891224263373 ) ) ;
#801 = CYLINDRICAL_SURFACE ( 'NONE', #49, 1.000000000000000222 ) ;
#802 = ORIENTED_EDGE ( 'NONE', *, *, #1464, .T. ) ;
#803 = EDGE_CURVE ( 'NONE', #697, #236, #387, .T. ) ;
#804 = CARTESIAN_POINT ( 'NONE',  ( -2.499999999999999556, 0.000000000000000000, 0.000000000000000000 ) ) ;
#805 = CARTESIAN_POINT ( 'NONE',  ( 10.00000000000001066, -5.000000000000003553, 30.00000000000002842 ) ) ;
#806 = DIRECTION ( 'NONE',  ( -0.6638367176906168066, -0.7478775382679627715, 0.000000000000000000 ) ) ;
#807 = CARTESIAN_POINT ( 'NONE',  ( -12.33914111884458720, -5.950632984408836812, 27.66085888115377500 ) ) ;
#808 = ORIENTED_EDGE ( 'NONE', *, *, #482, .F. ) ;
#809 = ORIENTED_EDGE ( 'NONE', *, *, #89, .T. ) ;
#810 = CARTESIAN_POINT ( 'NONE',  ( -6.954087903777788959, -7.771486865806545907, 26.95408790377629416 ) ) ;
#811 = CARTESIAN_POINT ( 'NONE',  ( 3.739387691339815412, 3.319183588453086031, 0.000000000000000000 ) ) ;
#812 = CYLINDRICAL_SURFACE ( 'NONE', #780, 2.499999999999997780 ) ;
#813 = VECTOR ( 'NONE', #296, 1000.000000000000000 ) ;
#814 = CARTESIAN_POINT ( 'NONE',  ( -9.999999999999998224, -10.00000000000000000, 2.500000000000000000 ) ) ;
#815 = ORIENTED_EDGE ( 'NONE', *, *, #1269, .F. ) ;
#816 = VERTEX_POINT ( 'NONE', #1166 ) ;
#817 = CARTESIAN_POINT ( 'NONE',  ( -4.036692807520754656, -5.975025520587498917, 28.01223093584031432 ) ) ;
#818 = ADVANCED_FACE ( 'NONE', ( #1083 ), #1243, .T. ) ;
#819 = AXIS2_PLACEMENT_3D ( 'NONE', #1300, #708, #255 ) ;
#820 = CARTESIAN_POINT ( 'NONE',  ( -3.739387691339814523, 3.319183588453085143, 2.500000000000000000 ) ) ;
#821 = ADVANCED_FACE ( 'NONE', ( #718 ), #1415, .F. ) ;
#822 = CARTESIAN_POINT ( 'NONE',  ( 7.500000000000007105, -7.499999999999997335, 22.50000000000000355 ) ) ;
#823 = ORIENTED_EDGE ( 'NONE', *, *, #1397, .T. ) ;
#824 = CARTESIAN_POINT ( 'NONE',  ( 12.49999999999999289, -7.418187697372625067, 27.50000000000000711 ) ) ;
#825 = CARTESIAN_POINT ( 'NONE',  ( -2.499999999999999556, -7.418187691555080399, 27.50000000000000000 ) ) ;
#826 = CARTESIAN_POINT ( 'NONE',  ( -17.50000000000000000, 0.000000000000000000, 30.00000000000000000 ) ) ;
#827 = CARTESIAN_POINT ( 'NONE',  ( 17.50000000000000355, 7.499999999999997335, 30.00000000000000000 ) ) ;
#828 = ORIENTED_EDGE ( 'NONE', *, *, #759, .T. ) ;
#829 = VERTEX_POINT ( 'NONE', #1177 ) ;
#830 = CARTESIAN_POINT ( 'NONE',  ( 17.49999999999999645, -8.964466094067258695, 27.49999999999999645 ) ) ;
#831 = CARTESIAN_POINT ( 'NONE',  ( -7.500000000000001776, -7.418187697372621514, 27.50000000000000355 ) ) ;
#832 = CARTESIAN_POINT ( 'NONE',  ( 17.49999999999999645, -7.499999999999999112, 30.00000000000000000 ) ) ;
#833 = DIRECTION ( 'NONE',  ( 0.6638367176906168066, 0.7478775382679629935, -0.000000000000000000 ) ) ;
#834 = CARTESIAN_POINT ( 'NONE',  ( 17.50000000000000711, 4.999999999999998224, 30.00000000000000000 ) ) ;
#835 = CARTESIAN_POINT ( 'NONE',  ( 17.49999999999999645, -9.999999999999998224, 30.00000000000000000 ) ) ;
#836 = EDGE_CURVE ( 'NONE', #878, #218, #680, .T. ) ;
#837 = VERTEX_POINT ( 'NONE', #1292 ) ;
#838 = CARTESIAN_POINT ( 'NONE',  ( 8.000000000000007105, -8.999999999999989342, 2.500000000000000000 ) ) ;
#839 = CARTESIAN_POINT ( 'NONE',  ( 13.04591209622320136, -7.228513134194450629, 26.95408790377729602 ) ) ;
#840 = CARTESIAN_POINT ( 'NONE',  ( -8.012230935840346291, -5.975025520587442074, 24.03669280752075821 ) ) ;
#841 = ORIENTED_EDGE ( 'NONE', *, *, #1252, .F. ) ;
#842 = DIRECTION ( 'NONE',  ( -0.000000000000000000, -0.000000000000000000, -1.000000000000000000 ) ) ;
#843 = CARTESIAN_POINT ( 'NONE',  ( 11.16123186114629995, -5.277806571422015480, 2.051462047524777343 ) ) ;
#844 = CARTESIAN_POINT ( 'NONE',  ( -17.50000000000000000, 9.999999999999998224, 30.00000000000000000 ) ) ;
#845 = CARTESIAN_POINT ( 'NONE',  ( 0.000000000000000000, 0.000000000000000000, 0.000000000000000000 ) ) ;
#846 = VERTEX_POINT ( 'NONE', #247 ) ;
#847 = ORIENTED_EDGE ( 'NONE', *, *, #327, .T. ) ;
#848 = AXIS2_PLACEMENT_3D ( 'NONE', #26, #585, #1 ) ;
#849 = ADVANCED_FACE ( 'NONE', ( #606 ), #812, .T. ) ;
#850 = CARTESIAN_POINT ( 'NONE',  ( 10.65646499665679592, -9.950733329474685362, 29.34353500333787679 ) ) ;
#851 = CARTESIAN_POINT ( 'NONE',  ( -2.596228028172538504, -7.907485497153182052, 27.53207600939082411 ) ) ;
#852 = VERTEX_POINT ( 'NONE', #484 ) ;
#853 = CARTESIAN_POINT ( 'NONE',  ( 8.055380736908912098, -9.920041621762910822, 29.35179357896947749 ) ) ;
#854 = DIRECTION ( 'NONE',  ( -1.000000000000000000, 1.239088197126290570E-16, 0.000000000000000000 ) ) ;
#855 = CARTESIAN_POINT ( 'NONE',  ( 10.00000000000000178, -5.000000000000002665, 30.00000000000000000 ) ) ;
#856 = CLOSED_SHELL ( 'NONE', ( #818, #370, #191, #39, #1362, #1047, #102, #285, #849, #1142, #570, #1348, #554, #981, #261, #871, #821, #219, #108, #703, #1379, #504, #116, #1296, #1219, #701, #724, #62, #135, #304, #441, #889, #930, #647 ) ) ;
#857 = ORIENTED_EDGE ( 'NONE', *, *, #836, .T. ) ;
#858 = ORIENTED_EDGE ( 'NONE', *, *, #174, .F. ) ;
#859 = CARTESIAN_POINT ( 'NONE',  ( 10.32724518905023459, -9.983884780253200475, 29.01826443284976520 ) ) ;
#860 = CARTESIAN_POINT ( 'NONE',  ( -7.441765567566912765, -7.192331823882273767, 27.44176556756701402 ) ) ;
#861 = VERTEX_POINT ( 'NONE', #233 ) ;
#862 = CARTESIAN_POINT ( 'NONE',  ( 4.036692807520760873, -9.024974479412946948, 28.01223093584061274 ) ) ;
#863 = DIRECTION ( 'NONE',  ( -0.6638367176906171396, 0.7478775382679626604, 0.000000000000000000 ) ) ;
#864 = AXIS2_PLACEMENT_3D ( 'NONE', #950, #2, #936 ) ;
#865 = DIRECTION ( 'NONE',  ( -1.000000000000000000, 1.239088197126290570E-16, 0.000000000000000000 ) ) ;
#866 = CARTESIAN_POINT ( 'NONE',  ( -17.26012486541797486, -8.148206420814588569, 27.57995837819413154 ) ) ;
#867 = ORIENTED_EDGE ( 'NONE', *, *, #1012, .T. ) ;
#868 = DIRECTION ( 'NONE',  ( 0.000000000000000000, 0.000000000000000000, -1.000000000000000000 ) ) ;
#869 = CARTESIAN_POINT ( 'NONE',  ( 11.27949200990334688, -9.761721229574796155, 28.72050799010204969 ) ) ;
#870 = ORIENTED_EDGE ( 'NONE', *, *, #1471, .F. ) ;
#871 = ADVANCED_FACE ( 'NONE', ( #1073 ), #115, .T. ) ;
#872 = CARTESIAN_POINT ( 'NONE',  ( 8.475025520518320477, -9.487769064113452444, 25.42507656155279605 ) ) ;
#873 = PRESENTATION_STYLE_ASSIGNMENT (( #406 ) ) ;
#874 = FACE_OUTER_BOUND ( 'NONE', #752, .T. ) ;
#875 = EDGE_CURVE ( 'NONE', #816, #1431, #98, .T. ) ;
#876 = CARTESIAN_POINT ( 'NONE',  ( -13.03827424415453073, -7.839552254373661100, 26.96172575584386877 ) ) ;
#877 = FACE_OUTER_BOUND ( 'NONE', #587, .T. ) ;
#878 = VERTEX_POINT ( 'NONE', #533 ) ;
#879 = APPLICATION_PROTOCOL_DEFINITION ( 'draft international standard', 'automotive_design', 1998, #1088 ) ;
#880 = CARTESIAN_POINT ( 'NONE',  ( 7.583382561558637214, -9.872315261374719597, 29.19446085385365919 ) ) ;
#881 = CARTESIAN_POINT ( 'NONE',  ( -17.50000000000000000, 0.000000000000000000, 30.00000000000000000 ) ) ;
#882 = DIRECTION ( 'NONE',  ( 1.387778780781445873E-15, -1.000000000000000000, 0.000000000000000000 ) ) ;
#883 = CARTESIAN_POINT ( 'NONE',  ( -12.59166136688793891, -7.129880883377045286, 27.40833863311272012 ) ) ;
#884 =( BOUNDED_CURVE ( )  B_SPLINE_CURVE ( 3, ( #1369, #1259, #683, #1382 ),
 .UNSPECIFIED., .F., .T. ) 
 B_SPLINE_CURVE_WITH_KNOTS ( ( 4, 4 ),
 ( 3.469446951953614189E-16, 1.570796326794896558 ),
 .UNSPECIFIED. ) 
 CURVE ( )  GEOMETRIC_REPRESENTATION_ITEM ( )  RATIONAL_B_SPLINE_CURVE ( ( 1.000000000000000000, 0.8047378541243650485, 0.8047378541243650485, 1.000000000000000000 ) ) 
 REPRESENTATION_ITEM ( '' )  );
#885 = DIRECTION ( 'NONE',  ( 1.000000000000000000, 0.000000000000000000, -0.000000000000000000 ) ) ;
#886 = CARTESIAN_POINT ( 'NONE',  ( 5.043799369958930967, -9.383467029252372527, 28.34793312331964543 ) ) ;
#887 = FACE_OUTER_BOUND ( 'NONE', #99, .T. ) ;
#888 = CARTESIAN_POINT ( 'NONE',  ( -11.25287668561568033, -9.669578997399687736, 26.24136994315206906 ) ) ;
#889 = ADVANCED_FACE ( 'NONE', ( #1321 ), #144, .F. ) ;
#890 = DIRECTION ( 'NONE',  ( 0.000000000000000000, 0.000000000000000000, 1.000000000000000000 ) ) ;
#891 = CARTESIAN_POINT ( 'NONE',  ( -11.94461926309168831, -9.920041621762891282, 29.35179357896936381 ) ) ;
#892 = FACE_OUTER_BOUND ( 'NONE', #411, .T. ) ;
#893 = DIRECTION ( 'NONE',  ( -1.000000000000000000, 1.239088197126290570E-16, 0.000000000000000000 ) ) ;
#894 = CARTESIAN_POINT ( 'NONE',  ( 11.10787801567850153, -5.252917598818046763, 26.67636595296475477 ) ) ;
#895 = CARTESIAN_POINT ( 'NONE',  ( -12.42004162180582938, -6.851793579185203598, 22.73987513458202159 ) ) ;
#896 = CARTESIAN_POINT ( 'NONE',  ( -5.043799369958897216, -9.383467029252368974, 28.34793312331963122 ) ) ;
#897 = AXIS2_PLACEMENT_3D ( 'NONE', #598, #1310, #716 ) ;
#898 = DIRECTION ( 'NONE',  ( 0.000000000000000000, 0.000000000000000000, -1.000000000000000000 ) ) ;
#899 = VECTOR ( 'NONE', #451, 1000.000000000000000 ) ;
#900 = CARTESIAN_POINT ( 'NONE',  ( 6.676365952965317874, -5.252917598817845146, 28.89212198432198875 ) ) ;
#901 = CARTESIAN_POINT ( 'NONE',  ( 17.40377197182735003, -7.092514502846811730, 27.53207600939082766 ) ) ;
#902 = CARTESIAN_POINT ( 'NONE',  ( -9.999999999999971578, -4.999999999999999112, 30.00000000000001066 ) ) ;
#903 = CARTESIAN_POINT ( 'NONE',  ( -7.141789355938800377, -8.328296306543277794, 27.14178935593880126 ) ) ;
#904 = CARTESIAN_POINT ( 'NONE',  ( 0.000000000000000000, 0.000000000000000000, 0.000000000000000000 ) ) ;
#905 = CARTESIAN_POINT ( 'NONE',  ( 3.739387691339815412, 3.319183588453086031, 2.500000000000000000 ) ) ;
#906 = CARTESIAN_POINT ( 'NONE',  ( 6.961725755845992403, -7.160447745626368210, 26.96172575584599329 ) ) ;
#907 = CARTESIAN_POINT ( 'NONE',  ( 11.86969384566990549, -5.840408205773458761, 0.000000000000000000 ) ) ;
#908 = CARTESIAN_POINT ( 'NONE',  ( 13.75863005684737495, -5.330421002600482794, 28.74712331438406210 ) ) ;
#909 = CARTESIAN_POINT ( 'NONE',  ( -12.85821064406120406, -6.671703693455715900, 27.14178935593879061 ) ) ;
#910 = VERTEX_POINT ( 'NONE', #1467 ) ;
#911 = CARTESIAN_POINT ( 'NONE',  ( 7.752917598756221551, -6.392121984470763962, 23.25875279626906789 ) ) ;
#912 = CARTESIAN_POINT ( 'NONE',  ( -9.794142872020707102, -5.008489846928148914, 2.500000000000000000 ) ) ;
#913 = CARTESIAN_POINT ( 'NONE',  ( 12.16957899735318271, -6.247123314314711351, 23.49126300794107536 ) ) ;
#914 = CARTESIAN_POINT ( 'NONE',  ( -14.95620063004083811, -5.616532970747626585, 28.34793312331963122 ) ) ;
#915 = EDGE_CURVE ( 'NONE', #816, #1499, #449, .T. ) ;
#916 = PRODUCT_DEFINITION ( 'UNKNOWN', '', #582, #246 ) ;
#917 = EDGE_LOOP ( 'NONE', ( #960, #1067, #1304, #808, #682, #458, #380, #1410 ) ) ;
#918 = CARTESIAN_POINT ( 'NONE',  ( -11.86969384566990549, -5.840408205773456984, 1.500000000000000000 ) ) ;
#919 = AXIS2_PLACEMENT_3D ( 'NONE', #953, #1191, #146 ) ;
#920 = CARTESIAN_POINT ( 'NONE',  ( 9.672749624261523849, -5.000000000000004441, 29.67274962425430118 ) ) ;
#921 = DIRECTION ( 'NONE',  ( 0.6638367176906171396, -0.7478775382679626604, 0.000000000000000000 ) ) ;
#922 = CARTESIAN_POINT ( 'NONE',  ( 12.42004162180582583, -6.851793579185198269, 22.73987513458202514 ) ) ;
#923 = CARTESIAN_POINT ( 'NONE',  ( -11.52497447948206855, -5.512230935886796246, 25.42507656155389029 ) ) ;
#924 = AXIS2_PLACEMENT_3D ( 'NONE', #826, #1052, #16 ) ;
#925 = ORIENTED_EDGE ( 'NONE', *, *, #518, .F. ) ;
#926 = CARTESIAN_POINT ( 'NONE',  ( -9.509120580049183147, -4.999999999999999112, 29.83637352668266018 ) ) ;
#927 = CARTESIAN_POINT ( 'NONE',  ( 17.49999999999999289, -4.999999999999999112, 30.00000000000000000 ) ) ;
#928 = CARTESIAN_POINT ( 'NONE',  ( 11.61473217434601146, -5.582812928964272281, 1.728903629316561386 ) ) ;
#929 = ORIENTED_EDGE ( 'NONE', *, *, #4, .F. ) ;
#930 = ADVANCED_FACE ( 'NONE', ( #892 ), #415, .F. ) ;
#931 = ORIENTED_EDGE ( 'NONE', *, *, #1029, .T. ) ;
#932 = VECTOR ( 'NONE', #130, 1000.000000000000000 ) ;
#933 = CARTESIAN_POINT ( 'NONE',  ( -2.739875134582239635, -6.851793579185406102, 27.57995837819413154 ) ) ;
#934 = DIRECTION ( 'NONE',  ( -0.000000000000000000, -0.000000000000000000, -1.000000000000000000 ) ) ;
#935 = DIRECTION ( 'NONE',  ( 0.000000000000000000, 0.000000000000000000, 1.000000000000000000 ) ) ;
#936 = DIRECTION ( 'NONE',  ( -1.000000000000000000, 0.000000000000000000, 0.000000000000000000 ) ) ;
#937 = VERTEX_POINT ( 'NONE', #665 ) ;
#938 = CARTESIAN_POINT ( 'NONE',  ( -7.504019174801756620, -7.336375508996511918, 22.51205752440521835 ) ) ;
#939 = PRODUCT ( 'FilamentGuide', 'FilamentGuide', '', ( #768 ) ) ;
#940 = CARTESIAN_POINT ( 'NONE',  ( 11.86969384566990549, -5.840408205773458761, 1.500000000000000000 ) ) ;
#941 = CARTESIAN_POINT ( 'NONE',  ( -9.999999999999998224, -10.00000000000000000, 0.000000000000000000 ) ) ;
#942 = VERTEX_POINT ( 'NONE', #88 ) ;
#943 = ORIENTED_EDGE ( 'NONE', *, *, #616, .F. ) ;
#944 = CARTESIAN_POINT ( 'NONE',  ( 12.41661743844167454, -9.872315261374222217, 29.19446085385245837 ) ) ;
#945 = CARTESIAN_POINT ( 'NONE',  ( -4.349598912242629289, -5.847933123319370097, 28.11653297074789037 ) ) ;
#946 = CARTESIAN_POINT ( 'NONE',  ( -7.499999999999998224, -7.500000000000000000, 22.50000000000000355 ) ) ;
#947 = EDGE_CURVE ( 'NONE', #846, #1376, #1502, .T. ) ;
#948 = CARTESIAN_POINT ( 'NONE',  ( -9.999999999999998224, -7.500000000000000000, 0.000000000000000000 ) ) ;
#949 = DIRECTION ( 'NONE',  ( -1.000000000000000000, 0.000000000000000000, 0.000000000000000000 ) ) ;
#950 = CARTESIAN_POINT ( 'NONE',  ( -9.999999999999998224, -7.500000000000000000, 2.500000000000000000 ) ) ;
#951 = ORIENTED_EDGE ( 'NONE', *, *, #1117, .F. ) ;
#952 = CYLINDRICAL_SURFACE ( 'NONE', #145, 2.499999999999997780 ) ;
#953 = CARTESIAN_POINT ( 'NONE',  ( 10.00000000000000178, -7.499999999999997335, 2.500000000000000000 ) ) ;
#954 = CARTESIAN_POINT ( 'NONE',  ( -5.043799369959185874, -5.616532970747879716, 28.34793312331938253 ) ) ;
#955 = ORIENTED_EDGE ( 'NONE', *, *, #79, .T. ) ;
#956 = DIRECTION ( 'NONE',  ( 1.000000000000000000, 0.000000000000000000, 0.000000000000000000 ) ) ;
#957 = CARTESIAN_POINT ( 'NONE',  ( -9.999999999999998224, -10.00000000000000000, 1.500000000000000000 ) ) ;
#958 = LINE ( 'NONE', #941, #325 ) ;
#959 =( GEOMETRIC_REPRESENTATION_CONTEXT ( 3 ) GLOBAL_UNCERTAINTY_ASSIGNED_CONTEXT ( ( #599 ) ) GLOBAL_UNIT_ASSIGNED_CONTEXT ( ( #529, #1468, #1371 ) ) REPRESENTATION_CONTEXT ( 'NONE', 'WORKASPACE' ) );
#960 = ORIENTED_EDGE ( 'NONE', *, *, #777, .F. ) ;
#961 = VERTEX_POINT ( 'NONE', #1019 ) ;
#962 = CARTESIAN_POINT ( 'NONE',  ( 12.16957899735310811, -8.752876685685393454, 23.49126300794009836 ) ) ;
#963 = CARTESIAN_POINT ( 'NONE',  ( -7.283634464604038072, -8.582256000125310536, 27.28363446460657471 ) ) ;
#964 = ORIENTED_EDGE ( 'NONE', *, *, #1397, .F. ) ;
#965 = CARTESIAN_POINT ( 'NONE',  ( 6.676365952965046091, -9.747082401181703659, 28.89212198432090162 ) ) ;
#966 = AXIS2_PLACEMENT_3D ( 'NONE', #1011, #890, #1353 ) ;
#967 = LINE ( 'NONE', #1302, #372 ) ;
#968 = DIRECTION ( 'NONE',  ( 1.000000000000000000, 1.734723475976694682E-15, 1.110223024625084557E-15 ) ) ;
#969 = ORIENTED_EDGE ( 'NONE', *, *, #202, .T. ) ;
#970 = CARTESIAN_POINT ( 'NONE',  ( 8.357654325446079113, -9.387601992404553286, 2.424575312550710127 ) ) ;
#971 = AXIS2_PLACEMENT_3D ( 'NONE', #240, #1311, #9 ) ;
#972 = CARTESIAN_POINT ( 'NONE',  ( 12.85821064406120051, -8.328296306543267136, 27.14178935593879416 ) ) ;
#973 = CARTESIAN_POINT ( 'NONE',  ( -4.349598912242861992, -9.152066876680354568, 28.11653297074762037 ) ) ;
#974 = EDGE_LOOP ( 'NONE', ( #1193, #361, #409, #1288 ) ) ;
#975 = CARTESIAN_POINT ( 'NONE',  ( 6.241369943152351496, -9.669578997399939979, 28.74712331438469803 ) ) ;
#976 = CARTESIAN_POINT ( 'NONE',  ( -22.50000000000000355, 0.000000000000000000, 30.00000000000000000 ) ) ;
#977 = CARTESIAN_POINT ( 'NONE',  ( -12.49598082519823983, -7.663624491003475647, 22.51205752440521835 ) ) ;
#978 = TOROIDAL_SURFACE ( 'NONE', #150, 4.000000000000000888, 1.000000000000000000 ) ;
#979 = ORIENTED_EDGE ( 'NONE', *, *, #777, .T. ) ;
#980 = LINE ( 'NONE', #1220, #661 ) ;
#981 = ADVANCED_FACE ( 'NONE', ( #310, #147 ), #612, .T. ) ;
#982 = CARTESIAN_POINT ( 'NONE',  ( 17.26012486541711155, -8.148206420814751993, 27.57995837819416352 ) ) ;
#983 = ORIENTED_EDGE ( 'NONE', *, *, #1128, .F. ) ;
#984 = EDGE_CURVE ( 'NONE', #910, #29, #1478, .T. ) ;
#985 = CARTESIAN_POINT ( 'NONE',  ( 7.627684738687291244, -8.305539146296046837, 22.88305421606163392 ) ) ;
#986 = SURFACE_SIDE_STYLE ('',( #522 ) ) ;
#987 = AXIS2_PLACEMENT_3D ( 'NONE', #757, #1225, #187 ) ;
#988 = CARTESIAN_POINT ( 'NONE',  ( 9.999999999999998224, -9.999999999999985789, 1.500000000000000000 ) ) ;
#989 = CARTESIAN_POINT ( 'NONE',  ( -12.16957899735280435, -8.752876685685848202, 23.49126300794107536 ) ) ;
#990 = EDGE_LOOP ( 'NONE', ( #460, #155, #737, #1390 ) ) ;
#991 =( BOUNDED_CURVE ( )  B_SPLINE_CURVE ( 3, ( #763, #523, #1458, #163 ),
 .UNSPECIFIED., .F., .T. ) 
 B_SPLINE_CURVE_WITH_KNOTS ( ( 4, 4 ),
 ( 0.000000000000000000, 1.570796326794896558 ),
 .UNSPECIFIED. ) 
 CURVE ( )  GEOMETRIC_REPRESENTATION_ITEM ( )  RATIONAL_B_SPLINE_CURVE ( ( 1.000000000000000000, 0.8047378541243649375, 0.8047378541243649375, 1.000000000000000000 ) ) 
 REPRESENTATION_ITEM ( '' )  );
#992 = CYLINDRICAL_SURFACE ( 'NONE', #111, 2.499999999999997780 ) ;
#993 = ORIENTED_EDGE ( 'NONE', *, *, #915, .F. ) ;
#994 = CARTESIAN_POINT ( 'NONE',  ( -12.50000000000000000, -8.964466094067260471, 22.50000000000000000 ) ) ;
#995 = CARTESIAN_POINT ( 'NONE',  ( 10.00000000000000178, -5.000000000000003553, 30.00000000000000000 ) ) ;
#996 = CARTESIAN_POINT ( 'NONE',  ( -12.42004162180586668, -8.148206420814590345, 22.73987513458202159 ) ) ;
#997 = AXIS2_PLACEMENT_3D ( 'NONE', #1221, #1069, #489 ) ;
#998 = VECTOR ( 'NONE', #934, 1000.000000000000000 ) ;
#999 = DIRECTION ( 'NONE',  ( 0.000000000000000000, -1.000000000000000000, 0.000000000000000000 ) ) ;
#1000 = CARTESIAN_POINT ( 'NONE',  ( 8.012230935840316093, -9.024974479412495754, 24.03669280752075821 ) ) ;
#1001 = FACE_OUTER_BOUND ( 'NONE', #974, .T. ) ;
#1002 = EDGE_CURVE ( 'NONE', #369, #1111, #1020, .T. ) ;
#1003 = DIRECTION ( 'NONE',  ( 0.000000000000000000, 0.000000000000000000, 1.000000000000000000 ) ) ;
#1004 = CARTESIAN_POINT ( 'NONE',  ( -10.00000000000002665, -9.999999999999996447, 30.00000000000001066 ) ) ;
#1005 = CARTESIAN_POINT ( 'NONE',  ( -10.32724518904999833, -9.983884780253250213, 29.01826443284977941 ) ) ;
#1006 = CIRCLE ( 'NONE', #204, 4.999999999999997335 ) ;
#1007 = CARTESIAN_POINT ( 'NONE',  ( 3.258752796268616692, -6.392121984470846563, 27.75291759875618425 ) ) ;
#1008 = DIRECTION ( 'NONE',  ( 0.000000000000000000, 0.000000000000000000, -1.000000000000000000 ) ) ;
#1009 = CARTESIAN_POINT ( 'NONE',  ( -27.49999999999999645, 0.000000000000000000, 30.00000000000000000 ) ) ;
#1010 = CARTESIAN_POINT ( 'NONE',  ( -12.46792399060919720, -7.092514502846919200, 22.59622802817264642 ) ) ;
#1011 = CARTESIAN_POINT ( 'NONE',  ( 10.00000000000000178, -7.499999999999997335, 0.000000000000000000 ) ) ;
#1012 = EDGE_CURVE ( 'NONE', #1433, #574, #773, .T. ) ;
#1013 = CARTESIAN_POINT ( 'NONE',  ( 7.500000000000007105, -7.499999999999997335, 22.50000000000000355 ) ) ;
#1014 = VECTOR ( 'NONE', #36, 1000.000000000000000 ) ;
#1015 = CARTESIAN_POINT ( 'NONE',  ( 8.720507990100854201, -5.238278770432404308, 28.72050799010085953 ) ) ;
#1016 = CARTESIAN_POINT ( 'NONE',  ( 11.46446609406726225, -5.000000000000003553, 25.60660171779822036 ) ) ;
#1017 = CARTESIAN_POINT ( 'NONE',  ( 17.26012486541797486, -6.851793579185409655, 27.57995837819413509 ) ) ;
#1018 = CARTESIAN_POINT ( 'NONE',  ( -12.41661743844167276, -5.127684738625403860, 29.19446085385334300 ) ) ;
#1019 = CARTESIAN_POINT ( 'NONE',  ( -3.739387691339814523, 3.319183588453085143, 0.000000000000000000 ) ) ;
#1020 = CIRCLE ( 'NONE', #42, 9.999999999999994671 ) ;
#1021 = CYLINDRICAL_SURFACE ( 'NONE', #1043, 2.499999999999997780 ) ;
#1022 = CARTESIAN_POINT ( 'NONE',  ( 2.500000000000007550, -7.581812308444809467, 27.50000000000000711 ) ) ;
#1023 = FACE_OUTER_BOUND ( 'NONE', #1394, .T. ) ;
#1024 = CARTESIAN_POINT ( 'NONE',  ( 10.80553914614693767, -5.127684738625523764, 27.58338256155892410 ) ) ;
#1025 = DIRECTION ( 'NONE',  ( 0.000000000000000000, 1.000000000000000000, 0.000000000000000000 ) ) ;
#1026 = EDGE_LOOP ( 'NONE', ( #1402, #19, #732 ) ) ;
#1027 = EDGE_CURVE ( 'NONE', #516, #1444, #149, .T. ) ;
#1028 = CARTESIAN_POINT ( 'NONE',  ( 8.475025520517933231, -5.512230935886798022, 25.42507656155278895 ) ) ;
#1029 = EDGE_CURVE ( 'NONE', #837, #1425, #577, .T. ) ;
#1030 = CARTESIAN_POINT ( 'NONE',  ( 17.43982842448817294, -7.826461210644309219, 27.52005719183726029 ) ) ;
#1031 = CARTESIAN_POINT ( 'NONE',  ( -9.999999999999989342, -5.000000000000000000, 30.00000000000002842 ) ) ;
#1032 = ORIENTED_EDGE ( 'NONE', *, *, #467, .F. ) ;
#1033 = CARTESIAN_POINT ( 'NONE',  ( -11.61476225729757594, -5.582837914537194912, 1.728879439184791034 ) ) ;
#1034 = CARTESIAN_POINT ( 'NONE',  ( 9.672754810949884430, -5.016115219746771103, 29.01826443284976520 ) ) ;
#1035 = PRESENTATION_LAYER_ASSIGNMENT (  '', '', ( #1277 ) ) ;
#1036 = CARTESIAN_POINT ( 'NONE',  ( 17.49999999999999289, -6.035533905932739529, 27.49999999999999289 ) ) ;
#1037 = CARTESIAN_POINT ( 'NONE',  ( 13.32363404703524701, -5.252917598818166667, 28.89212198432121070 ) ) ;
#1038 = CARTESIAN_POINT ( 'NONE',  ( -2.991510153071851974, 2.655346870762468559, 1.500000000000000000 ) ) ;
#1039 = ORIENTED_EDGE ( 'NONE', *, *, #1002, .T. ) ;
#1040 = ORIENTED_EDGE ( 'NONE', *, *, #1098, .F. ) ;
#1041 = CIRCLE ( 'NONE', #774, 2.499999999999995115 ) ;
#1042 = CARTESIAN_POINT ( 'NONE',  ( -10.80959154162286850, -5.126992225717085461, 2.243226886802112574 ) ) ;
#1043 = AXIS2_PLACEMENT_3D ( 'NONE', #438, #1116, #999 ) ;
#1044 = CARTESIAN_POINT ( 'NONE',  ( -9.999999999999998224, -4.999999999999998224, 30.00000000000000000 ) ) ;
#1045 = CIRCLE ( 'NONE', #436, 2.499999999999997780 ) ;
#1046 = CARTESIAN_POINT ( 'NONE',  ( -10.49087941994937800, -4.999999999999998224, 29.83637352668032960 ) ) ;
#1047 = ADVANCED_FACE ( 'NONE', ( #365 ), #1082, .F. ) ;
#1048 = AXIS2_PLACEMENT_3D ( 'NONE', #93, #559, #1025 ) ;
#1049 = ORIENTED_EDGE ( 'NONE', *, *, #787, .F. ) ;
#1050 = CARTESIAN_POINT ( 'NONE',  ( -9.999999999999998224, -5.000000000000000000, 30.00000000000000000 ) ) ;
#1051 = LINE ( 'NONE', #475, #138 ) ;
#1052 = DIRECTION ( 'NONE',  ( 0.000000000000000000, 0.000000000000000000, -1.000000000000000000 ) ) ;
#1053 = CARTESIAN_POINT ( 'NONE',  ( -17.50000000000000000, 0.000000000000000000, 30.00000000000000000 ) ) ;
#1054 = EDGE_LOOP ( 'NONE', ( #951, #815 ) ) ;
#1055 = EDGE_CURVE ( 'NONE', #574, #343, #1359, .T. ) ;
#1056 = VECTOR ( 'NONE', #56, 1000.000000000000000 ) ;
#1057 = CARTESIAN_POINT ( 'NONE',  ( -2.596228028172541169, -7.092514502846808178, 27.53207600939082411 ) ) ;
#1058 = CARTESIAN_POINT ( 'NONE',  ( -3.739387691339814523, 3.319183588453084699, 1.500000000000000000 ) ) ;
#1059 = CARTESIAN_POINT ( 'NONE',  ( -9.819195542170387370, -9.999999999999998224, 1.614350534543835813 ) ) ;
#1060 = CARTESIAN_POINT ( 'NONE',  ( -9.999999999999998224, -4.999999999999998224, 30.00000000000000000 ) ) ;
#1061 = CARTESIAN_POINT ( 'NONE',  ( -9.999999999999998224, -10.00000000000000000, 1.500000000000000000 ) ) ;
#1062 = CARTESIAN_POINT ( 'NONE',  ( 11.98776906415961285, -9.024974479412605888, 24.03669280752172810 ) ) ;
#1063 = CARTESIAN_POINT ( 'NONE',  ( -2.512057524405219233, -7.336375508996414219, 27.50401917480176905 ) ) ;
#1064 = DIRECTION ( 'NONE',  ( -0.000000000000000000, -0.000000000000000000, -1.000000000000000000 ) ) ;
#1065 = CARTESIAN_POINT ( 'NONE',  ( 17.49999999999999645, -7.500000000000000888, 30.00000000000000000 ) ) ;
#1066 = CARTESIAN_POINT ( 'NONE',  ( -17.50000000000000355, -7.499999999999994671, 30.00000000000000000 ) ) ;
#1067 = ORIENTED_EDGE ( 'NONE', *, *, #662, .T. ) ;
#1068 = ORIENTED_EDGE ( 'NONE', *, *, #152, .F. ) ;
#1069 = DIRECTION ( 'NONE',  ( -1.000000000000000000, -1.734723475976694682E-15, 1.110223024625084557E-15 ) ) ;
#1070 = CARTESIAN_POINT ( 'NONE',  ( -7.283634464603474967, -6.417743999874118366, 27.28363446460658182 ) ) ;
#1071 = VERTEX_POINT ( 'NONE', #946 ) ;
#1072 = DIRECTION ( 'NONE',  ( -0.000000000000000000, -0.000000000000000000, -1.000000000000000000 ) ) ;
#1073 = FACE_OUTER_BOUND ( 'NONE', #44, .T. ) ;
#1074 = EDGE_CURVE ( 'NONE', #53, #697, #1422, .T. ) ;
#1075 = DIRECTION ( 'NONE',  ( 0.000000000000000000, -1.000000000000000000, 0.000000000000000000 ) ) ;
#1076 = CARTESIAN_POINT ( 'NONE',  ( 10.00000000000000178, -7.499999999999997335, 0.000000000000000000 ) ) ;
#1077 = ORIENTED_EDGE ( 'NONE', *, *, #1386, .F. ) ;
#1078 = CARTESIAN_POINT ( 'NONE',  ( 8.595749562368139252, -9.578326994058766530, 2.328152848404127617 ) ) ;
#1079 = CARTESIAN_POINT ( 'NONE',  ( 11.94461926309170430, -9.920041621762907269, 29.35179357896947394 ) ) ;
#1080 = CARTESIAN_POINT ( 'NONE',  ( 0.000000000000000000, 0.000000000000000000, 2.500000000000000000 ) ) ;
#1081 = ORIENTED_EDGE ( 'NONE', *, *, #739, .T. ) ;
#1082 = CYLINDRICAL_SURFACE ( 'NONE', #897, 2.499999999999999556 ) ;
#1083 = FACE_OUTER_BOUND ( 'NONE', #1333, .T. ) ;
#1084 = DIRECTION ( 'NONE',  ( 0.000000000000000000, 0.000000000000000000, -1.000000000000000000 ) ) ;
#1085 = CARTESIAN_POINT ( 'NONE',  ( -7.499999999999999112, -6.035533905932735976, 22.50000000000000000 ) ) ;
#1086 = AXIS2_PLACEMENT_3D ( 'NONE', #607, #1224, #378 ) ;
#1087 = ORIENTED_EDGE ( 'NONE', *, *, #536, .F. ) ;
#1088 = APPLICATION_CONTEXT ( 'automotive_design' ) ;
#1089 = ORIENTED_EDGE ( 'NONE', *, *, #456, .F. ) ;
#1090 = CARTESIAN_POINT ( 'NONE',  ( 13.32363404703468568, -9.747082401182193934, 28.89212198432208822 ) ) ;
#1091 = CARTESIAN_POINT ( 'NONE',  ( -8.347933123319370097, -9.383467029252107849, 25.04379936995811562 ) ) ;
#1092 = EDGE_LOOP ( 'NONE', ( #212, #269, #1161, #505 ) ) ;
#1093 = CARTESIAN_POINT ( 'NONE',  ( 7.289463340596908481, -6.993296805082747092, 27.28946334059754619 ) ) ;
#1094 = AXIS2_PLACEMENT_3D ( 'NONE', #1450, #181, #949 ) ;
#1095 = DIRECTION ( 'NONE',  ( -1.000000000000000000, 1.239088197126290570E-16, 0.000000000000000000 ) ) ;
#1096 = CARTESIAN_POINT ( 'NONE',  ( -9.794142872020707102, -5.008489846928148914, 2.500000000000000000 ) ) ;
#1097 = CARTESIAN_POINT ( 'NONE',  ( -12.24708240124384062, -8.607878015529092153, 23.25875279626815839 ) ) ;
#1098 = EDGE_CURVE ( 'NONE', #516, #1274, #506, .T. ) ;
#1099 = VERTEX_POINT ( 'NONE', #264 ) ;
#1100 = VECTOR ( 'NONE', #447, 1000.000000000000000 ) ;
#1101 = ORIENTED_EDGE ( 'NONE', *, *, #596, .T. ) ;
#1102 = EDGE_CURVE ( 'NONE', #1099, #53, #1414, .T. ) ;
#1103 = CARTESIAN_POINT ( 'NONE',  ( 10.64820642103041415, -9.920041621762930362, 28.05538073690829748 ) ) ;
#1104 = EDGE_LOOP ( 'NONE', ( #1049, #1087, #179, #639 ) ) ;
#1105 = CARTESIAN_POINT ( 'NONE',  ( 10.00000000000000178, -9.999999999999991118, 30.00000000000000000 ) ) ;
#1106 = CARTESIAN_POINT ( 'NONE',  ( -17.50000000000000000, 0.000000000000000000, 30.00000000000000000 ) ) ;
#1107 = DIRECTION ( 'NONE',  ( 0.000000000000000000, 0.000000000000000000, -1.000000000000000000 ) ) ;
#1108 = CARTESIAN_POINT ( 'NONE',  ( -13.04591209622220838, -7.228513134192950496, 26.95408790377729247 ) ) ;
#1109 = ORIENTED_EDGE ( 'NONE', *, *, #1278, .F. ) ;
#1110 = LINE ( 'NONE', #318, #720 ) ;
#1111 = VERTEX_POINT ( 'NONE', #844 ) ;
#1112 = CARTESIAN_POINT ( 'NONE',  ( 3.258752796268624685, -8.607878015529479399, 27.75291759875631925 ) ) ;
#1113 = CARTESIAN_POINT ( 'NONE',  ( -17.50000000000000000, 0.000000000000000000, 30.00000000000000000 ) ) ;
#1114 = DIRECTION ( 'NONE',  ( 1.000000000000000000, 0.000000000000000000, 0.000000000000000000 ) ) ;
#1115 = CARTESIAN_POINT ( 'NONE',  ( -16.74124720373092501, -8.607878015529157878, 27.75291759875618069 ) ) ;
#1116 = DIRECTION ( 'NONE',  ( -1.000000000000000000, 1.239088197126290570E-16, 0.000000000000000000 ) ) ;
#1117 = EDGE_CURVE ( 'NONE', #852, #1444, #1162, .T. ) ;
#1118 = CARTESIAN_POINT ( 'NONE',  ( 8.347933123319910109, -9.383467029252635427, 25.04379936995918854 ) ) ;
#1119 = DIRECTION ( 'NONE',  ( -0.000000000000000000, -1.000000000000000000, -0.000000000000000000 ) ) ;
#1120 = CARTESIAN_POINT ( 'NONE',  ( -17.11694578393836608, -8.305539146296291975, 27.62768473868738539 ) ) ;
#1121 = CIRCLE ( 'NONE', #1309, 4.000000000000000888 ) ;
#1122 = CARTESIAN_POINT ( 'NONE',  ( -7.583382561558613233, -9.872315261374552620, 29.19446085385324352 ) ) ;
#1123 = TOROIDAL_SURFACE ( 'NONE', #413, 7.499999999999998224, 2.499999999999998668 ) ;
#1124 = CARTESIAN_POINT ( 'NONE',  ( 11.46446609406726225, -9.999999999999992895, 25.60660171779822036 ) ) ;
#1125 = AXIS2_PLACEMENT_3D ( 'NONE', #329, #448, #572 ) ;
#1126 = CARTESIAN_POINT ( 'NONE',  ( 7.500000000000007105, -7.581812308444915161, 22.50000000000000711 ) ) ;
#1127 = CARTESIAN_POINT ( 'NONE',  ( -9.999999999999998224, -4.999999999999998224, 30.00000000000000000 ) ) ;
#1128 = EDGE_CURVE ( 'NONE', #829, #861, #432, .T. ) ;
#1129 = CARTESIAN_POINT ( 'NONE',  ( -17.43982842448817294, -7.173538789355793810, 27.52005719183724608 ) ) ;
#1130 = CARTESIAN_POINT ( 'NONE',  ( -9.018264432849166568, -9.983884780253021063, 29.67275481094884526 ) ) ;
#1131 = FACE_OUTER_BOUND ( 'NONE', #1320, .T. ) ;
#1132 = CARTESIAN_POINT ( 'NONE',  ( 7.283634464603750303, -6.417743999874414129, 27.28363446460544139 ) ) ;
#1133 = DIRECTION ( 'NONE',  ( 0.000000000000000000, -1.000000000000000000, 0.000000000000000000 ) ) ;
#1134 = CARTESIAN_POINT ( 'NONE',  ( 12.37231526131266612, -6.694460853703832370, 22.88305421606163392 ) ) ;
#1135 = CARTESIAN_POINT ( 'NONE',  ( -13.04591209622370584, -7.771486865804772215, 26.95408790377729247 ) ) ;
#1136 = AXIS2_PLACEMENT_3D ( 'NONE', #1178, #968, #1168 ) ;
#1137 = CARTESIAN_POINT ( 'NONE',  ( -9.672754810949191651, -9.983884780253090341, 29.01826443284856794 ) ) ;
#1138 = CARTESIAN_POINT ( 'NONE',  ( -10.32725037574234150, -10.00000000000360778, 29.67274962425644702 ) ) ;
#1139 = CARTESIAN_POINT ( 'NONE',  ( 5.425076561553344945, -5.512230935886712757, 28.47502552051805580 ) ) ;
#1140 = CARTESIAN_POINT ( 'NONE',  ( 11.27949200989974088, -5.238278770426989084, 28.72050799009965871 ) ) ;
#1141 = CARTESIAN_POINT ( 'NONE',  ( -13.32363404703468390, -5.252917598818166667, 28.89212198432120360 ) ) ;
#1142 = ADVANCED_FACE ( 'NONE', ( #17 ), #756, .T. ) ;
#1143 = DIRECTION ( 'NONE',  ( 1.000000000000000000, 0.000000000000000000, -0.000000000000000000 ) ) ;
#1144 = ORIENTED_EDGE ( 'NONE', *, *, #1459, .T. ) ;
#1145 = EDGE_CURVE ( 'NONE', #1111, #1297, #636, .T. ) ;
#1146 = DIRECTION ( 'NONE',  ( -0.000000000000000000, -0.000000000000000000, -1.000000000000000000 ) ) ;
#1147 = CARTESIAN_POINT ( 'NONE',  ( 7.487755058458167134, -7.663306587536203196, 27.48775505845859257 ) ) ;
#1148 = CARTESIAN_POINT ( 'NONE',  ( 14.39339828220178141, -5.000000000000003553, 28.53553390593273775 ) ) ;
#1149 = CARTESIAN_POINT ( 'NONE',  ( 12.55823443243275861, -7.192331823882481601, 27.44176556756659835 ) ) ;
#1150 = CARTESIAN_POINT ( 'NONE',  ( -11.27949200989974443, -5.238278770429384501, 28.72050799010204969 ) ) ;
#1151 = ORIENTED_EDGE ( 'NONE', *, *, #1278, .T. ) ;
#1152 = CARTESIAN_POINT ( 'NONE',  ( 2.512057524405225450, -7.336375508996523465, 27.50401917480176195 ) ) ;
#1153 = CARTESIAN_POINT ( 'NONE',  ( 12.41661743844107590, -5.127684738625404748, 29.19446085385335365 ) ) ;
#1154 = FACE_OUTER_BOUND ( 'NONE', #38, .T. ) ;
#1155 = ORIENTED_EDGE ( 'NONE', *, *, #424, .F. ) ;
#1156 = LINE ( 'NONE', #804, #899 ) ;
#1157 = CARTESIAN_POINT ( 'NONE',  ( -8.055380736908308137, -5.079958378237079408, 29.35179357896947749 ) ) ;
#1158 = EDGE_CURVE ( 'NONE', #375, #733, #560, .T. ) ;
#1159 = AXIS2_PLACEMENT_3D ( 'NONE', #1416, #1095, #1075 ) ;
#1160 = CARTESIAN_POINT ( 'NONE',  ( -12.98215881623091228, -7.908252827379419259, 27.01784118376818711 ) ) ;
#1161 = ORIENTED_EDGE ( 'NONE', *, *, #177, .T. ) ;
#1162 = CIRCLE ( 'NONE', #1094, 2.499999999999999556 ) ;
#1163 = CARTESIAN_POINT ( 'NONE',  ( -7.185995354669885593, -8.029944141088700249, 27.18599535467174633 ) ) ;
#1164 = CARTESIAN_POINT ( 'NONE',  ( 8.000000000000007105, -8.999999999999989342, 2.500000000000000000 ) ) ;
#1165 =( GEOMETRIC_REPRESENTATION_CONTEXT ( 3 ) GLOBAL_UNCERTAINTY_ASSIGNED_CONTEXT ( ( #1176 ) ) GLOBAL_UNIT_ASSIGNED_CONTEXT ( ( #462, #1250, #668 ) ) REPRESENTATION_CONTEXT ( 'NONE', 'WORKASPACE' ) );
#1166 = CARTESIAN_POINT ( 'NONE',  ( -9.999999999999998224, -9.999999999999998224, 30.00000000000000000 ) ) ;
#1167 = CIRCLE ( 'NONE', #266, 2.500000000000000444 ) ;
#1168 = DIRECTION ( 'NONE',  ( -1.387778780781446859E-15, 1.000000000000000000, 0.000000000000000000 ) ) ;
#1169 = ORIENTED_EDGE ( 'NONE', *, *, #787, .T. ) ;
#1170 = CARTESIAN_POINT ( 'NONE',  ( -8.423528711166142102, -5.380284697198261412, 28.42352871116614210 ) ) ;
#1171 = DIRECTION ( 'NONE',  ( 0.000000000000000000, 0.000000000000000000, -1.000000000000000000 ) ) ;
#1172 = CARTESIAN_POINT ( 'NONE',  ( -17.49999999999999645, 7.500000000000000888, 30.00000000000000000 ) ) ;
#1173 = CARTESIAN_POINT ( 'NONE',  ( -11.86969384566990549, -5.840408205773456984, 0.000000000000000000 ) ) ;
#1174 = CARTESIAN_POINT ( 'NONE',  ( 12.51224494154183731, -7.663306587536206749, 27.48775505845858902 ) ) ;
#1175 = CARTESIAN_POINT ( 'NONE',  ( -8.720507990100260898, -5.238278770426985531, 28.72050799009846500 ) ) ;
#1176 = UNCERTAINTY_MEASURE_WITH_UNIT (LENGTH_MEASURE( 1.000000000000000082E-05 ), #462, 'distance_accuracy_value', 'NONE');
#1177 = CARTESIAN_POINT ( 'NONE',  ( -17.50000000000000000, -7.499999999999998224, 27.49999999999999645 ) ) ;
#1178 = CARTESIAN_POINT ( 'NONE',  ( -17.49999999999999645, 7.500000000000000888, 30.00000000000000000 ) ) ;
#1179 = ORIENTED_EDGE ( 'NONE', *, *, #581, .F. ) ;
#1180 = ORIENTED_EDGE ( 'NONE', *, *, #1418, .T. ) ;
#1181 = EDGE_CURVE ( 'NONE', #861, #369, #622, .T. ) ;
#1182 = PRODUCT_RELATED_PRODUCT_CATEGORY ( 'part', '', ( #939 ) ) ;
#1183 = VECTOR ( 'NONE', #686, 1000.000000000000000 ) ;
#1184 = DIRECTION ( 'NONE',  ( 1.387778780781445873E-15, -1.000000000000000000, 0.000000000000000000 ) ) ;
#1185 = CARTESIAN_POINT ( 'NONE',  ( -8.064784269469578604, -9.086379025959443467, 2.500000000000000444 ) ) ;
#1186 = CARTESIAN_POINT ( 'NONE',  ( 10.00000000000000178, -9.999999999999992895, 30.00000000000000000 ) ) ;
#1187 = PLANE ( 'NONE',  #542 ) ;
#1188 =( BOUNDED_SURFACE ( )  B_SPLINE_SURFACE ( 3, 2, ( 
 ( #543, #421, #995 ),
 ( #80, #288, #1451 ),
 ( #1351, #276, #742 ),
 ( #1267, #1140, #685 ),
 ( #1024, #779, #1153 ),
 ( #894, #549, #1037 ),
 ( #334, #1261, #908 ),
 ( #1490, #1365, #222 ),
 ( #1469, #706, #1372 ),
 ( #800, #453, #428 ),
 ( #565, #339, #1290 ),
 ( #913, #320, #786 ),
 ( #1253, #201, #1482 ),
 ( #1134, #434, #92 ),
 ( #922, #793, #1017 ),
 ( #1476, #328, #901 ),
 ( #443, #1495, #209 ),
 ( #558, #1174, #215 ),
 ( #104, #1357, #571 ),
 ( #1384, #824, #96 ),
 ( #243, #86, #677 ),
 ( #126, #1149, #1030 ),
 ( #314, #670, #1245 ),
 ( #663, #1298, #982 ),
 ( #508, #1306, #282 ),
 ( #253, #604, #393 ),
 ( #962, #839, #52 ),
 ( #1062, #1403, #383 ),
 ( #21, #1411, #1421 ),
 ( #611, #972, #167 ),
 ( #1445, #41, #1325 ),
 ( #157, #1435, #480 ),
 ( #1211, #714, #1090 ),
 ( #373, #1335, #944 ),
 ( #1103, #869, #1079 ),
 ( #859, #850, #519 ),
 ( #725, #746, #623 ),
 ( #363, #632, #292 ) ),
 .UNSPECIFIED., .F., .F., .T. ) 
 B_SPLINE_SURFACE_WITH_KNOTS ( ( 4, 2, 2, 2, 2, 2, 2, 2, 2, 2, 2, 2, 2, 2, 2, 2, 2, 2, 4 ),
 ( 3, 3 ),
 ( 4.712388980384689674, 4.908738521234051966, 5.105088062083414258, 5.301437602932775661, 5.497787143782137953, 5.694136684631500245, 5.890486225480861648, 6.086835766330223940, 6.185010536754905530, 6.283185307179586232, 6.381360077604266934, 6.479534848028948524, 6.675884388878310816, 6.872233929727672219, 7.068583470577034511, 7.264933011426396803, 7.461282552275758206, 7.657632093125120498, 7.853981633974482790 ),
 ( 0.000000000000000000, 1.000000000000000000 ),
 .UNSPECIFIED. ) 
 GEOMETRIC_REPRESENTATION_ITEM ( )  RATIONAL_B_SPLINE_SURFACE ( (
 ( 1.000000000000000000, 1.000000000000000000, 1.000000000000000000),
 ( 1.000000000000000000, 1.000009746425174040, 1.000000000000000000),
 ( 1.000000000000000000, 0.9967613244414756934, 1.000000000000000000),
 ( 1.000000000000000000, 0.9841171505062651370, 1.000000000000000000),
 ( 1.000000000000000000, 0.9747108043222098006, 1.000000000000000000),
 ( 1.000000000000000000, 0.9506740354401036486, 1.000000000000000000),
 ( 1.000000000000000000, 0.9360421842008710414, 1.000000000000000000),
 ( 1.000000000000000000, 0.9031650994855249248, 1.000000000000000000),
 ( 1.000000000000000000, 0.8849191470250530323, 1.000000000000000000),
 ( 1.000000000000000000, 0.8471316605438259373, 1.000000000000000000),
 ( 1.000000000000000000, 0.8275942694441942304, 1.000000000000000000),
 ( 1.000000000000000000, 0.7902180087991472757, 1.000000000000000000),
 ( 1.000000000000000000, 0.7723968216423001687, 1.000000000000000000),
 ( 1.000000000000000000, 0.7418334180549048806, 1.000000000000000000),
 ( 1.000000000000000000, 0.7291288938889020077, 1.000000000000000000),
 ( 1.000000000000000000, 0.7160917254630366768, 1.000000000000000000),
 ( 1.000000000000000000, 0.7127418075410001386, 1.000000000000000000),
 ( 1.000000000000000000, 0.7082489452778799599, 1.000000000000000000),
 ( 1.000000000000000000, 0.7071067811865203723, 1.000000000000000000),
 ( 1.000000000000000000, 0.7071067811865747732, 1.000000000000000000),
 ( 1.000000000000000000, 0.7082489452778798489, 1.000000000000000000),
 ( 1.000000000000000000, 0.7127418075410000275, 1.000000000000000000),
 ( 1.000000000000000000, 0.7160917254630783102, 1.000000000000000000),
 ( 1.000000000000000000, 0.7291288938888187410, 1.000000000000000000),
 ( 1.000000000000000000, 0.7418334180548457057, 1.000000000000000000),
 ( 1.000000000000000000, 0.7723968216423577893, 1.000000000000000000),
 ( 1.000000000000000000, 0.7902180087991470536, 1.000000000000000000),
 ( 1.000000000000000000, 0.8275942694441940084, 1.000000000000000000),
 ( 1.000000000000000000, 0.8471316605438578007, 1.000000000000000000),
 ( 1.000000000000000000, 0.8849191470250180602, 1.000000000000000000),
 ( 1.000000000000000000, 0.9031650994855601189, 1.000000000000000000),
 ( 1.000000000000000000, 0.9360421842008352922, 1.000000000000000000),
 ( 1.000000000000000000, 0.9506740354400660120, 1.000000000000000000),
 ( 1.000000000000000000, 0.9747108043222463269, 1.000000000000000000),
 ( 1.000000000000000000, 0.9841171505062649150, 1.000000000000000000),
 ( 1.000000000000000000, 0.9967613244414754714, 1.000000000000000000),
 ( 1.000000000000000000, 1.000009746425174484, 1.000000000000000000),
 ( 1.000000000000000000, 1.000000000000000000, 1.000000000000000000) ) ) 
 REPRESENTATION_ITEM ( '' )  SURFACE ( )  );
#1189 = EDGE_LOOP ( 'NONE', ( #94, #1180, #491, #293 ) ) ;
#1190 = DIRECTION ( 'NONE',  ( -0.6638367176906168066, -0.7478775382679627715, 0.000000000000000000 ) ) ;
#1191 = DIRECTION ( 'NONE',  ( 0.000000000000000000, 0.000000000000000000, 1.000000000000000000 ) ) ;
#1192 = CARTESIAN_POINT ( 'NONE',  ( -10.00000000000000711, -9.999999999999994671, 30.00000000000002842 ) ) ;
#1193 = ORIENTED_EDGE ( 'NONE', *, *, #1002, .F. ) ;
#1194 = EDGE_CURVE ( 'NONE', #878, #1376, #1331, .T. ) ;
#1195 = DIRECTION ( 'NONE',  ( 1.387778780781445873E-15, -1.000000000000000000, 0.000000000000000000 ) ) ;
#1196 = CARTESIAN_POINT ( 'NONE',  ( 9.794142872020719537, -5.008489846928154243, 2.500000000000000000 ) ) ;
#1197 = DIRECTION ( 'NONE',  ( -1.000000000000000000, 0.000000000000000000, 0.000000000000000000 ) ) ;
#1198 = AXIS2_PLACEMENT_3D ( 'NONE', #1417, #472, #154 ) ;
#1199 = VERTEX_POINT ( 'NONE', #834 ) ;
#1200 = ORIENTED_EDGE ( 'NONE', *, *, #1098, .T. ) ;
#1201 = PLANE ( 'NONE',  #454 ) ;
#1202 = CARTESIAN_POINT ( 'NONE',  ( -2.512057524405218345, -7.663624491003579564, 27.50401917480176550 ) ) ;
#1203 = ORIENTED_EDGE ( 'NONE', *, *, #1236, .T. ) ;
#1204 = EDGE_CURVE ( 'NONE', #375, #1499, #730, .T. ) ;
#1205 = CARTESIAN_POINT ( 'NONE',  ( 7.894205178047587701, -9.265313924204964025, 27.89420517804758504 ) ) ;
#1206 = CARTESIAN_POINT ( 'NONE',  ( 0.000000000000000000, 0.000000000000000000, -4.592425496802569288E-17 ) ) ;
#1207 = B_SPLINE_CURVE_WITH_KNOTS ( 'NONE', 3,
 ( #838, #1210, #166, #1305, #970, #1078, #30, #621, #631, #496, #40, #1420 ),
 .UNSPECIFIED., .F., .F.,
 ( 4, 2, 2, 2, 2, 4 ),
 ( 0.000000000000000000, 0.0003191324024164094060, 0.0006382648048328188120, 0.001276529609665638275, 0.001914794414498457520, 0.002553059219331276983 ),
 .UNSPECIFIED. ) ;
#1208 = DIRECTION ( 'NONE',  ( -0.000000000000000000, -0.000000000000000000, -1.000000000000000000 ) ) ;
#1209 = ORIENTED_EDGE ( 'NONE', *, *, #1227, .T. ) ;
#1210 = CARTESIAN_POINT ( 'NONE',  ( 8.064785669185276618, -9.086380892247015950, 2.499999999999999556 ) ) ;
#1211 = CARTESIAN_POINT ( 'NONE',  ( 11.10787801567819955, -9.747082401182073141, 26.67636595296589519 ) ) ;
#1212 = VERTEX_POINT ( 'NONE', #976 ) ;
#1213 = CARTESIAN_POINT ( 'NONE',  ( -11.46446609406725869, -9.999999999999992895, 25.60660171779820971 ) ) ;
#1214 = AXIS2_PLACEMENT_3D ( 'NONE', #211, #322, #1257 ) ;
#1215 = FILL_AREA_STYLE_COLOUR ( '', #35 ) ;
#1216 = CYLINDRICAL_SURFACE ( 'NONE', #3, 2.500000000000000444 ) ;
#1217 = CARTESIAN_POINT ( 'NONE',  ( -12.37231526131258619, -8.305539146296359476, 22.88305421606254342 ) ) ;
#1218 = ORIENTED_EDGE ( 'NONE', *, *, #118, .T. ) ;
#1219 = ADVANCED_FACE ( 'NONE', ( #1322 ), #690, .T. ) ;
#1220 = CARTESIAN_POINT ( 'NONE',  ( -7.499999999999998224, -7.500000000000000000, 2.500000000000000000 ) ) ;
#1221 = CARTESIAN_POINT ( 'NONE',  ( -17.50000000000000355, -7.499999999999994671, 30.00000000000000000 ) ) ;
#1222 = EDGE_LOOP ( 'NONE', ( #969, #1203, #858, #403 ) ) ;
#1223 = CARTESIAN_POINT ( 'NONE',  ( 9.509120580049582827, -9.999999999999991118, 29.83637352668279163 ) ) ;
#1224 = DIRECTION ( 'NONE',  ( 0.000000000000000000, 0.000000000000000000, -1.000000000000000000 ) ) ;
#1225 = DIRECTION ( 'NONE',  ( -1.000000000000000000, -6.938893903907230350E-16, 0.000000000000000000 ) ) ;
#1226 = CARTESIAN_POINT ( 'NONE',  ( -12.49598082519823983, -7.336375508996524353, 22.51205752440521479 ) ) ;
#1227 = EDGE_CURVE ( 'NONE', #369, #1212, #349, .T. ) ;
#1228 = CARTESIAN_POINT ( 'NONE',  ( 7.500000000000007105, -8.964466094067258695, 22.50000000000000711 ) ) ;
#1229 = ORIENTED_EDGE ( 'NONE', *, *, #581, .T. ) ;
#1230 = CARTESIAN_POINT ( 'NONE',  ( 8.720507990101465268, -9.761721229566411751, 28.72050799009965871 ) ) ;
#1231 = DIRECTION ( 'NONE',  ( -1.000000000000000000, 0.000000000000000000, 0.000000000000000000 ) ) ;
#1232 = CARTESIAN_POINT ( 'NONE',  ( -12.49999999999999645, -7.418187691555072405, 22.50000000000000000 ) ) ;
#1233 = CARTESIAN_POINT ( 'NONE',  ( -7.579958378194236346, -8.148206420815126805, 22.73987513458202159 ) ) ;
#1234 = VECTOR ( 'NONE', #854, 1000.000000000000000 ) ;
#1235 = CARTESIAN_POINT ( 'NONE',  ( 3.739387691339815412, 3.319183588453086031, 0.000000000000000000 ) ) ;
#1236 = EDGE_CURVE ( 'NONE', #568, #1199, #1428, .T. ) ;
#1237 = CARTESIAN_POINT ( 'NONE',  ( 7.520057191837265620, -7.826461210644309219, 22.56017157551183061 ) ) ;
#1238 = CYLINDRICAL_SURFACE ( 'NONE', #987, 1.000000000000000888 ) ;
#1239 = CARTESIAN_POINT ( 'NONE',  ( -17.49999999999999645, -7.581812308444808579, 27.50000000000000000 ) ) ;
#1240 = CIRCLE ( 'NONE', #134, 2.499999999999999556 ) ;
#1241 = CARTESIAN_POINT ( 'NONE',  ( -2.739875134582236971, -8.148206420814585016, 27.57995837819413154 ) ) ;
#1242 = DIRECTION ( 'NONE',  ( -1.000000000000000000, -6.938893903907230350E-16, -0.000000000000000000 ) ) ;
#1243 = TOROIDAL_SURFACE ( 'NONE', #197, 7.500000000000000000, 2.499999999999998668 ) ;
#1244 = CARTESIAN_POINT ( 'NONE',  ( 7.017841183768649849, -7.908252827378980498, 27.01784118376909660 ) ) ;
#1245 = CARTESIAN_POINT ( 'NONE',  ( 17.40377197182778701, -7.907485497153100340, 27.53207600939080635 ) ) ;
#1246 = DIRECTION ( 'NONE',  ( 0.000000000000000000, 0.000000000000000000, 1.000000000000000000 ) ) ;
#1247 = AXIS2_PLACEMENT_3D ( 'NONE', #270, #1289, #251 ) ;
#1248 = CARTESIAN_POINT ( 'NONE',  ( -8.720507990097248197, -9.761721229570005320, 28.72050799010445488 ) ) ;
#1249 = CARTESIAN_POINT ( 'NONE',  ( -11.57647128883385257, -9.619715302804021206, 28.42352871116499458 ) ) ;
#1250 =( NAMED_UNIT ( * ) PLANE_ANGLE_UNIT ( ) SI_UNIT ( $, .RADIAN. ) );
#1251 = CARTESIAN_POINT ( 'NONE',  ( 2.883054216062087338, -6.694460853703713354, 27.62768473868738894 ) ) ;
#1252 = EDGE_CURVE ( 'NONE', #733, #816, #502, .T. ) ;
#1253 = CARTESIAN_POINT ( 'NONE',  ( 12.24708240124376246, -6.392121984470711560, 23.25875279626907499 ) ) ;
#1254 = CARTESIAN_POINT ( 'NONE',  ( -10.80553914614714728, -5.127684738625607253, 27.58338256155890278 ) ) ;
#1255 = AXIS2_PLACEMENT_3D ( 'NONE', #644, #649, #1346 ) ;
#1256 = EDGE_CURVE ( 'NONE', #218, #29, #967, .T. ) ;
#1257 = DIRECTION ( 'NONE',  ( 0.7478775382679629935, 0.6638367176906168066, 0.000000000000000000 ) ) ;
#1258 = CARTESIAN_POINT ( 'NONE',  ( 8.535533905932741305, -9.999999999999992895, 25.60660171779822036 ) ) ;
#1259 = CARTESIAN_POINT ( 'NONE',  ( -17.49999999999999645, -8.964466094067260471, 27.49999999999999645 ) ) ;
#1260 = CARTESIAN_POINT ( 'NONE',  ( 7.289463340598185681, -8.006703194918113553, 27.28946334059839529 ) ) ;
#1261 = CARTESIAN_POINT ( 'NONE',  ( 12.33914111884512543, -5.950632984408565918, 27.66085888115377855 ) ) ;
#1262 = FACE_OUTER_BOUND ( 'NONE', #1389, .T. ) ;
#1263 = ORIENTED_EDGE ( 'NONE', *, *, #1399, .F. ) ;
#1264 = EDGE_LOOP ( 'NONE', ( #625, #175, #1437, #278 ) ) ;
#1265 = CARTESIAN_POINT ( 'NONE',  ( -9.901752307053143909, -4.999598785733017969, 2.500000000000000444 ) ) ;
#1266 = CARTESIAN_POINT ( 'NONE',  ( 10.00000000000000178, -5.000000000000002665, 30.00000000000000000 ) ) ;
#1267 = CARTESIAN_POINT ( 'NONE',  ( 10.64820642103058113, -5.079958378237095395, 28.05538073690831169 ) ) ;
#1268 = CARTESIAN_POINT ( 'NONE',  ( -10.32725037573823457, -5.000000000001204370, 29.67274962425454277 ) ) ;
#1269 = EDGE_CURVE ( 'NONE', #1444, #852, #1473, .T. ) ;
#1270 = ORIENTED_EDGE ( 'NONE', *, *, #232, .F. ) ;
#1271 = CARTESIAN_POINT ( 'NONE',  ( 10.00000000000001954, -5.000000000000003553, 30.00000000000002132 ) ) ;
#1272 = LINE ( 'NONE', #1058, #676 ) ;
#1273 = CARTESIAN_POINT ( 'NONE',  ( -10.64820642103052606, -5.079958378237082961, 28.05538073690948764 ) ) ;
#1274 = VERTEX_POINT ( 'NONE', #1440 ) ;
#1275 = ORIENTED_EDGE ( 'NONE', *, *, #439, .F. ) ;
#1276 = CARTESIAN_POINT ( 'NONE',  ( -7.017841183769973235, -7.908252827379864236, 27.01784118376818000 ) ) ;
#1277 = STYLED_ITEM ( 'NONE', ( #873 ), #1284 ) ;
#1278 = EDGE_CURVE ( 'NONE', #910, #878, #397, .T. ) ;
#1279 = DIRECTION ( 'NONE',  ( 0.000000000000000000, -1.000000000000000000, 0.000000000000000000 ) ) ;
#1280 = LINE ( 'NONE', #268, #932 ) ;
#1281 = ORIENTED_EDGE ( 'NONE', *, *, #551, .T. ) ;
#1282 = ORIENTED_EDGE ( 'NONE', *, *, #485, .T. ) ;
#1283 = AXIS2_PLACEMENT_3D ( 'NONE', #15, #492, #1195 ) ;
#1284 = MANIFOLD_SOLID_BREP ( 'Verrundung2', #856 ) ;
#1285 = CARTESIAN_POINT ( 'NONE',  ( -9.999999999999998224, -4.999999999999999112, 30.00000000000000000 ) ) ;
#1286 = CARTESIAN_POINT ( 'NONE',  ( 10.62212437068098048, -5.070118923219827600, 2.328159313916728479 ) ) ;
#1287 = CARTESIAN_POINT ( 'NONE',  ( 7.500000000000007105, -6.035533905932736864, 22.50000000000000711 ) ) ;
#1288 = ORIENTED_EDGE ( 'NONE', *, *, #202, .F. ) ;
#1289 = DIRECTION ( 'NONE',  ( -0.000000000000000000, -0.000000000000000000, -1.000000000000000000 ) ) ;
#1290 = CARTESIAN_POINT ( 'NONE',  ( 15.96330719247924357, -5.975025520587500694, 28.01223093584031432 ) ) ;
#1291 = CARTESIAN_POINT ( 'NONE',  ( -9.343535003339660250, -5.049266670523521405, 29.34353500334144726 ) ) ;
#1292 = CARTESIAN_POINT ( 'NONE',  ( 7.500000000000009770, -7.499999999999997335, 2.500000000000000000 ) ) ;
#1293 = EDGE_CURVE ( 'NONE', #1499, #1419, #140, .T. ) ;
#1294 = DIRECTION ( 'NONE',  ( -6.938893903907230350E-16, 1.000000000000000000, 0.000000000000000000 ) ) ;
#1295 = ORIENTED_EDGE ( 'NONE', *, *, #563, .T. ) ;
#1296 = ADVANCED_FACE ( 'NONE', ( #1001 ), #1123, .T. ) ;
#1297 = VERTEX_POINT ( 'NONE', #548 ) ;
#1298 = CARTESIAN_POINT ( 'NONE',  ( 12.71053665940160826, -6.993296805082741763, 27.28946334059839529 ) ) ;
#1299 = CARTESIAN_POINT ( 'NONE',  ( -2.499999999999999556, -7.581812308444924042, 27.50000000000000000 ) ) ;
#1300 = CARTESIAN_POINT ( 'NONE',  ( -9.999999999999998224, -7.500000000000000000, 0.000000000000000000 ) ) ;
#1301 = CARTESIAN_POINT ( 'NONE',  ( 11.32077156917154781, -5.369617705132977648, 1.947012117824075572 ) ) ;
#1302 = CARTESIAN_POINT ( 'NONE',  ( 2.991510153071852862, 2.655346870762469003, 2.500000000000000000 ) ) ;
#1303 = FACE_OUTER_BOUND ( 'NONE', #744, .T. ) ;
#1304 = ORIENTED_EDGE ( 'NONE', *, *, #1029, .F. ) ;
#1305 = CARTESIAN_POINT ( 'NONE',  ( 8.279854202027834731, -9.317164378395162316, 2.451531110645713607 ) ) ;
#1306 = CARTESIAN_POINT ( 'NONE',  ( 12.81400464532916850, -6.970055858910124691, 27.18599535467176409 ) ) ;
#1307 = CARTESIAN_POINT ( 'NONE',  ( -7.752917598756202899, -6.392121984470792384, 23.25875279626815839 ) ) ;
#1308 = ORIENTED_EDGE ( 'NONE', *, *, #342, .T. ) ;
#1309 = AXIS2_PLACEMENT_3D ( 'NONE', #182, #1003, #1114 ) ;
#1310 = DIRECTION ( 'NONE',  ( -0.000000000000000000, -0.000000000000000000, -1.000000000000000000 ) ) ;
#1311 = DIRECTION ( 'NONE',  ( 0.000000000000000000, 0.000000000000000000, -1.000000000000000000 ) ) ;
#1312 = CARTESIAN_POINT ( 'NONE',  ( -4.999999999999984013, -9.999999999999991118, 25.00000000000000000 ) ) ;
#1313 = DIRECTION ( 'NONE',  ( 1.000000000000000000, 1.734723475976694682E-15, 1.110223024625084557E-15 ) ) ;
#1314 = AXIS2_PLACEMENT_3D ( 'NONE', #820, #265, #129 ) ;
#1315 = ORIENTED_EDGE ( 'NONE', *, *, #6, .T. ) ;
#1316 = ORIENTED_EDGE ( 'NONE', *, *, #1497, .T. ) ;
#1317 = EDGE_CURVE ( 'NONE', #375, #20, #468, .T. ) ;
#1318 = DIRECTION ( 'NONE',  ( -0.000000000000000000, -0.000000000000000000, -1.000000000000000000 ) ) ;
#1319 = CARTESIAN_POINT ( 'NONE',  ( -7.504019174801763725, -7.663624491003560024, 22.51205752440521479 ) ) ;
#1320 = EDGE_LOOP ( 'NONE', ( #704, #1275, #120, #609 ) ) ;
#1321 = FACE_OUTER_BOUND ( 'NONE', #1026, .T. ) ;
#1322 = FACE_OUTER_BOUND ( 'NONE', #1484, .T. ) ;
#1323 = ORIENTED_EDGE ( 'NONE', *, *, #1399, .T. ) ;
#1324 = CARTESIAN_POINT ( 'NONE',  ( -11.12181630740194294, -6.504244923464074901, 2.500000000000000000 ) ) ;
#1325 = CARTESIAN_POINT ( 'NONE',  ( 14.57492343844665861, -9.487769064112773876, 28.47502552051728841 ) ) ;
#1326 = CARTESIAN_POINT ( 'NONE',  ( -2.883054216062079789, -8.305539146295895847, 27.62768473868721841 ) ) ;
#1327 = CIRCLE ( 'NONE', #741, 2.499999999999997780 ) ;
#1328 = EDGE_LOOP ( 'NONE', ( #300, #1282, #23, #602, #857, #331, #142, #1218 ) ) ;
#1329 = CARTESIAN_POINT ( 'NONE',  ( 3.491263007941080687, -8.752876685685061275, 27.83042100264666985 ) ) ;
#1330 = EDGE_CURVE ( 'NONE', #1071, #816, #567, .T. ) ;
#1331 = LINE ( 'NONE', #740, #1354 ) ;
#1332 = CARTESIAN_POINT ( 'NONE',  ( -12.37231526131274961, -6.694460853704033987, 22.88305421606253631 ) ) ;
#1333 = EDGE_LOOP ( 'NONE', ( #1323, #828, #228, #507, #925 ) ) ;
#1334 = DIRECTION ( 'NONE',  ( -1.000000000000000000, 0.000000000000000000, 0.000000000000000000 ) ) ;
#1335 = CARTESIAN_POINT ( 'NONE',  ( 11.57647128883214904, -9.619715302802291035, 28.42352871116383994 ) ) ;
#1336 = ORIENTED_EDGE ( 'NONE', *, *, #177, .F. ) ;
#1337 = CARTESIAN_POINT ( 'NONE',  ( 8.747123314383681958, -9.669578997399256082, 26.24136994315318105 ) ) ;
#1338 = CARTESIAN_POINT ( 'NONE',  ( 17.49999999999999645, -9.999999999999998224, 30.00000000000000000 ) ) ;
#1339 = CARTESIAN_POINT ( 'NONE',  ( -25.00000000000000000, 0.000000000000000000, 30.00000000000000000 ) ) ;
#1340 = CARTESIAN_POINT ( 'NONE',  ( -13.32363404703466436, -9.747082401182115774, 28.89212198432189282 ) ) ;
#1341 =( BOUNDED_CURVE ( )  B_SPLINE_CURVE ( 3, ( #1060, #494, #1085, #1429 ),
 .UNSPECIFIED., .F., .T. ) 
 B_SPLINE_CURVE_WITH_KNOTS ( ( 4, 4 ),
 ( 4.712388980384689674, 6.283185307179586232 ),
 .UNSPECIFIED. ) 
 CURVE ( )  GEOMETRIC_REPRESENTATION_ITEM ( )  RATIONAL_B_SPLINE_CURVE ( ( 1.000000000000000000, 0.8047378541243649375, 0.8047378541243649375, 1.000000000000000000 ) ) 
 REPRESENTATION_ITEM ( '' )  );
#1342 = ORIENTED_EDGE ( 'NONE', *, *, #1330, .F. ) ;
#1343 = APPLICATION_PROTOCOL_DEFINITION ( 'draft international standard', 'automotive_design', 1998, #279 ) ;
#1344 = CARTESIAN_POINT ( 'NONE',  ( 8.423528711166145655, -9.619715302804017654, 28.42352871116614210 ) ) ;
#1345 = DIRECTION ( 'NONE',  ( -1.000000000000000000, 0.000000000000000000, 0.000000000000000000 ) ) ;
#1346 = DIRECTION ( 'NONE',  ( 1.000000000000000000, 0.000000000000000000, 0.000000000000000000 ) ) ;
#1347 = CARTESIAN_POINT ( 'NONE',  ( -17.40377197182735003, -7.907485497153185605, 27.53207600939082411 ) ) ;
#1348 = ADVANCED_FACE ( 'NONE', ( #1457 ), #643, .T. ) ;
#1349 = DIRECTION ( 'NONE',  ( -1.000000000000000000, 0.000000000000000000, 0.000000000000000000 ) ) ;
#1350 = CARTESIAN_POINT ( 'NONE',  ( 9.672749624258337064, -10.00000000000360423, 29.67274962425712559 ) ) ;
#1351 = CARTESIAN_POINT ( 'NONE',  ( 10.32724518905005695, -5.016115219746758669, 29.01826443284977941 ) ) ;
#1352 = CARTESIAN_POINT ( 'NONE',  ( -16.50873699205892464, -8.752876685685173186, 27.83042100264674445 ) ) ;
#1353 = DIRECTION ( 'NONE',  ( -1.000000000000000000, 0.000000000000000000, 0.000000000000000000 ) ) ;
#1354 = VECTOR ( 'NONE', #486, 1000.000000000000000 ) ;
#1355 = CARTESIAN_POINT ( 'NONE',  ( -11.10787801567860278, -9.747082401181911493, 26.67636595296475477 ) ) ;
#1356 = CARTESIAN_POINT ( 'NONE',  ( -9.999999999999998224, -9.999999999999998224, 30.00000000000000000 ) ) ;
#1357 = CARTESIAN_POINT ( 'NONE',  ( 12.49999999999999289, -7.581812302627373157, 27.50000000000000711 ) ) ;
#1358 = CARTESIAN_POINT ( 'NONE',  ( -15.65040108775739647, -5.847933123319639215, 28.11653297074762037 ) ) ;
#1359 = CIRCLE ( 'NONE', #234, 2.499999999999999556 ) ;
#1360 = CARTESIAN_POINT ( 'NONE',  ( -8.747123314384186443, -9.669578997399604248, 26.24136994315206195 ) ) ;
#1361 = CARTESIAN_POINT ( 'NONE',  ( -10.65646499665974289, -9.950733329476474154, 29.34353500334025000 ) ) ;
#1362 = ADVANCED_FACE ( 'NONE', ( #1023 ), #695, .T. ) ;
#1363 = CIRCLE ( 'NONE', #971, 9.999999999999998224 ) ;
#1364 = CARTESIAN_POINT ( 'NONE',  ( 7.500000000000006217, -7.581812302627159106, 27.50000000000000711 ) ) ;
#1365 = CARTESIAN_POINT ( 'NONE',  ( 12.71636553539568659, -6.417743999874412353, 27.28363446460544139 ) ) ;
#1366 = CARTESIAN_POINT ( 'NONE',  ( -12.49999999999999822, -7.500000000000000000, 0.000000000000000000 ) ) ;
#1367 = CARTESIAN_POINT ( 'NONE',  ( -9.836373526684409896, -9.999999999999994671, 29.50912058004962191 ) ) ;
#1368 = DIRECTION ( 'NONE',  ( -1.000000000000000000, 1.239088197126290570E-16, 0.000000000000000000 ) ) ;
#1369 = CARTESIAN_POINT ( 'NONE',  ( -17.50000000000000000, -7.499999999999998224, 27.49999999999999645 ) ) ;
#1370 = CARTESIAN_POINT ( 'NONE',  ( 6.928072648052445714, -7.394356998479519660, 26.92807264805292178 ) ) ;
#1371 =( NAMED_UNIT ( * ) SI_UNIT ( $, .STERADIAN. ) SOLID_ANGLE_UNIT ( ) );
#1372 = CARTESIAN_POINT ( 'NONE',  ( 14.95620063004133193, -5.616532970747754483, 28.34793312331951398 ) ) ;
#1373 = CYLINDRICAL_SURFACE ( 'NONE', #1125, 2.499999999999995115 ) ;
#1374 = TOROIDAL_SURFACE ( 'NONE', #208, 7.499999999999998224, 2.499999999999998668 ) ;
#1375 = ORIENTED_EDGE ( 'NONE', *, *, #1102, .T. ) ;
#1376 = VERTEX_POINT ( 'NONE', #907 ) ;
#1377 = CARTESIAN_POINT ( 'NONE',  ( 8.012230935840392476, -5.975025520587389671, 24.03669280752172810 ) ) ;
#1378 = CARTESIAN_POINT ( 'NONE',  ( -13.03827424415401559, -7.160447745626909999, 26.96172575584598619 ) ) ;
#1379 = ADVANCED_FACE ( 'NONE', ( #326 ), #792, .F. ) ;
#1380 = AXIS2_PLACEMENT_3D ( 'NONE', #640, #898, #546 ) ;
#1381 = EDGE_LOOP ( 'NONE', ( #487, #1229, #106 ) ) ;
#1382 = CARTESIAN_POINT ( 'NONE',  ( -9.999999999999998224, -9.999999999999998224, 30.00000000000000000 ) ) ;
#1383 = CARTESIAN_POINT ( 'NONE',  ( 6.241369943152622390, -5.330421002600567171, 28.74712331438393065 ) ) ;
#1384 = CARTESIAN_POINT ( 'NONE',  ( 12.49999999999999289, -7.581812308444818349, 22.50000000000000711 ) ) ;
#1385 = ORIENTED_EDGE ( 'NONE', *, *, #79, .F. ) ;
#1386 = EDGE_CURVE ( 'NONE', #961, #53, #1051, .T. ) ;
#1387 = CARTESIAN_POINT ( 'NONE',  ( -8.747123314384568360, -5.330421002600138181, 26.24136994315206906 ) ) ;
#1388 = CARTESIAN_POINT ( 'NONE',  ( 10.80957110233218010, -5.126985524775470537, 2.243236478038796111 ) ) ;
#1389 = EDGE_LOOP ( 'NONE', ( #696, #1505, #1492, #722 ) ) ;
#1390 = ORIENTED_EDGE ( 'NONE', *, *, #915, .T. ) ;
#1391 = CARTESIAN_POINT ( 'NONE',  ( -7.532076009390815230, -7.092514502846850810, 22.59622802817264642 ) ) ;
#1392 = CARTESIAN_POINT ( 'NONE',  ( 10.21711148535355562, -5.007240468655671961, 2.451533075392518413 ) ) ;
#1393 = DIRECTION ( 'NONE',  ( 0.7478775382679627715, 0.6638367176906170286, 0.000000000000000000 ) ) ;
#1394 = EDGE_LOOP ( 'NONE', ( #51, #1315, #809, #1448 ) ) ;
#1395 = AXIS2_PLACEMENT_3D ( 'NONE', #483, #1072, #24 ) ;
#1396 = CARTESIAN_POINT ( 'NONE',  ( -7.487755058458692936, -7.663306587536094838, 27.48775505845815914 ) ) ;
#1397 = EDGE_CURVE ( 'NONE', #1431, #697, #1494, .T. ) ;
#1398 = CARTESIAN_POINT ( 'NONE',  ( -8.595735522241930937, -9.578317121229689590, 2.328159313916728035 ) ) ;
#1399 = EDGE_CURVE ( 'NONE', #1199, #1297, #1045, .T. ) ;
#1400 = FACE_OUTER_BOUND ( 'NONE', #1092, .T. ) ;
#1401 = EDGE_LOOP ( 'NONE', ( #290, #165, #1032 ) ) ;
#1402 = ORIENTED_EDGE ( 'NONE', *, *, #594, .F. ) ;
#1403 = CARTESIAN_POINT ( 'NONE',  ( 13.07192735194755606, -7.605643001520470570, 26.92807264805196965 ) ) ;
#1404 = CARTESIAN_POINT ( 'NONE',  ( -7.660858881155693467, -5.950632984408829707, 27.66085888115270208 ) ) ;
#1405 = DIRECTION ( 'NONE',  ( -1.000000000000000000, 0.000000000000000000, 0.000000000000000000 ) ) ;
#1406 = CARTESIAN_POINT ( 'NONE',  ( 10.32143463151616380, -5.018665687047702662, 2.424578329467302229 ) ) ;
#1407 = DIRECTION ( 'NONE',  ( -1.000000000000000000, -1.734723475976694682E-15, 1.110223024625084557E-15 ) ) ;
#1408 = DIRECTION ( 'NONE',  ( -1.000000000000000000, 0.000000000000000000, 0.000000000000000000 ) ) ;
#1409 = EDGE_LOOP ( 'NONE', ( #1385, #762, #691, #823, #1443, #1336, #1169, #979 ) ) ;
#1410 = ORIENTED_EDGE ( 'NONE', *, *, #330, .F. ) ;
#1411 = CARTESIAN_POINT ( 'NONE',  ( 13.03827424415401026, -7.839552254374162032, 26.96172575584599329 ) ) ;
#1412 = CARTESIAN_POINT ( 'NONE',  ( -6.961725755845458607, -7.160447745626358440, 26.96172575584599329 ) ) ;
#1413 = ORIENTED_EDGE ( 'NONE', *, *, #1487, .T. ) ;
#1414 = LINE ( 'NONE', #376, #630 ) ;
#1415 = PLANE ( 'NONE',  #1314 ) ;
#1416 = CARTESIAN_POINT ( 'NONE',  ( 17.49999999999999645, -7.500000000000000888, 30.00000000000000000 ) ) ;
#1417 = CARTESIAN_POINT ( 'NONE',  ( 10.00000000000000178, -7.499999999999997335, 2.500000000000000000 ) ) ;
#1418 = EDGE_CURVE ( 'NONE', #1099, #125, #1272, .T. ) ;
#1419 = VERTEX_POINT ( 'NONE', #122 ) ;
#1420 = CARTESIAN_POINT ( 'NONE',  ( 9.999999999999998224, -9.999999999999985789, 1.500000000000000000 ) ) ;
#1421 = CARTESIAN_POINT ( 'NONE',  ( 15.65040108775687244, -9.152066876680615692, 28.11653297074788327 ) ) ;
#1422 = CIRCLE ( 'NONE', #819, 2.500000000000000444 ) ;
#1423 = CARTESIAN_POINT ( 'NONE',  ( -5.425076561553339616, -9.487769064112946182, 28.47502552051754421 ) ) ;
#1424 = AXIS2_PLACEMENT_3D ( 'NONE', #619, #235, #1393 ) ;
#1425 = VERTEX_POINT ( 'NONE', #1164 ) ;
#1426 = VECTOR ( 'NONE', #646, 1000.000000000000000 ) ;
#1427 = CARTESIAN_POINT ( 'NONE',  ( 6.961725755845998620, -7.839552254372569529, 26.96172575584492748 ) ) ;
#1428 = LINE ( 'NONE', #46, #1014 ) ;
#1429 = CARTESIAN_POINT ( 'NONE',  ( -7.499999999999998224, -7.500000000000000000, 22.50000000000000355 ) ) ;
#1430 = CIRCLE ( 'NONE', #924, 4.999999999999997335 ) ;
#1431 = VERTEX_POINT ( 'NONE', #8 ) ;
#1432 = B_SPLINE_CURVE_WITH_KNOTS ( 'NONE', 3,
 ( #912, #1265, #575, #100, #1485, #220, #1042, #562, #213, #1033, #674, #918 ),
 .UNSPECIFIED., .F., .F.,
 ( 4, 2, 2, 2, 2, 4 ),
 ( 0.000000000000000000, 0.0003191324024164097313, 0.0006382648048328194625, 0.001276529609665639576, 0.001914794414498459472, 0.002553059219331279585 ),
 .UNSPECIFIED. ) ;
#1433 = VERTEX_POINT ( 'NONE', #927 ) ;
#1434 = EDGE_CURVE ( 'NONE', #125, #961, #1489, .T. ) ;
#1435 = CARTESIAN_POINT ( 'NONE',  ( 12.33914111884512188, -9.049367015591167629, 27.66085888115597058 ) ) ;
#1436 = CARTESIAN_POINT ( 'NONE',  ( -7.752917598756213557, -8.607878015529232485, 23.25875279626815484 ) ) ;
#1437 = ORIENTED_EDGE ( 'NONE', *, *, #1471, .T. ) ;
#1438 = CIRCLE ( 'NONE', #119, 2.499999999999998668 ) ;
#1439 = CARTESIAN_POINT ( 'NONE',  ( 9.836373526683200197, -9.999999999999991118, 29.50912058004898952 ) ) ;
#1440 = CARTESIAN_POINT ( 'NONE',  ( -2.499999999999999556, 0.000000000000000000, 2.499999999999999556 ) ) ;
#1441 = CARTESIAN_POINT ( 'NONE',  ( -14.39339828220178674, -4.999999999999996447, 28.53553390593273775 ) ) ;
#1442 = CARTESIAN_POINT ( 'NONE',  ( -12.71053665940246269, -8.006703194917252020, 27.28946334059668644 ) ) ;
#1443 = ORIENTED_EDGE ( 'NONE', *, *, #803, .T. ) ;
#1444 = VERTEX_POINT ( 'NONE', #351 ) ;
#1445 = CARTESIAN_POINT ( 'NONE',  ( 11.52497447948219822, -9.487769064113113160, 25.42507656155278895 ) ) ;
#1446 = B_SPLINE_CURVE_WITH_KNOTS ( 'NONE', 3,
 ( #957, #1059, #476, #366, #359, #352, #1398, #151, #377, #256, #1185, #617 ),
 .UNSPECIFIED., .F., .F.,
 ( 4, 2, 2, 2, 2, 4 ),
 ( -1.000001020416347157E-05, 0.0006317911005811791643, 0.001273582211366521824, 0.001915373322151864375, 0.002236268877544535759, 0.002557164432937207143 ),
 .UNSPECIFIED. ) ;
#1447 = TOROIDAL_SURFACE ( 'NONE', #790, 7.499999999999998224, 2.499999999999998668 ) ;
#1448 = ORIENTED_EDGE ( 'NONE', *, *, #392, .T. ) ;
#1449 = CARTESIAN_POINT ( 'NONE',  ( 2.739875134582245852, -8.148206420814755546, 27.57995837819416707 ) ) ;
#1450 = CARTESIAN_POINT ( 'NONE',  ( 0.000000000000000000, 0.000000000000000000, -4.592425496802569288E-17 ) ) ;
#1451 = CARTESIAN_POINT ( 'NONE',  ( 10.49087941995043138, -5.000000000000003553, 29.83637352668278808 ) ) ;
#1452 = CARTESIAN_POINT ( 'NONE',  ( -12.51224494154140920, -7.336693412463900721, 27.48775505845858547 ) ) ;
#1453 = VERTEX_POINT ( 'NONE', #811 ) ;
#1454 = CARTESIAN_POINT ( 'NONE',  ( 17.49999999999999645, -7.499999999999997335, 27.49999999999999645 ) ) ;
#1455 = EDGE_LOOP ( 'NONE', ( #747, #400, #466, #1263 ) ) ;
#1456 = CARTESIAN_POINT ( 'NONE',  ( 7.660858881154070765, -9.049367015591709418, 27.66085888115487990 ) ) ;
#1457 = FACE_OUTER_BOUND ( 'NONE', #1381, .T. ) ;
#1458 = CARTESIAN_POINT ( 'NONE',  ( -11.46446609406725869, -4.999999999999999112, 25.60660171779820971 ) ) ;
#1459 = EDGE_CURVE ( 'NONE', #574, #375, #717, .T. ) ;
#1460 = CARTESIAN_POINT ( 'NONE',  ( -12.98215881622958179, -7.091747172620134876, 27.01784118376729538 ) ) ;
#1461 = CARTESIAN_POINT ( 'NONE',  ( 10.00000000000000178, -9.999999999999992895, 30.00000000000000000 ) ) ;
#1462 = CARTESIAN_POINT ( 'NONE',  ( -7.499999999999999112, -8.964466094067260471, 22.50000000000000000 ) ) ;
#1463 = CARTESIAN_POINT ( 'NONE',  ( -17.48794247559477810, -7.663624491003580452, 27.50401917480176905 ) ) ;
#1464 = EDGE_CURVE ( 'NONE', #337, #1099, #1432, .T. ) ;
#1465 = CARTESIAN_POINT ( 'NONE',  ( -6.961725755845991515, -7.839552254374171802, 26.96172575584599329 ) ) ;
#1466 = CARTESIAN_POINT ( 'NONE',  ( -10.64820642103063619, -9.920041621762891282, 28.05538073690831169 ) ) ;
#1467 = CARTESIAN_POINT ( 'NONE',  ( 3.739387691339815412, 3.319183588453086031, 1.500000000000000000 ) ) ;
#1468 =( NAMED_UNIT ( * ) PLANE_ANGLE_UNIT ( ) SI_UNIT ( $, .RADIAN. ) );
#1469 = CARTESIAN_POINT ( 'NONE',  ( 11.65206687668061569, -5.616532970747883269, 25.04379936995918854 ) ) ;
#1470 = CARTESIAN_POINT ( 'NONE',  ( -12.59166136688771687, -7.870119116623272681, 27.40833863311271656 ) ) ;
#1471 = EDGE_CURVE ( 'NONE', #1274, #852, #1156, .T. ) ;
#1472 = CARTESIAN_POINT ( 'NONE',  ( -7.520057191837249633, -7.826461210644223954, 22.56017157551182351 ) ) ;
#1473 = CIRCLE ( 'NONE', #161, 2.499999999999999556 ) ;
#1474 = CARTESIAN_POINT ( 'NONE',  ( -9.999999999999998224, -9.999999999999996447, 30.00000000000000000 ) ) ;
#1475 = CARTESIAN_POINT ( 'NONE',  ( -8.535533905932735976, -9.999999999999992895, 25.60660171779820971 ) ) ;
#1476 = CARTESIAN_POINT ( 'NONE',  ( 12.46792399060919365, -7.092514502846913871, 22.59622802817264997 ) ) ;
#1477 = CARTESIAN_POINT ( 'NONE',  ( -11.94461926309110567, -5.079958378236876904, 29.35179357897050423 ) ) ;
#1478 = CIRCLE ( 'NONE', #1214, 0.9999999999999998890 ) ;
#1479 = CARTESIAN_POINT ( 'NONE',  ( -8.012230935840387147, -9.024974479412609440, 24.03669280751977411 ) ) ;
#1480 = FACE_OUTER_BOUND ( 'NONE', #990, .T. ) ;
#1481 = CARTESIAN_POINT ( 'NONE',  ( 8.347933123319247528, -5.616532970748021825, 25.04379936995811917 ) ) ;
#1482 = CARTESIAN_POINT ( 'NONE',  ( 16.74124720373092501, -6.392121984470713336, 27.75291759875624109 ) ) ;
#1483 = ADVANCED_BREP_SHAPE_REPRESENTATION ( 'FilamentGuide', ( #1284, #72 ), #1165 ) ;
#1484 = EDGE_LOOP ( 'NONE', ( #479, #112, #258, #169 ) ) ;
#1485 = CARTESIAN_POINT ( 'NONE',  ( -10.32144576939996661, -5.018667048985459900, 2.424575312550711903 ) ) ;
#1486 = CARTESIAN_POINT ( 'NONE',  ( 7.185995354671299573, -8.029944141089639942, 27.18599535467083683 ) ) ;
#1487 = EDGE_CURVE ( 'NONE', #910, #1453, #796, .T. ) ;
#1488 =( BOUNDED_CURVE ( )  B_SPLINE_CURVE ( 3, ( #1127, #1441, #47, #398 ),
 .UNSPECIFIED., .F., .T. ) 
 B_SPLINE_CURVE_WITH_KNOTS ( ( 4, 4 ),
 ( 4.712388980384689674, 6.283185307179586232 ),
 .UNSPECIFIED. ) 
 CURVE ( )  GEOMETRIC_REPRESENTATION_ITEM ( )  RATIONAL_B_SPLINE_CURVE ( ( 1.000000000000000000, 0.8047378541243649375, 0.8047378541243649375, 1.000000000000000000 ) ) 
 REPRESENTATION_ITEM ( '' )  );
#1489 = LINE ( 'NONE', #345, #1100 ) ;
#1490 = CARTESIAN_POINT ( 'NONE',  ( 11.52497447948206677, -5.512230935886798022, 25.42507656155279605 ) ) ;
#1491 = CARTESIAN_POINT ( 'NONE',  ( -13.07192735194708177, -7.394356998480216880, 26.92807264805195899 ) ) ;
#1492 = ORIENTED_EDGE ( 'NONE', *, *, #739, .F. ) ;
#1493 = CARTESIAN_POINT ( 'NONE',  ( 9.836373526684091928, -5.000000000000002665, 29.50912058004865912 ) ) ;
#1494 = LINE ( 'NONE', #358, #998 ) ;
#1495 = CARTESIAN_POINT ( 'NONE',  ( 12.55823443243297532, -7.807668176117519288, 27.44176556756659124 ) ) ;
#1496 = CARTESIAN_POINT ( 'NONE',  ( -16.74124720373093211, -6.392121984470649387, 27.75291759875626241 ) ) ;
#1497 = EDGE_CURVE ( 'NONE', #829, #816, #884, .T. ) ;
#1498 = CIRCLE ( 'NONE', #919, 2.499999999999992006 ) ;
#1499 = VERTEX_POINT ( 'NONE', #225 ) ;
#1500 = ORIENTED_EDGE ( 'NONE', *, *, #803, .F. ) ;
#1501 = CARTESIAN_POINT ( 'NONE',  ( -3.491263007941074470, -6.247123314314484865, 27.83042100264696828 ) ) ;
#1502 = CIRCLE ( 'NONE', #966, 2.499999999999995115 ) ;
#1503 = CARTESIAN_POINT ( 'NONE',  ( 17.50000000000000355, 7.499999999999997335, 30.00000000000000000 ) ) ;
#1504 = CARTESIAN_POINT ( 'NONE',  ( -11.25287668561594145, -5.330421002600480129, 26.24136994315206195 ) ) ;
#1505 = ORIENTED_EDGE ( 'NONE', *, *, #25, .F. ) ;
#1506 = CARTESIAN_POINT ( 'NONE',  ( -2.883054216062088226, -6.694460853703509073, 27.62768473868746355 ) ) ;
ENDSEC;
END-ISO-10303-21;
