ISO-10303-21;
HEADER;
FILE_DESCRIPTION (( 'STEP AP214' ),
    '1' );
FILE_NAME ('Front.STEP',
    '2024-02-06T19:34:06',
    ( '' ),
    ( '' ),
    'SwSTEP 2.0',
    'SolidWorks 2023',
    '' );
FILE_SCHEMA (( 'AUTOMOTIVE_DESIGN' ));
ENDSEC;

DATA;
#1 = EDGE_CURVE ( 'NONE', #983, #151, #885, .T. ) ;
#2 = CARTESIAN_POINT ( 'NONE',  ( 22.75000000000000000, 35.25000000000000000, -137.5000000000000000 ) ) ;
#3 = ORIENTED_EDGE ( 'NONE', *, *, #463, .F. ) ;
#4 = DIRECTION ( 'NONE',  ( -0.000000000000000000, 0.000000000000000000, -1.000000000000000000 ) ) ;
#5 = AXIS2_PLACEMENT_3D ( 'NONE', #459, #100, #361 ) ;
#6 = AXIS2_PLACEMENT_3D ( 'NONE', #320, #174, #1191 ) ;
#7 = LINE ( 'NONE', #1382, #1176 ) ;
#8 = CIRCLE ( 'NONE', #400, 20.35000000000000142 ) ;
#9 = CIRCLE ( 'NONE', #169, 20.70000000000000284 ) ;
#10 = FACE_OUTER_BOUND ( 'NONE', #1011, .T. ) ;
#11 = PRODUCT_DEFINITION_FORMATION_WITH_SPECIFIED_SOURCE ( 'ANY', '', #1509, .NOT_KNOWN. ) ;
#12 = CARTESIAN_POINT ( 'NONE',  ( 4.491121989215578481, 14.99185785226137746, -121.8999999999999773 ) ) ;
#13 = EDGE_LOOP ( 'NONE', ( #1539, #1120, #1279, #1086 ) ) ;
#14 = DIRECTION ( 'NONE',  ( -0.000000000000000000, -0.000000000000000000, -1.000000000000000000 ) ) ;
#15 = ADVANCED_FACE ( 'NONE', ( #1186 ), #907, .F. ) ;
#16 = CARTESIAN_POINT ( 'NONE',  ( -20.58755695515390016, 39.79757294845575188, -121.7730756376452206 ) ) ;
#17 = EDGE_CURVE ( 'NONE', #858, #1403, #1067, .T. ) ;
#18 = ORIENTED_EDGE ( 'NONE', *, *, #95, .T. ) ;
#19 = CARTESIAN_POINT ( 'NONE',  ( 4.588519815487710929, 14.55252464905740162, -137.5000000000000000 ) ) ;
#20 = DIRECTION ( 'NONE',  ( -1.000000000000000000, 0.000000000000000000, 0.000000000000000000 ) ) ;
#21 = ORIENTED_EDGE ( 'NONE', *, *, #66, .F. ) ;
#22 = DIRECTION ( 'NONE',  ( -0.000000000000000000, -1.000000000000000000, -0.000000000000000000 ) ) ;
#23 = DIRECTION ( 'NONE',  ( 0.000000000000000000, -0.000000000000000000, 1.000000000000000000 ) ) ;
#24 = ADVANCED_FACE ( 'NONE', ( #1567 ), #1560, .F. ) ;
#25 = EDGE_CURVE ( 'NONE', #910, #624, #1414, .T. ) ;
#26 = ORIENTED_EDGE ( 'NONE', *, *, #176, .T. ) ;
#27 = DIRECTION ( 'NONE',  ( 0.000000000000000000, -0.000000000000000000, 1.000000000000000000 ) ) ;
#28 = SURFACE_SIDE_STYLE ('',( #1309 ) ) ;
#29 = ORIENTED_EDGE ( 'NONE', *, *, #121, .T. ) ;
#30 = DIRECTION ( 'NONE',  ( -1.000000000000000000, 0.000000000000000000, 0.000000000000000000 ) ) ;
#31 = DIRECTION ( 'NONE',  ( -1.000000000000000000, 0.000000000000000000, 0.000000000000000000 ) ) ;
#32 = TOROIDAL_SURFACE ( 'NONE', #243, 20.35000000000000142, 0.4000000000000000222 ) ;
#33 = VERTEX_POINT ( 'NONE', #182 ) ;
#34 = VECTOR ( 'NONE', #968, 1000.000000000000000 ) ;
#35 = CIRCLE ( 'NONE', #1318, 21.10000000000000497 ) ;
#36 =( NAMED_UNIT ( * ) SI_UNIT ( $, .STERADIAN. ) SOLID_ANGLE_UNIT ( ) );
#37 = EDGE_LOOP ( 'NONE', ( #1512, #18, #598, #26 ) ) ;
#38 = DIRECTION ( 'NONE',  ( -1.000000000000000000, 0.000000000000000000, 0.000000000000000000 ) ) ;
#39 = ORIENTED_EDGE ( 'NONE', *, *, #265, .T. ) ;
#40 = LINE ( 'NONE', #188, #1043 ) ;
#41 = EDGE_LOOP ( 'NONE', ( #1609, #1041, #1149, #923 ) ) ;
#42 = CARTESIAN_POINT ( 'NONE',  ( 1.726674226960982050, 19.50794364188626773, -121.3764855181467510 ) ) ;
#43 = CARTESIAN_POINT ( 'NONE',  ( 4.491121989215578481, 14.99185785226137746, -121.8999999999999773 ) ) ;
#44 = EDGE_CURVE ( 'NONE', #716, #844, #1415, .T. ) ;
#45 = EDGE_LOOP ( 'NONE', ( #536, #228, #1430, #1246, #548 ) ) ;
#46 = PLANE ( 'NONE',  #913 ) ;
#47 = ORIENTED_EDGE ( 'NONE', *, *, #884, .T. ) ;
#48 = CARTESIAN_POINT ( 'NONE',  ( 0.000000000000000000, 35.25000000000000000, -137.5000000000000000 ) ) ;
#49 = EDGE_LOOP ( 'NONE', ( #431, #185, #680, #1374, #1440, #103 ) ) ;
#50 = CARTESIAN_POINT ( 'NONE',  ( 0.000000000000000000, 35.25000000000000000, -121.8999999999999773 ) ) ;
#51 = EDGE_CURVE ( 'NONE', #171, #561, #1150, .T. ) ;
#52 = ORIENTED_EDGE ( 'NONE', *, *, #690, .T. ) ;
#53 = CARTESIAN_POINT ( 'NONE',  ( -22.75000000000000000, 35.25000000000000000, -137.5000000000000000 ) ) ;
#54 = CARTESIAN_POINT ( 'NONE',  ( 1.833333333333339921, 19.62745286645800036, -85.80400081132400203 ) ) ;
#55 = ORIENTED_EDGE ( 'NONE', *, *, #1311, .T. ) ;
#56 = LINE ( 'NONE', #1021, #1422 ) ;
#57 = AXIS2_PLACEMENT_3D ( 'NONE', #564, #1436, #322 ) ;
#58 = AXIS2_PLACEMENT_3D ( 'NONE', #417, #665, #544 ) ;
#59 = DIRECTION ( 'NONE',  ( -0.2164396139381050133, 0.9762960071199329182, 0.000000000000000000 ) ) ;
#60 = AXIS2_PLACEMENT_3D ( 'NONE', #1178, #567, #560 ) ;
#61 = EDGE_LOOP ( 'NONE', ( #1026, #206, #1326, #1476 ) ) ;
#62 = AXIS2_PLACEMENT_3D ( 'NONE', #715, #76, #571 ) ;
#63 = CARTESIAN_POINT ( 'NONE',  ( 1.433333333333340009, 19.18405941114135871, -121.4999999999999858 ) ) ;
#64 = VERTEX_POINT ( 'NONE', #1611 ) ;
#65 = CARTESIAN_POINT ( 'NONE',  ( 4.013176790330125421, 15.29963879902032176, -121.4999999999999858 ) ) ;
#66 = EDGE_CURVE ( 'NONE', #1444, #731, #338, .T. ) ;
#67 = ADVANCED_FACE ( 'NONE', ( #1460 ), #1367, .T. ) ;
#68 = CARTESIAN_POINT ( 'NONE',  ( 0.000000000000000000, 35.25000000000000000, -121.0999999999999801 ) ) ;
#69 = CARTESIAN_POINT ( 'NONE',  ( 0.000000000000000000, 35.25000000000000000, -123.0000000000000142 ) ) ;
#70 = ORIENTED_EDGE ( 'NONE', *, *, #463, .T. ) ;
#71 = CARTESIAN_POINT ( 'NONE',  ( -20.59984575023056408, 39.81687585409412833, -123.0000000000000142 ) ) ;
#72 = CARTESIAN_POINT ( 'NONE',  ( 21.19999999999999929, 35.25000000000000000, -137.5000000000000000 ) ) ;
#73 = EDGE_CURVE ( 'NONE', #787, #1582, #268, .T. ) ;
#74 = VERTEX_POINT ( 'NONE', #721 ) ;
#75 = EDGE_CURVE ( 'NONE', #165, #327, #1593, .T. ) ;
#76 = DIRECTION ( 'NONE',  ( 0.9762960071199329182, 0.2164396139381050410, 0.000000000000000000 ) ) ;
#77 = ORIENTED_EDGE ( 'NONE', *, *, #319, .F. ) ;
#78 = DIRECTION ( 'NONE',  ( -1.000000000000000000, 0.000000000000000000, 0.000000000000000000 ) ) ;
#79 = ORIENTED_EDGE ( 'NONE', *, *, #1133, .T. ) ;
#80 = CARTESIAN_POINT ( 'NONE',  ( -68.00000000000000000, 10.00000000000000888, -130.0000000000000000 ) ) ;
#81 = EDGE_LOOP ( 'NONE', ( #695, #423, #799, #1411, #1076 ) ) ;
#82 = DIRECTION ( 'NONE',  ( -1.000000000000000000, 0.000000000000000000, 0.000000000000000000 ) ) ;
#83 = AXIS2_PLACEMENT_3D ( 'NONE', #673, #1445, #1435 ) ;
#84 = EDGE_LOOP ( 'NONE', ( #284, #1165, #179, #1517 ) ) ;
#85 = EDGE_CURVE ( 'NONE', #173, #809, #1109, .T. ) ;
#86 = CARTESIAN_POINT ( 'NONE',  ( 0.000000000000000000, 35.25000000000000000, -137.5000000000000000 ) ) ;
#87 = CIRCLE ( 'NONE', #1014, 22.04999999999999716 ) ;
#88 = AXIS2_PLACEMENT_3D ( 'NONE', #1201, #92, #1594 ) ;
#89 = VERTEX_POINT ( 'NONE', #979 ) ;
#90 = DIRECTION ( 'NONE',  ( 0.000000000000000000, 0.000000000000000000, -1.000000000000000000 ) ) ;
#91 = DIRECTION ( 'NONE',  ( 0.2164396139381049300, 0.9762960071199329182, 0.000000000000000000 ) ) ;
#92 = DIRECTION ( 'NONE',  ( -0.000000000000000000, 0.000000000000000000, 1.000000000000000000 ) ) ;
#93 = ORIENTED_EDGE ( 'NONE', *, *, #953, .F. ) ;
#94 = CARTESIAN_POINT ( 'NONE',  ( -1.762079088050144904, 50.95247701318278644, -121.3354131536133877 ) ) ;
#95 = EDGE_CURVE ( 'NONE', #373, #890, #1337, .T. ) ;
#96 = EDGE_CURVE ( 'NONE', #1048, #966, #1469, .T. ) ;
#97 = ADVANCED_FACE ( 'NONE', ( #853 ), #213, .F. ) ;
#98 = ORIENTED_EDGE ( 'NONE', *, *, #1562, .T. ) ;
#99 = DIRECTION ( 'NONE',  ( -0.1491119013599948306, 0.03305731266805171653, 0.9882676029051918887 ) ) ;
#100 = DIRECTION ( 'NONE',  ( -0.000000000000000000, 0.000000000000000000, -1.000000000000000000 ) ) ;
#101 = CARTESIAN_POINT ( 'NONE',  ( -20.29212971600163939, 39.33894504597009956, -121.4999999999999858 ) ) ;
#102 = B_SPLINE_CURVE_WITH_KNOTS ( 'NONE', 3,
 ( #43, #668, #1432, #533, #1283, #184, #1169, #661 ),
 .UNSPECIFIED., .F., .F.,
 ( 4, 2, 2, 4 ),
 ( 0.000000000000000000, 0.0001909309578462871392, 0.0003818619156925742784, 0.0007637238313851672051 ),
 .UNSPECIFIED. ) ;
#103 = ORIENTED_EDGE ( 'NONE', *, *, #840, .T. ) ;
#104 = CARTESIAN_POINT ( 'NONE',  ( -81.50000000000002842, 59.91306816047562478, -126.5000000000000000 ) ) ;
#105 = EDGE_CURVE ( 'NONE', #710, #373, #472, .T. ) ;
#106 = B_SPLINE_CURVE_WITH_KNOTS ( 'NONE', 3,
 ( #712, #357, #1203, #220, #94, #469, #958, #1608 ),
 .UNSPECIFIED., .F., .F.,
 ( 4, 2, 2, 4 ),
 ( -4.007946226106245845E-06, 0.0003900059434309261722, 0.0005870128882594459604, 0.0007840198330879656402 ),
 .UNSPECIFIED. ) ;
#107 = ORIENTED_EDGE ( 'NONE', *, *, #512, .F. ) ;
#108 = DIRECTION ( 'NONE',  ( 1.000000000000000000, -0.000000000000000000, 0.000000000000000000 ) ) ;
#109 = CARTESIAN_POINT ( 'NONE',  ( 22.04999999999999716, 35.25000000000000000, -132.0000000000000000 ) ) ;
#110 = CARTESIAN_POINT ( 'NONE',  ( 81.49999999999997158, 59.97112764085888870, -126.8818328760873158 ) ) ;
#111 = CIRCLE ( 'NONE', #321, 13.49999999999999822 ) ;
#112 = ORIENTED_EDGE ( 'NONE', *, *, #308, .F. ) ;
#113 = CARTESIAN_POINT ( 'NONE',  ( 67.99999999999997158, 10.00000000000000888, -130.0000000000000000 ) ) ;
#114 = CONICAL_SURFACE ( 'NONE', #606, 22.04999999999999716, 0.1051661232218826791 ) ;
#115 = EDGE_LOOP ( 'NONE', ( #457, #52, #77, #1199 ) ) ;
#116 = CIRCLE ( 'NONE', #477, 20.75000000000000000 ) ;
#117 = CARTESIAN_POINT ( 'NONE',  ( -81.45092933592324869, 60.00000000000000000, -127.6499999999999915 ) ) ;
#118 = AXIS2_PLACEMENT_3D ( 'NONE', #207, #1461, #347 ) ;
#119 = LINE ( 'NONE', #728, #1095 ) ;
#120 = VECTOR ( 'NONE', #865, 1000.000000000000000 ) ;
#121 = EDGE_CURVE ( 'NONE', #693, #1455, #704, .T. ) ;
#122 = VECTOR ( 'NONE', #123, 1000.000000000000000 ) ;
#123 = DIRECTION ( 'NONE',  ( 0.000000000000000000, 0.000000000000000000, 1.000000000000000000 ) ) ;
#124 = ORIENTED_EDGE ( 'NONE', *, *, #915, .F. ) ;
#125 = DIRECTION ( 'NONE',  ( 1.000000000000000000, -2.498394011926328442E-16, 0.000000000000000000 ) ) ;
#126 = VERTEX_POINT ( 'NONE', #109 ) ;
#127 = LINE ( 'NONE', #1130, #1468 ) ;
#128 = DIRECTION ( 'NONE',  ( -0.000000000000000000, -0.000000000000000000, 1.000000000000000000 ) ) ;
#129 = EDGE_CURVE ( 'NONE', #1508, #775, #119, .T. ) ;
#130 = DIRECTION ( 'NONE',  ( 0.000000000000000000, -0.000000000000000000, 1.000000000000000000 ) ) ;
#131 = ADVANCED_FACE ( 'NONE', ( #212 ), #1208, .T. ) ;
#132 = FACE_OUTER_BOUND ( 'NONE', #222, .T. ) ;
#133 = ORIENTED_EDGE ( 'NONE', *, *, #1383, .F. ) ;
#134 = DIRECTION ( 'NONE',  ( -1.000000000000000000, 0.000000000000000000, 0.000000000000000000 ) ) ;
#135 = LINE ( 'NONE', #776, #1466 ) ;
#136 = CARTESIAN_POINT ( 'NONE',  ( 4.588519815487710929, 14.55252464905740162, -137.5000000000000000 ) ) ;
#137 = LINE ( 'NONE', #1487, #991 ) ;
#138 = ADVANCED_FACE ( 'NONE', ( #1333 ), #862, .F. ) ;
#139 = ORIENTED_EDGE ( 'NONE', *, *, #1161, .F. ) ;
#140 = DIRECTION ( 'NONE',  ( -0.000000000000000000, 0.000000000000000000, -1.000000000000000000 ) ) ;
#141 = AXIS2_PLACEMENT_3D ( 'NONE', #249, #91, #1352 ) ;
#142 = CIRCLE ( 'NONE', #554, 9.999999999999994671 ) ;
#143 = CARTESIAN_POINT ( 'NONE',  ( 1.833333333333339921, 19.62745286645800036, -119.9999999999999858 ) ) ;
#144 = CIRCLE ( 'NONE', #1495, 16.12975174790920363 ) ;
#145 = FACE_OUTER_BOUND ( 'NONE', #950, .T. ) ;
#146 = EDGE_CURVE ( 'NONE', #327, #126, #395, .T. ) ;
#147 = VERTEX_POINT ( 'NONE', #232 ) ;
#148 = CARTESIAN_POINT ( 'NONE',  ( 20.25814214773858879, 30.75887801078422967, -121.8999999999999773 ) ) ;
#149 = ADVANCED_FACE ( 'NONE', ( #1096 ), #1603, .T. ) ;
#150 = LINE ( 'NONE', #270, #803 ) ;
#151 = VERTEX_POINT ( 'NONE', #239 ) ;
#152 = CARTESIAN_POINT ( 'NONE',  ( -20.20590202673453817, 39.65924930253013514, -121.6684523635510118 ) ) ;
#153 = FACE_OUTER_BOUND ( 'NONE', #461, .T. ) ;
#154 = ORIENTED_EDGE ( 'NONE', *, *, #1613, .T. ) ;
#155 = CYLINDRICAL_SURFACE ( 'NONE', #1315, 21.10000000000000497 ) ;
#156 = CARTESIAN_POINT ( 'NONE',  ( 81.49999999999997158, 60.00000000000000711, -573.6922565919390991 ) ) ;
#157 = ORIENTED_EDGE ( 'NONE', *, *, #337, .F. ) ;
#158 = CARTESIAN_POINT ( 'NONE',  ( 0.000000000000000000, 35.25000000000000000, -123.0000000000000142 ) ) ;
#159 = ORIENTED_EDGE ( 'NONE', *, *, #95, .F. ) ;
#160 = CARTESIAN_POINT ( 'NONE',  ( 1.833333333333339921, 19.62745286645800036, -119.9999999999999858 ) ) ;
#161 = B_SPLINE_CURVE_WITH_KNOTS ( 'NONE', 3,
 ( #730, #393, #110, #498 ),
 .UNSPECIFIED., .F., .F.,
 ( 4, 4 ),
 ( 0.000000000000000000, 0.001154324510177269763 ),
 .UNSPECIFIED. ) ;
#162 = ORIENTED_EDGE ( 'NONE', *, *, #1151, .F. ) ;
#163 = PLANE ( 'NONE',  #1097 ) ;
#164 = AXIS2_PLACEMENT_3D ( 'NONE', #995, #769, #1507 ) ;
#165 = VERTEX_POINT ( 'NONE', #1233 ) ;
#166 = AXIS2_PLACEMENT_3D ( 'NONE', #757, #4, #1116 ) ;
#167 = DIRECTION ( 'NONE',  ( 1.000000000000000000, -2.312964634635742957E-16, 0.000000000000000000 ) ) ;
#168 = EDGE_CURVE ( 'NONE', #495, #1303, #178, .T. ) ;
#169 = AXIS2_PLACEMENT_3D ( 'NONE', #597, #1090, #473 ) ;
#170 = CARTESIAN_POINT ( 'NONE',  ( -22.75000000000000000, 35.25000000000000000, -140.0000000000000000 ) ) ;
#171 = VERTEX_POINT ( 'NONE', #1527 ) ;
#172 = CARTESIAN_POINT ( 'NONE',  ( 0.000000000000000000, 35.25000000000000000, -121.4999999999999858 ) ) ;
#173 = VERTEX_POINT ( 'NONE', #518 ) ;
#174 = DIRECTION ( 'NONE',  ( -0.000000000000000000, 0.000000000000000000, -1.000000000000000000 ) ) ;
#175 = DIRECTION ( 'NONE',  ( -0.000000000000000000, 1.000000000000000000, -0.000000000000000000 ) ) ;
#176 = EDGE_CURVE ( 'NONE', #147, #710, #7, .T. ) ;
#177 = CARTESIAN_POINT ( 'NONE',  ( 1.521902926972920511, 51.21910850579406826, -121.4999999999999716 ) ) ;
#178 = B_SPLINE_CURVE_WITH_KNOTS ( 'NONE', 3,
 ( #615, #1453, #16, #876, #1019, #1515, #513, #1277 ),
 .UNSPECIFIED., .F., .F.,
 ( 4, 2, 2, 4 ),
 ( 0.000000000000000000, 0.0001909197089464632002, 0.0003818394178929264003, 0.0007636788357858480302 ),
 .UNSPECIFIED. ) ;
#179 = ORIENTED_EDGE ( 'NONE', *, *, #1132, .F. ) ;
#180 = DIRECTION ( 'NONE',  ( 0.000000000000000000, 0.000000000000000000, 1.000000000000000000 ) ) ;
#181 = DIRECTION ( 'NONE',  ( 0.000000000000000000, 0.000000000000000000, 1.000000000000000000 ) ) ;
#182 = CARTESIAN_POINT ( 'NONE',  ( -71.50000000000000000, 0.000000000000000000, -119.9999999999999858 ) ) ;
#183 = CARTESIAN_POINT ( 'NONE',  ( -81.50000000000002842, 60.00000000000000711, -573.6922565919390991 ) ) ;
#184 = CARTESIAN_POINT ( 'NONE',  ( 4.228173754359374925, 15.16024035952703919, -121.5285458256371101 ) ) ;
#185 = ORIENTED_EDGE ( 'NONE', *, *, #1492, .T. ) ;
#186 = DIRECTION ( 'NONE',  ( -1.000000000000000000, 0.000000000000000000, 0.000000000000000000 ) ) ;
#187 = ORIENTED_EDGE ( 'NONE', *, *, #670, .T. ) ;
#188 = CARTESIAN_POINT ( 'NONE',  ( -4.772493487335098372, 56.77732695699454268, -132.0000000000000000 ) ) ;
#189 = ORIENTED_EDGE ( 'NONE', *, *, #73, .F. ) ;
#190 = DIRECTION ( 'NONE',  ( 1.000000000000000000, 0.000000000000000000, 0.000000000000000000 ) ) ;
#191 = CARTESIAN_POINT ( 'NONE',  ( -71.50000000000004263, 0.000000000000000000, -573.6922565919390991 ) ) ;
#192 = AXIS2_PLACEMENT_3D ( 'NONE', #997, #277, #622 ) ;
#193 = ORIENTED_EDGE ( 'NONE', *, *, #794, .F. ) ;
#194 = AXIS2_PLACEMENT_3D ( 'NONE', #1529, #1410, #429 ) ;
#195 = CARTESIAN_POINT ( 'NONE',  ( 20.43149179348615974, 30.94605050647509259, -121.5285531907295677 ) ) ;
#196 = EDGE_CURVE ( 'NONE', #844, #151, #150, .T. ) ;
#197 = AXIS2_PLACEMENT_3D ( 'NONE', #1224, #1606, #484 ) ;
#198 = CARTESIAN_POINT ( 'NONE',  ( 24.33467982956489095, 29.85513136466071060, 0.000000000000000000 ) ) ;
#199 = EDGE_CURVE ( 'NONE', #147, #577, #111, .T. ) ;
#200 = EDGE_LOOP ( 'NONE', ( #281, #208, #29, #1488, #631, #1448, #813, #1003, #653, #765 ) ) ;
#201 = PLANE ( 'NONE',  #62 ) ;
#202 = ORIENTED_EDGE ( 'NONE', *, *, #1270, .F. ) ;
#203 = CARTESIAN_POINT ( 'NONE',  ( -1.521902926972944048, 19.28089149420594595, -121.4999999999999858 ) ) ;
#204 = ORIENTED_EDGE ( 'NONE', *, *, #1426, .T. ) ;
#205 = DIRECTION ( 'NONE',  ( 0.000000000000000000, 0.000000000000000000, -1.000000000000000000 ) ) ;
#206 = ORIENTED_EDGE ( 'NONE', *, *, #1383, .T. ) ;
#207 = CARTESIAN_POINT ( 'NONE',  ( 0.000000000000000000, 0.000000000000000000, -121.4999999999999858 ) ) ;
#208 = ORIENTED_EDGE ( 'NONE', *, *, #869, .T. ) ;
#209 = CARTESIAN_POINT ( 'NONE',  ( 81.49999999999997158, 0.000000000000000000, -119.9999999999999858 ) ) ;
#210 = ORIENTED_EDGE ( 'NONE', *, *, #1010, .T. ) ;
#211 = LINE ( 'NONE', #587, #323 ) ;
#212 = FACE_OUTER_BOUND ( 'NONE', #899, .T. ) ;
#213 = TOROIDAL_SURFACE ( 'NONE', #5, 20.70000000000000284, 0.4000000000000000222 ) ;
#214 = ADVANCED_FACE ( 'NONE', ( #620 ), #1229, .T. ) ;
#215 = CARTESIAN_POINT ( 'NONE',  ( 0.000000000000000000, 35.25000000000000000, -137.5000000000000000 ) ) ;
#216 = EDGE_CURVE ( 'NONE', #1349, #716, #985, .T. ) ;
#217 = EDGE_CURVE ( 'NONE', #1048, #1547, #729, .T. ) ;
#218 = AXIS2_PLACEMENT_3D ( 'NONE', #1248, #23, #287 ) ;
#219 = ORIENTED_EDGE ( 'NONE', *, *, #628, .F. ) ;
#220 = CARTESIAN_POINT ( 'NONE',  ( -1.726674226960986269, 50.99205635811373583, -121.3764855181467084 ) ) ;
#221 = AXIS2_PLACEMENT_3D ( 'NONE', #462, #1196, #1066 ) ;
#222 = EDGE_LOOP ( 'NONE', ( #159, #219, #1481, #1106, #1380, #591 ) ) ;
#223 = FACE_OUTER_BOUND ( 'NONE', #644, .T. ) ;
#224 = VECTOR ( 'NONE', #1174, 1000.000000000000000 ) ;
#225 = DIRECTION ( 'NONE',  ( -1.000000000000000000, 2.312964634635742957E-16, -0.000000000000000000 ) ) ;
#226 = CYLINDRICAL_SURFACE ( 'NONE', #658, 15.72975174790920327 ) ;
#227 = EDGE_CURVE ( 'NONE', #1264, #366, #372, .T. ) ;
#228 = ORIENTED_EDGE ( 'NONE', *, *, #436, .T. ) ;
#229 = LINE ( 'NONE', #209, #34 ) ;
#230 = ORIENTED_EDGE ( 'NONE', *, *, #456, .F. ) ;
#231 = CARTESIAN_POINT ( 'NONE',  ( -4.013176790330125421, 55.20036120097968535, -121.4999999999999858 ) ) ;
#232 = CARTESIAN_POINT ( 'NONE',  ( -81.50000000000004263, 10.00000000000000178, -126.5000000000000000 ) ) ;
#233 = FACE_OUTER_BOUND ( 'NONE', #253, .T. ) ;
#234 = ORIENTED_EDGE ( 'NONE', *, *, #168, .F. ) ;
#235 = LINE ( 'NONE', #1456, #350 ) ;
#236 = EDGE_LOOP ( 'NONE', ( #1386, #1143, #819, #823 ) ) ;
#237 = DIRECTION ( 'NONE',  ( 0.000000000000000000, -0.000000000000000000, 1.000000000000000000 ) ) ;
#238 = ADVANCED_FACE ( 'NONE', ( #399 ), #648, .F. ) ;
#239 = CARTESIAN_POINT ( 'NONE',  ( -15.72975174790920327, 35.25000000000000000, -121.0999999999999801 ) ) ;
#240 = DIRECTION ( 'NONE',  ( 0.2164396139381050133, -0.9762960071199328072, 0.000000000000000000 ) ) ;
#241 = VERTEX_POINT ( 'NONE', #143 ) ;
#242 = CARTESIAN_POINT ( 'NONE',  ( -68.00000000000002842, 60.00000000000000000, -140.0000000000000000 ) ) ;
#243 = AXIS2_PLACEMENT_3D ( 'NONE', #735, #140, #994 ) ;
#244 = ORIENTED_EDGE ( 'NONE', *, *, #767, .F. ) ;
#245 = CARTESIAN_POINT ( 'NONE',  ( 0.000000000000000000, 0.000000000000000000, -119.9999999999999858 ) ) ;
#246 = SHAPE_DEFINITION_REPRESENTATION ( #638, #875 ) ;
#247 = ADVANCED_FACE ( 'NONE', ( #759 ), #1134, .F. ) ;
#248 = CIRCLE ( 'NONE', #811, 21.19999999999999929 ) ;
#249 = CARTESIAN_POINT ( 'NONE',  ( -24.33467982956489095, 40.64486863533929295, 0.000000000000000000 ) ) ;
#250 = EDGE_CURVE ( 'NONE', #1298, #1524, #870, .T. ) ;
#251 = CARTESIAN_POINT ( 'NONE',  ( 4.491121989215569599, 14.99185785226137568, -137.5000000000000000 ) ) ;
#252 = DIRECTION ( 'NONE',  ( 0.9762960071199329182, -0.2164396139381049300, -0.000000000000000000 ) ) ;
#253 = EDGE_LOOP ( 'NONE', ( #286, #734, #674, #684 ) ) ;
#254 = CARTESIAN_POINT ( 'NONE',  ( -4.303949493524731551, 55.68149179348619526, -121.5285531907295393 ) ) ;
#255 = DIRECTION ( 'NONE',  ( -0.000000000000000000, 0.000000000000000000, -1.000000000000000000 ) ) ;
#256 = CARTESIAN_POINT ( 'NONE',  ( -1.833333333333351245, 19.62745286645800036, -119.9999999999999858 ) ) ;
#257 = EDGE_CURVE ( 'NONE', #541, #1524, #489, .T. ) ;
#258 = DIRECTION ( 'NONE',  ( -1.000000000000000000, 0.000000000000000000, 0.000000000000000000 ) ) ;
#259 = EDGE_LOOP ( 'NONE', ( #352, #414, #1173, #851 ) ) ;
#260 = CARTESIAN_POINT ( 'NONE',  ( 20.25814214773858879, 30.75887801078423678, -121.8352390644876948 ) ) ;
#261 = DIRECTION ( 'NONE',  ( -0.000000000000000000, -1.000000000000000000, -0.000000000000000000 ) ) ;
#262 = FACE_OUTER_BOUND ( 'NONE', #1038, .T. ) ;
#263 = EDGE_CURVE ( 'NONE', #998, #74, #1124, .T. ) ;
#264 = PLANE ( 'NONE',  #939 ) ;
#265 = EDGE_CURVE ( 'NONE', #801, #64, #806, .T. ) ;
#266 = EDGE_LOOP ( 'NONE', ( #1363, #572, #927, #773 ) ) ;
#267 = DIRECTION ( 'NONE',  ( -0.000000000000000000, -0.000000000000000000, -1.000000000000000000 ) ) ;
#268 = CIRCLE ( 'NONE', #346, 0.3999999999999975797 ) ;
#269 = AXIS2_PLACEMENT_3D ( 'NONE', #1331, #1215, #594 ) ;
#270 = CARTESIAN_POINT ( 'NONE',  ( -15.72975174790920327, 35.25000000000000000, -85.80400081132400203 ) ) ;
#271 = CIRCLE ( 'NONE', #1181, 21.10000000000000497 ) ;
#272 = STYLED_ITEM ( 'NONE', ( #795 ), #1137 ) ;
#273 = ORIENTED_EDGE ( 'NONE', *, *, #413, .T. ) ;
#274 = CARTESIAN_POINT ( 'NONE',  ( 67.99999999999997158, 10.00000000000000888, -140.0000000000000000 ) ) ;
#275 = CIRCLE ( 'NONE', #1236, 15.72975174790920327 ) ;
#276 = EDGE_CURVE ( 'NONE', #664, #983, #135, .T. ) ;
#277 = DIRECTION ( 'NONE',  ( 1.000000000000000000, 0.000000000000000000, 0.000000000000000000 ) ) ;
#278 = ORIENTED_EDGE ( 'NONE', *, *, #1270, .T. ) ;
#279 = CARTESIAN_POINT ( 'NONE',  ( -81.50000000000004263, 10.00000000000001243, -126.5000000000000000 ) ) ;
#280 = DIRECTION ( 'NONE',  ( -0.000000000000000000, 0.000000000000000000, -1.000000000000000000 ) ) ;
#281 = ORIENTED_EDGE ( 'NONE', *, *, #413, .F. ) ;
#282 = CARTESIAN_POINT ( 'NONE',  ( -20.25814214773858168, 39.74112198921577033, -121.8352394592116354 ) ) ;
#283 = CARTESIAN_POINT ( 'NONE',  ( 1.762078541122753750, 50.95247762535031200, -121.3354139735083379 ) ) ;
#284 = ORIENTED_EDGE ( 'NONE', *, *, #308, .T. ) ;
#285 = DIRECTION ( 'NONE',  ( -0.02272018046863964053, 0.1024841112446333719, 0.9944751381215470865 ) ) ;
#286 = ORIENTED_EDGE ( 'NONE', *, *, #1032, .T. ) ;
#287 = DIRECTION ( 'NONE',  ( -1.000000000000000000, 1.003213576468514996E-15, 0.000000000000000000 ) ) ;
#288 = ORIENTED_EDGE ( 'NONE', *, *, #915, .T. ) ;
#289 = FACE_OUTER_BOUND ( 'NONE', #821, .T. ) ;
#290 = CARTESIAN_POINT ( 'NONE',  ( 0.000000000000000000, 35.25000000000000000, -140.0000000000000000 ) ) ;
#291 = ORIENTED_EDGE ( 'NONE', *, *, #315, .T. ) ;
#292 = CARTESIAN_POINT ( 'NONE',  ( 4.566875854093904508, 14.65015424976939151, -123.0000000000000142 ) ) ;
#293 = DIRECTION ( 'NONE',  ( 0.9762960071199329182, -0.2164396139381049300, 0.000000000000000000 ) ) ;
#294 = ADVANCED_FACE ( 'NONE', ( #1502 ), #383, .F. ) ;
#295 = CIRCLE ( 'NONE', #963, 10.00000000000000178 ) ;
#296 = ORIENTED_EDGE ( 'NONE', *, *, #595, .F. ) ;
#297 = ADVANCED_FACE ( 'NONE', ( #1052 ), #330, .F. ) ;
#298 = VECTOR ( 'NONE', #1385, 1000.000000000000000 ) ;
#299 = VECTOR ( 'NONE', #1555, 1000.000000000000000 ) ;
#300 = CARTESIAN_POINT ( 'NONE',  ( 81.49999999999997158, 60.00000000000000711, -140.0000000000000000 ) ) ;
#301 = TOROIDAL_SURFACE ( 'NONE', #1605, 20.70000000000000284, 0.4000000000000000222 ) ;
#302 = EDGE_LOOP ( 'NONE', ( #434, #107, #1050, #93 ) ) ;
#303 = CARTESIAN_POINT ( 'NONE',  ( 0.000000000000000000, 35.25000000000000000, -132.0000000000000000 ) ) ;
#304 = DIRECTION ( 'NONE',  ( -0.03305731266805172347, 0.1491119013599948306, 0.9882676029051918887 ) ) ;
#305 = EDGE_LOOP ( 'NONE', ( #1020, #646, #755, #574 ) ) ;
#306 = CARTESIAN_POINT ( 'NONE',  ( -20.17902280627011891, 39.61722445911917134, -121.6263996799109748 ) ) ;
#307 = CARTESIAN_POINT ( 'NONE',  ( 5.394868635339493679, 10.91532017043515701, -121.8999999999999773 ) ) ;
#308 = EDGE_CURVE ( 'NONE', #1508, #1576, #1063, .T. ) ;
#309 = ORIENTED_EDGE ( 'NONE', *, *, #316, .T. ) ;
#310 = DIRECTION ( 'NONE',  ( 0.000000000000000000, -0.000000000000000000, 1.000000000000000000 ) ) ;
#311 = CARTESIAN_POINT ( 'NONE',  ( 1.833333333333339921, 19.62745286645800036, -85.80400081132400203 ) ) ;
#312 = ORIENTED_EDGE ( 'NONE', *, *, #1200, .F. ) ;
#313 = CARTESIAN_POINT ( 'NONE',  ( 7.058128460331825060, 1.564749407903812672, -121.4999999999999858 ) ) ;
#314 = EDGE_CURVE ( 'NONE', #855, #1598, #938, .T. ) ;
#315 = EDGE_CURVE ( 'NONE', #1320, #600, #40, .T. ) ;
#316 = EDGE_CURVE ( 'NONE', #710, #33, #142, .T. ) ;
#317 = VERTEX_POINT ( 'NONE', #791 ) ;
#318 = LINE ( 'NONE', #802, #964 ) ;
#319 = EDGE_CURVE ( 'NONE', #241, #910, #1027, .T. ) ;
#320 = CARTESIAN_POINT ( 'NONE',  ( 0.000000000000000000, 35.25000000000000000, -121.0999999999999801 ) ) ;
#321 = AXIS2_PLACEMENT_3D ( 'NONE', #1269, #261, #497 ) ;
#322 = DIRECTION ( 'NONE',  ( -1.000000000000000000, 0.000000000000000000, 0.000000000000000000 ) ) ;
#323 = VECTOR ( 'NONE', #1080, 1000.000000000000000 ) ;
#324 = AXIS2_PLACEMENT_3D ( 'NONE', #814, #1441, #78 ) ;
#325 = DIRECTION ( 'NONE',  ( -0.000000000000000000, -0.000000000000000000, -1.000000000000000000 ) ) ;
#326 = AXIS2_PLACEMENT_3D ( 'NONE', #1188, #826, #708 ) ;
#327 = VERTEX_POINT ( 'NONE', #1045 ) ;
#328 = CARTESIAN_POINT ( 'NONE',  ( -1.762078541122765518, 19.54752237464970221, -121.3354139735083237 ) ) ;
#329 = ORIENTED_EDGE ( 'NONE', *, *, #768, .F. ) ;
#330 = PLANE ( 'NONE',  #1069 ) ;
#331 = EDGE_LOOP ( 'NONE', ( #444, #453, #1163, #1159, #230, #1195 ) ) ;
#332 = FACE_BOUND ( 'NONE', #438, .T. ) ;
#333 = ORIENTED_EDGE ( 'NONE', *, *, #1294, .F. ) ;
#334 = DIRECTION ( 'NONE',  ( 0.000000000000000000, -0.000000000000000000, 1.000000000000000000 ) ) ;
#335 = ORIENTED_EDGE ( 'NONE', *, *, #483, .T. ) ;
#336 = CARTESIAN_POINT ( 'NONE',  ( -20.59984575023057829, 39.81687585409411412, -121.8999999999999773 ) ) ;
#337 = EDGE_CURVE ( 'NONE', #495, #1537, #905, .T. ) ;
#338 = LINE ( 'NONE', #1072, #751 ) ;
#339 = CARTESIAN_POINT ( 'NONE',  ( -4.491121989215569599, 55.50814214773863142, -137.5000000000000000 ) ) ;
#340 = ORIENTED_EDGE ( 'NONE', *, *, #1, .T. ) ;
#341 = CARTESIAN_POINT ( 'NONE',  ( -1.833333333333351245, 19.62745286645800036, -121.0999999999999659 ) ) ;
#342 = ORIENTED_EDGE ( 'NONE', *, *, #1111, .T. ) ;
#343 = DIRECTION ( 'NONE',  ( 0.000000000000000000, -0.000000000000000000, 1.000000000000000000 ) ) ;
#344 = ADVANCED_FACE ( 'NONE', ( #807 ), #163, .T. ) ;
#345 = DIRECTION ( 'NONE',  ( 0.03305731266805172347, -0.1491119013599948306, 0.9882676029051918887 ) ) ;
#346 = AXIS2_PLACEMENT_3D ( 'NONE', #1479, #833, #860 ) ;
#347 = DIRECTION ( 'NONE',  ( -1.000000000000000000, 0.000000000000000000, 0.000000000000000000 ) ) ;
#348 = ORIENTED_EDGE ( 'NONE', *, *, #216, .T. ) ;
#349 = CARTESIAN_POINT ( 'NONE',  ( 20.29212971600163584, 31.16105495402990044, -121.4999999999999858 ) ) ;
#350 = VECTOR ( 'NONE', #610, 1000.000000000000000 ) ;
#351 = AXIS2_PLACEMENT_3D ( 'NONE', #158, #651, #1153 ) ;
#352 = ORIENTED_EDGE ( 'NONE', *, *, #543, .T. ) ;
#353 = CARTESIAN_POINT ( 'NONE',  ( -81.48382970814046189, 60.00000000000001421, -127.2651821027661043 ) ) ;
#354 = DIRECTION ( 'NONE',  ( -0.000000000000000000, -0.000000000000000000, -1.000000000000000000 ) ) ;
#355 = DIRECTION ( 'NONE',  ( -0.000000000000000000, -0.000000000000000000, -1.000000000000000000 ) ) ;
#356 = ORIENTED_EDGE ( 'NONE', *, *, #168, .T. ) ;
#357 = CARTESIAN_POINT ( 'NONE',  ( -1.521976764585770470, 51.21902778001012990, -121.5000000000000142 ) ) ;
#358 = VERTEX_POINT ( 'NONE', #929 ) ;
#359 = FACE_OUTER_BOUND ( 'NONE', #944, .T. ) ;
#360 = DIRECTION ( 'NONE',  ( 0.000000000000000000, 0.000000000000000000, -1.000000000000000000 ) ) ;
#361 = DIRECTION ( 'NONE',  ( -1.000000000000000000, 0.000000000000000000, 0.000000000000000000 ) ) ;
#362 = PLANE ( 'NONE',  #378 ) ;
#363 = EDGE_CURVE ( 'NONE', #1576, #787, #1282, .T. ) ;
#364 = ORIENTED_EDGE ( 'NONE', *, *, #1053, .F. ) ;
#365 = DIRECTION ( 'NONE',  ( 0.000000000000000000, 0.000000000000000000, 1.000000000000000000 ) ) ;
#366 = VERTEX_POINT ( 'NONE', #65 ) ;
#367 = CARTESIAN_POINT ( 'NONE',  ( -81.50000000000002842, 59.91306816047562478, -126.5000000000000000 ) ) ;
#368 = CARTESIAN_POINT ( 'NONE',  ( -81.50000000000002842, 60.00000000000000711, -119.9999999999999858 ) ) ;
#369 = CARTESIAN_POINT ( 'NONE',  ( 81.49999999999995737, 0.000000000000000000, -130.0000000000000000 ) ) ;
#370 = AXIS2_PLACEMENT_3D ( 'NONE', #954, #1223, #825 ) ;
#371 = LINE ( 'NONE', #1373, #709 ) ;
#372 = CIRCLE ( 'NONE', #706, 20.35000000000000142 ) ;
#373 = VERTEX_POINT ( 'NONE', #447 ) ;
#374 = AXIS2_PLACEMENT_3D ( 'NONE', #1581, #1356, #1084 ) ;
#375 = CARTESIAN_POINT ( 'NONE',  ( -4.088945045969906822, 55.54212971600168203, -121.4999999999999858 ) ) ;
#376 = CIRCLE ( 'NONE', #1286, 3.500000000000003109 ) ;
#377 = DIRECTION ( 'NONE',  ( 0.000000000000000000, 0.000000000000000000, 1.000000000000000000 ) ) ;
#378 = AXIS2_PLACEMENT_3D ( 'NONE', #854, #1362, #240 ) ;
#379 = CARTESIAN_POINT ( 'NONE',  ( -68.00000000000004263, 0.000000000000000000, -126.5000000000000000 ) ) ;
#380 = CARTESIAN_POINT ( 'NONE',  ( -68.00000000000000000, 316.1189411258769155, -140.0000000000000000 ) ) ;
#381 = ORIENTED_EDGE ( 'NONE', *, *, #838, .T. ) ;
#382 = FACE_OUTER_BOUND ( 'NONE', #593, .T. ) ;
#383 = CYLINDRICAL_SURFACE ( 'NONE', #1368, 0.4000000000000003553 ) ;
#384 = EDGE_CURVE ( 'NONE', #541, #1530, #562, .T. ) ;
#385 = ADVANCED_FACE ( 'NONE', ( #785 ), #441, .T. ) ;
#386 = DIRECTION ( 'NONE',  ( -0.000000000000000000, -0.000000000000000000, -1.000000000000000000 ) ) ;
#387 = LINE ( 'NONE', #1614, #685 ) ;
#388 = EDGE_LOOP ( 'NONE', ( #193, #1274 ) ) ;
#389 = DIRECTION ( 'NONE',  ( 0.000000000000000000, -0.000000000000000000, 1.000000000000000000 ) ) ;
#390 = DIRECTION ( 'NONE',  ( 0.000000000000000000, 0.000000000000000000, -1.000000000000000000 ) ) ;
#391 = EDGE_CURVE ( 'NONE', #151, #664, #1493, .T. ) ;
#392 = ORIENTED_EDGE ( 'NONE', *, *, #391, .T. ) ;
#393 = CARTESIAN_POINT ( 'NONE',  ( 81.48382970814039084, 60.00000000000000711, -127.2651821027661327 ) ) ;
#394 = DIRECTION ( 'NONE',  ( 0.000000000000000000, -0.000000000000000000, 1.000000000000000000 ) ) ;
#395 = CIRCLE ( 'NONE', #1464, 22.04999999999999716 ) ;
#396 = VERTEX_POINT ( 'NONE', #657 ) ;
#397 = CARTESIAN_POINT ( 'NONE',  ( -4.772493487335098372, 56.77732695699454268, -132.0000000000000000 ) ) ;
#398 = VECTOR ( 'NONE', #720, 1000.000000000000114 ) ;
#399 = FACE_OUTER_BOUND ( 'NONE', #530, .T. ) ;
#400 = AXIS2_PLACEMENT_3D ( 'NONE', #172, #654, #1156 ) ;
#401 = AXIS2_PLACEMENT_3D ( 'NONE', #1586, #837, #941 ) ;
#402 = VERTEX_POINT ( 'NONE', #72 ) ;
#403 = CARTESIAN_POINT ( 'NONE',  ( -20.24585219238261757, 39.72181703323075652, -121.7730692019924419 ) ) ;
#404 = DIRECTION ( 'NONE',  ( 0.2164396139381050133, -0.9762960071199328072, 0.000000000000000000 ) ) ;
#405 = ORIENTED_EDGE ( 'NONE', *, *, #1182, .T. ) ;
#406 = DIRECTION ( 'NONE',  ( 0.1024841112446329000, -0.02272018046864174648, 0.9944751381215470865 ) ) ;
#407 = B_SPLINE_CURVE_WITH_KNOTS ( 'NONE', 3,
 ( #148, #260, #1525, #1241, #1500, #892, #511, #633 ),
 .UNSPECIFIED., .F., .F.,
 ( 4, 2, 2, 4 ),
 ( 0.000000000000000000, 0.0001909309578462877084, 0.0003818619156925754168, 0.0007637238313851643862 ),
 .UNSPECIFIED. ) ;
#408 = ORIENTED_EDGE ( 'NONE', *, *, #1332, .F. ) ;
#409 = CARTESIAN_POINT ( 'NONE',  ( -4.119978830000669667, 55.26988137221828623, -121.5000000000000000 ) ) ;
#410 = ORIENTED_EDGE ( 'NONE', *, *, #1491, .F. ) ;
#411 = CARTESIAN_POINT ( 'NONE',  ( 1.833333333333339921, 50.87254713354200675, -119.9999999999999858 ) ) ;
#412 = DIRECTION ( 'NONE',  ( -0.9762960071199338064, -0.2164396139381007944, 0.000000000000000000 ) ) ;
#413 = EDGE_CURVE ( 'NONE', #719, #1298, #630, .T. ) ;
#414 = ORIENTED_EDGE ( 'NONE', *, *, #1113, .T. ) ;
#415 = CARTESIAN_POINT ( 'NONE',  ( -15.72975174790920327, 35.25000000000000000, -119.9999999999999858 ) ) ;
#416 = ORIENTED_EDGE ( 'NONE', *, *, #836, .F. ) ;
#417 = CARTESIAN_POINT ( 'NONE',  ( 67.99999999999997158, 60.00000000000000000, -126.5000000000000000 ) ) ;
#418 = DIRECTION ( 'NONE',  ( -0.2164396139381072337, -0.9762960071199323631, 0.000000000000000000 ) ) ;
#419 = CARTESIAN_POINT ( 'NONE',  ( 1.833333333333339921, 19.62745286645800036, -121.0999999999999659 ) ) ;
#420 = CARTESIAN_POINT ( 'NONE',  ( -81.45092933592324869, 60.00000000000000000, -127.6499999999999915 ) ) ;
#421 = EDGE_LOOP ( 'NONE', ( #1565, #1285, #234, #637 ) ) ;
#422 = CARTESIAN_POINT ( 'NONE',  ( 81.49999999999997158, 0.000000000000000000, -573.6922565919390991 ) ) ;
#423 = ORIENTED_EDGE ( 'NONE', *, *, #485, .T. ) ;
#424 = CARTESIAN_POINT ( 'NONE',  ( 81.49999999999997158, 10.00000000000000000, -573.6922565919390991 ) ) ;
#425 = EDGE_CURVE ( 'NONE', #1390, #358, #526, .T. ) ;
#426 = CARTESIAN_POINT ( 'NONE',  ( 81.49999999999997158, 52.35000000000000853, -127.6499999999999915 ) ) ;
#427 = VECTOR ( 'NONE', #822, 1000.000000000000000 ) ;
#428 = DIRECTION ( 'NONE',  ( -0.000000000000000000, -0.000000000000000000, -1.000000000000000000 ) ) ;
#429 = DIRECTION ( 'NONE',  ( 2.498394011926328442E-16, 1.000000000000000000, 0.000000000000000000 ) ) ;
#430 = AXIS2_PLACEMENT_3D ( 'NONE', #1144, #27, #520 ) ;
#431 = ORIENTED_EDGE ( 'NONE', *, *, #129, .F. ) ;
#432 = CARTESIAN_POINT ( 'NONE',  ( 20.36162827191049729, 31.05424743833021495, -121.4999999999999858 ) ) ;
#433 = DIRECTION ( 'NONE',  ( -0.2164396139381049300, -0.9762960071199329182, 0.000000000000000000 ) ) ;
#434 = ORIENTED_EDGE ( 'NONE', *, *, #604, .T. ) ;
#435 = CARTESIAN_POINT ( 'NONE',  ( -21.52732695699448939, 40.02249348733533196, -132.0000000000000000 ) ) ;
#436 = EDGE_CURVE ( 'NONE', #327, #1408, #1037, .T. ) ;
#437 = DIRECTION ( 'NONE',  ( 1.000000000000000000, 0.000000000000000000, 0.000000000000000000 ) ) ;
#438 = EDGE_LOOP ( 'NONE', ( #1365, #792, #187 ) ) ;
#439 = DIRECTION ( 'NONE',  ( -0.000000000000000000, 0.000000000000000000, -1.000000000000000000 ) ) ;
#440 = ORIENTED_EDGE ( 'NONE', *, *, #1402, .T. ) ;
#441 = CYLINDRICAL_SURFACE ( 'NONE', #83, 0.3999999999999975797 ) ;
#442 = CARTESIAN_POINT ( 'NONE',  ( 1.833333333333339921, 50.87254713354200675, -121.0999999999999801 ) ) ;
#443 = CARTESIAN_POINT ( 'NONE',  ( -4.566875854093903619, 55.84984575023061382, -123.0000000000000142 ) ) ;
#444 = ORIENTED_EDGE ( 'NONE', *, *, #1161, .T. ) ;
#445 = FACE_OUTER_BOUND ( 'NONE', #650, .T. ) ;
#446 = ORIENTED_EDGE ( 'NONE', *, *, #1473, .T. ) ;
#447 = CARTESIAN_POINT ( 'NONE',  ( -81.50000000000002842, 52.35000000000000853, -119.9999999999999858 ) ) ;
#448 = ORIENTED_EDGE ( 'NONE', *, *, #96, .F. ) ;
#449 = AXIS2_PLACEMENT_3D ( 'NONE', #749, #1407, #31 ) ;
#450 = AXIS2_PLACEMENT_3D ( 'NONE', #1498, #752, #258 ) ;
#451 = LINE ( 'NONE', #191, #504 ) ;
#452 = VECTOR ( 'NONE', #386, 1000.000000000000000 ) ;
#453 = ORIENTED_EDGE ( 'NONE', *, *, #581, .T. ) ;
#454 = VECTOR ( 'NONE', #428, 1000.000000000000000 ) ;
#455 = DIRECTION ( 'NONE',  ( 0.9762960071199329182, -0.2164396139381049300, 0.000000000000000000 ) ) ;
#456 = EDGE_CURVE ( 'NONE', #693, #1587, #830, .T. ) ;
#457 = ORIENTED_EDGE ( 'NONE', *, *, #1396, .T. ) ;
#458 = CARTESIAN_POINT ( 'NONE',  ( 0.000000000000000000, 35.25000000000000000, -132.0000000000000000 ) ) ;
#459 = CARTESIAN_POINT ( 'NONE',  ( 0.000000000000000000, 35.25000000000000000, -121.8999999999999773 ) ) ;
#460 = CARTESIAN_POINT ( 'NONE',  ( 0.000000000000000000, 35.25000000000000000, -60.32018766785535036 ) ) ;
#461 = EDGE_LOOP ( 'NONE', ( #333, #1062, #829, #1177 ) ) ;
#462 = CARTESIAN_POINT ( 'NONE',  ( 0.000000000000000000, 35.25000000000000000, -121.0999999999999801 ) ) ;
#463 = EDGE_CURVE ( 'NONE', #495, #1582, #1339, .T. ) ;
#464 = ORIENTED_EDGE ( 'NONE', *, *, #217, .F. ) ;
#465 = FACE_OUTER_BOUND ( 'NONE', #13, .T. ) ;
#466 = DIRECTION ( 'NONE',  ( 1.000000000000000000, 0.000000000000000000, 0.000000000000000000 ) ) ;
#467 = DIRECTION ( 'NONE',  ( 0.000000000000000000, 0.000000000000000000, -1.000000000000000000 ) ) ;
#468 = ORIENTED_EDGE ( 'NONE', *, *, #73, .T. ) ;
#469 = CARTESIAN_POINT ( 'NONE',  ( -1.816112766830957570, 50.89192405537672670, -121.2302805796339840 ) ) ;
#470 = ORIENTED_EDGE ( 'NONE', *, *, #961, .T. ) ;
#471 = CARTESIAN_POINT ( 'NONE',  ( 0.000000000000000000, 35.25000000000000000, -137.5000000000000000 ) ) ;
#472 = LINE ( 'NONE', #368, #1123 ) ;
#473 = DIRECTION ( 'NONE',  ( -1.000000000000000000, 0.000000000000000000, 0.000000000000000000 ) ) ;
#474 = CONICAL_SURFACE ( 'NONE', #937, 21.19999999999999929, 0.1533323883983220282 ) ;
#475 = ORIENTED_EDGE ( 'NONE', *, *, #1570, .F. ) ;
#476 = DIRECTION ( 'NONE',  ( -0.1527322659035288965, 0.000000000000000000, 0.9882676029051917777 ) ) ;
#477 = AXIS2_PLACEMENT_3D ( 'NONE', #542, #310, #1428 ) ;
#478 = AXIS2_PLACEMENT_3D ( 'NONE', #1536, #800, #1293 ) ;
#479 = ORIENTED_EDGE ( 'NONE', *, *, #1180, .T. ) ;
#480 = CARTESIAN_POINT ( 'NONE',  ( -21.52732695699448939, 40.02249348733533196, -132.0000000000000000 ) ) ;
#481 = DIRECTION ( 'NONE',  ( 0.000000000000000000, -0.000000000000000000, 1.000000000000000000 ) ) ;
#482 = ADVANCED_FACE ( 'NONE', ( #465 ), #474, .F. ) ;
#483 = EDGE_CURVE ( 'NONE', #966, #855, #295, .T. ) ;
#484 = DIRECTION ( 'NONE',  ( -1.000000000000000000, 0.000000000000000000, 0.000000000000000000 ) ) ;
#485 = EDGE_CURVE ( 'NONE', #890, #1146, #857, .T. ) ;
#486 = ORIENTED_EDGE ( 'NONE', *, *, #85, .T. ) ;
#487 = DIRECTION ( 'NONE',  ( -0.000000000000000000, -0.000000000000000000, 1.000000000000000000 ) ) ;
#488 = EDGE_LOOP ( 'NONE', ( #747, #555, #1139, #154, #1347, #55, #342, #1558, #698 ) ) ;
#489 = B_SPLINE_CURVE_WITH_KNOTS ( 'NONE', 3,
 ( #643, #409, #743, #1122, #1263, #1388, #898, #1148 ),
 .UNSPECIFIED., .F., .F.,
 ( 4, 2, 2, 4 ),
 ( -4.000398473812737987E-06, 0.0003783040492417577951, 0.0005694562730995488117, 0.0007606084969573398283 ),
 .UNSPECIFIED. ) ;
#490 = DIRECTION ( 'NONE',  ( 0.000000000000000000, 1.000000000000000000, 0.000000000000000000 ) ) ;
#491 = CARTESIAN_POINT ( 'NONE',  ( -21.10000000000000497, 35.25000000000000000, -121.8999999999999773 ) ) ;
#492 = CARTESIAN_POINT ( 'NONE',  ( -81.50000000000002842, 52.35000000000000853, -127.6499999999999915 ) ) ;
#493 = CARTESIAN_POINT ( 'NONE',  ( 0.000000000000000000, 35.25000000000000000, -121.4999999999999858 ) ) ;
#494 = LINE ( 'NONE', #2, #120 ) ;
#495 = VERTEX_POINT ( 'NONE', #977 ) ;
#496 = DIRECTION ( 'NONE',  ( 0.000000000000000000, 0.000000000000000000, -1.000000000000000000 ) ) ;
#497 = DIRECTION ( 'NONE',  ( 0.000000000000000000, 0.000000000000000000, 1.000000000000000000 ) ) ;
#498 = CARTESIAN_POINT ( 'NONE',  ( 81.49999999999997158, 59.91306816047562478, -126.5000000000000000 ) ) ;
#499 = VECTOR ( 'NONE', #175, 1000.000000000000000 ) ;
#500 = VECTOR ( 'NONE', #1166, 1000.000000000000000 ) ;
#501 = ORIENTED_EDGE ( 'NONE', *, *, #628, .T. ) ;
#502 = CIRCLE ( 'NONE', #1100, 20.70000000000000284 ) ;
#503 = CARTESIAN_POINT ( 'NONE',  ( -81.50000000000004263, 10.00000000000001599, -119.9999999999999858 ) ) ;
#504 = VECTOR ( 'NONE', #355, 1000.000000000000000 ) ;
#505 = ADVANCED_FACE ( 'NONE', ( #1107 ), #1325, .T. ) ;
#506 = CARTESIAN_POINT ( 'NONE',  ( 67.99999999999997158, 0.000000000000000000, -126.5000000000000000 ) ) ;
#507 = AXIS2_PLACEMENT_3D ( 'NONE', #515, #1353, #1005 ) ;
#508 = CARTESIAN_POINT ( 'NONE',  ( 0.000000000000000000, 35.25000000000000000, -121.8999999999999773 ) ) ;
#509 = CARTESIAN_POINT ( 'NONE',  ( 81.49999999999997158, 0.000000000000000000, -119.9999999999999858 ) ) ;
#510 = ORIENTED_EDGE ( 'NONE', *, *, #1211, .F. ) ;
#511 = CARTESIAN_POINT ( 'NONE',  ( 20.01980089996046530, 31.13014479744560958, -121.5000000000000000 ) ) ;
#512 = EDGE_CURVE ( 'NONE', #936, #1264, #575, .T. ) ;
#513 = CARTESIAN_POINT ( 'NONE',  ( -20.36154765743965811, 39.44562867087455516, -121.5000000000000568 ) ) ;
#514 = EDGE_LOOP ( 'NONE', ( #959, #501, #805, #309, #364, #335 ) ) ;
#515 = CARTESIAN_POINT ( 'NONE',  ( 67.99999999999997158, 10.00000000000000888, -126.5000000000000000 ) ) ;
#516 = CARTESIAN_POINT ( 'NONE',  ( 4.491121989215578481, 14.99185785226137746, -123.0000000000000142 ) ) ;
#517 = VERTEX_POINT ( 'NONE', #852 ) ;
#518 = CARTESIAN_POINT ( 'NONE',  ( 1.433333333333340009, 51.31594058885864484, -121.4999999999999858 ) ) ;
#519 = ORIENTED_EDGE ( 'NONE', *, *, #718, .F. ) ;
#520 = DIRECTION ( 'NONE',  ( -1.000000000000000000, 0.000000000000000000, 0.000000000000000000 ) ) ;
#521 = ADVANCED_FACE ( 'NONE', ( #223, #1590 ), #960, .T. ) ;
#522 = CYLINDRICAL_SURFACE ( 'NONE', #1548, 0.3999999999999995781 ) ;
#523 = AXIS2_PLACEMENT_3D ( 'NONE', #1617, #280, #1254 ) ;
#524 = ORIENTED_EDGE ( 'NONE', *, *, #384, .F. ) ;
#525 = CARTESIAN_POINT ( 'NONE',  ( 1.833333333333339921, 50.87254713354200675, -121.0999999999999659 ) ) ;
#526 = CIRCLE ( 'NONE', #58, 13.50000000000001243 ) ;
#527 = VECTOR ( 'NONE', #1557, 1000.000000000000000 ) ;
#528 = CARTESIAN_POINT ( 'NONE',  ( -1.833333333333351245, 19.62745286645800036, -119.9999999999999858 ) ) ;
#529 = COLOUR_RGB ( '',0.7921568627450980005, 0.8196078431372548767, 0.9333333333333333481 ) ;
#530 = EDGE_LOOP ( 'NONE', ( #566, #1457, #1197, #1129 ) ) ;
#531 = DIRECTION ( 'NONE',  ( 0.000000000000000000, -1.000000000000000000, 0.000000000000000000 ) ) ;
#532 = ADVANCED_FACE ( 'NONE', ( #1467 ), #970, .T. ) ;
#533 = CARTESIAN_POINT ( 'NONE',  ( 4.409248391773107123, 15.04409855530423634, -121.6684511902034700 ) ) ;
#534 = EDGE_LOOP ( 'NONE', ( #894, #921, #873, #1083, #410 ) ) ;
#535 = CARTESIAN_POINT ( 'NONE',  ( -4.547573182249363022, 55.83755710392485128, -121.7730763787992743 ) ) ;
#536 = ORIENTED_EDGE ( 'NONE', *, *, #146, .F. ) ;
#537 = CARTESIAN_POINT ( 'NONE',  ( 4.442989731574320977, 14.72926316271983538, -121.6264092235061725 ) ) ;
#538 = ORIENTED_EDGE ( 'NONE', *, *, #121, .F. ) ;
#539 = DIRECTION ( 'NONE',  ( -0.000000000000000000, 0.000000000000000000, -1.000000000000000000 ) ) ;
#540 = LINE ( 'NONE', #307, #1018 ) ;
#541 = VERTEX_POINT ( 'NONE', #231 ) ;
#542 = CARTESIAN_POINT ( 'NONE',  ( 0.000000000000000000, 35.25000000000000000, -121.8999999999999773 ) ) ;
#543 = EDGE_CURVE ( 'NONE', #1433, #1146, #1599, .T. ) ;
#544 = DIRECTION ( 'NONE',  ( 0.000000000000000000, 0.000000000000000000, -1.000000000000000000 ) ) ;
#545 = DIRECTION ( 'NONE',  ( 0.000000000000000000, -0.000000000000000000, 1.000000000000000000 ) ) ;
#546 = CARTESIAN_POINT ( 'NONE',  ( 4.566875854093915166, 14.65015424976939507, -121.8999999999999773 ) ) ;
#547 = B_SPLINE_CURVE_WITH_KNOTS ( 'NONE', 3,
 ( #1039, #1425, #771, #306, #152, #403, #282, #793 ),
 .UNSPECIFIED., .F., .F.,
 ( 4, 2, 2, 4 ),
 ( -4.000398473813177597E-06, 0.0003783040492417557893, 0.0005694562730995507633, 0.0007606084969573457914 ),
 .UNSPECIFIED. ) ;
#548 = ORIENTED_EDGE ( 'NONE', *, *, #649, .F. ) ;
#549 = CARTESIAN_POINT ( 'NONE',  ( 20.58755710392482285, 30.70242681775044957, -121.7730763787992601 ) ) ;
#550 = AXIS2_PLACEMENT_3D ( 'NONE', #588, #1081, #736 ) ;
#551 = CARTESIAN_POINT ( 'NONE',  ( 24.24810398398964750, 29.46461296181273681, -121.8999999999999773 ) ) ;
#552 = EDGE_CURVE ( 'NONE', #1455, #1444, #608, .T. ) ;
#553 = ADVANCED_FACE ( 'NONE', ( #1477 ), #114, .F. ) ;
#554 = AXIS2_PLACEMENT_3D ( 'NONE', #1290, #569, #914 ) ;
#555 = ORIENTED_EDGE ( 'NONE', *, *, #512, .T. ) ;
#556 = CARTESIAN_POINT ( 'NONE',  ( 1.433333333333340009, 19.18405941114135871, -121.4999999999999858 ) ) ;
#557 = VECTOR ( 'NONE', #1454, 1000.000000000000000 ) ;
#558 = AXIS2_PLACEMENT_3D ( 'NONE', #614, #1108, #190 ) ;
#559 = ORIENTED_EDGE ( 'NONE', *, *, #1311, .F. ) ;
#560 = DIRECTION ( 'NONE',  ( -1.000000000000000000, 0.000000000000000000, 0.000000000000000000 ) ) ;
#561 = VERTEX_POINT ( 'NONE', #1600 ) ;
#562 = LINE ( 'NONE', #1317, #578 ) ;
#563 = ADVANCED_FACE ( 'NONE', ( #359 ), #1206, .F. ) ;
#564 = CARTESIAN_POINT ( 'NONE',  ( 0.000000000000000000, 35.25000000000000000, -85.80400081132400203 ) ) ;
#565 = FACE_BOUND ( 'NONE', #1499, .T. ) ;
#566 = ORIENTED_EDGE ( 'NONE', *, *, #1232, .F. ) ;
#567 = DIRECTION ( 'NONE',  ( -0.000000000000000000, -0.000000000000000000, -1.000000000000000000 ) ) ;
#568 = ORIENTED_EDGE ( 'NONE', *, *, #677, .T. ) ;
#569 = DIRECTION ( 'NONE',  ( 0.000000000000000000, -0.000000000000000000, 1.000000000000000000 ) ) ;
#570 = DIRECTION ( 'NONE',  ( -0.000000000000000000, 0.000000000000000000, -1.000000000000000000 ) ) ;
#571 = DIRECTION ( 'NONE',  ( -0.2164396139381050133, 0.9762960071199328072, 0.000000000000000000 ) ) ;
#572 = ORIENTED_EDGE ( 'NONE', *, *, #744, .F. ) ;
#573 = CARTESIAN_POINT ( 'NONE',  ( -1.726673455432397475, 19.50794278047269970, -121.3764863627142603 ) ) ;
#574 = ORIENTED_EDGE ( 'NONE', *, *, #603, .T. ) ;
#575 = LINE ( 'NONE', #1087, #398 ) ;
#576 = AXIS2_PLACEMENT_3D ( 'NONE', #426, #918, #1089 ) ;
#577 = VERTEX_POINT ( 'NONE', #726 ) ;
#578 = VECTOR ( 'NONE', #817, 1000.000000000000114 ) ;
#579 = AXIS2_PLACEMENT_3D ( 'NONE', #303, #180, #790 ) ;
#580 = FACE_OUTER_BOUND ( 'NONE', #488, .T. ) ;
#581 = EDGE_CURVE ( 'NONE', #517, #495, #1228, .T. ) ;
#582 = VECTOR ( 'NONE', #980, 1000.000000000000114 ) ;
#583 = ORIENTED_EDGE ( 'NONE', *, *, #25, .F. ) ;
#584 = CIRCLE ( 'NONE', #1128, 10.00000000000000888 ) ;
#585 = DIRECTION ( 'NONE',  ( 0.000000000000000000, 0.000000000000000000, 1.000000000000000000 ) ) ;
#586 = ORIENTED_EDGE ( 'NONE', *, *, #1151, .T. ) ;
#587 = CARTESIAN_POINT ( 'NONE',  ( -1.433333333333343562, 50.87254713354200675, -121.4999999999999858 ) ) ;
#588 = CARTESIAN_POINT ( 'NONE',  ( 0.000000000000000000, 35.25000000000000000, -137.5000000000000000 ) ) ;
#589 = CYLINDRICAL_SURFACE ( 'NONE', #401, 15.72975174790920327 ) ;
#590 = EDGE_CURVE ( 'NONE', #973, #1204, #211, .T. ) ;
#591 = ORIENTED_EDGE ( 'NONE', *, *, #485, .F. ) ;
#592 = FACE_OUTER_BOUND ( 'NONE', #930, .T. ) ;
#593 = EDGE_LOOP ( 'NONE', ( #1079, #1465, #1355, #1324 ) ) ;
#594 = DIRECTION ( 'NONE',  ( -1.000000000000000000, 3.617432840899502172E-15, 0.000000000000000000 ) ) ;
#595 = EDGE_CURVE ( 'NONE', #64, #801, #1231, .T. ) ;
#596 = APPLICATION_CONTEXT ( 'automotive_design' ) ;
#597 = CARTESIAN_POINT ( 'NONE',  ( 0.000000000000000000, 35.25000000000000000, -121.4999999999999858 ) ) ;
#598 = ORIENTED_EDGE ( 'NONE', *, *, #623, .T. ) ;
#599 = CARTESIAN_POINT ( 'NONE',  ( 21.19999999999999929, 35.25000000000000000, -137.5000000000000000 ) ) ;
#600 = VERTEX_POINT ( 'NONE', #397 ) ;
#601 = CARTESIAN_POINT ( 'NONE',  ( -68.00000000000002842, 60.00000000000000000, -126.5000000000000000 ) ) ;
#602 = ADVANCED_FACE ( 'NONE', ( #382 ), #32, .F. ) ;
#603 = EDGE_CURVE ( 'NONE', #89, #1598, #1152, .T. ) ;
#604 = EDGE_CURVE ( 'NONE', #74, #1264, #407, .T. ) ;
#605 = CARTESIAN_POINT ( 'NONE',  ( 71.49999999999998579, 0.000000000000000000, -573.6922565919390991 ) ) ;
#606 = AXIS2_PLACEMENT_3D ( 'NONE', #458, #90, #951 ) ;
#607 = LINE ( 'NONE', #1101, #634 ) ;
#608 = CIRCLE ( 'NONE', #912, 21.19999999999999929 ) ;
#609 = VERTEX_POINT ( 'NONE', #625 ) ;
#610 = DIRECTION ( 'NONE',  ( -1.000000000000000000, 0.000000000000000000, 0.000000000000000000 ) ) ;
#611 = TOROIDAL_SURFACE ( 'NONE', #1574, 20.35000000000000142, 0.4000000000000000222 ) ;
#612 = ORIENTED_EDGE ( 'NONE', *, *, #1211, .T. ) ;
#613 = CARTESIAN_POINT ( 'NONE',  ( 71.49999999999998579, 10.00000000000000000, -120.0000000000000000 ) ) ;
#614 = CARTESIAN_POINT ( 'NONE',  ( 0.000000000000000000, 0.000000000000000000, 0.000000000000000000 ) ) ;
#615 = CARTESIAN_POINT ( 'NONE',  ( -20.59984575023056408, 39.81687585409413543, -121.8999999999999773 ) ) ;
#616 = FACE_OUTER_BOUND ( 'NONE', #1036, .T. ) ;
#617 = CYLINDRICAL_SURFACE ( 'NONE', #192, 7.649999999999989697 ) ;
#618 = ORIENTED_EDGE ( 'NONE', *, *, #1332, .T. ) ;
#619 = CARTESIAN_POINT ( 'NONE',  ( 0.000000000000000000, 35.25000000000000000, -121.4999999999999858 ) ) ;
#620 = FACE_OUTER_BOUND ( 'NONE', #849, .T. ) ;
#621 = CARTESIAN_POINT ( 'NONE',  ( -68.00000000000004263, 60.00000000000000711, -140.0000000000000000 ) ) ;
#622 = DIRECTION ( 'NONE',  ( 0.000000000000000000, 0.000000000000000000, -1.000000000000000000 ) ) ;
#623 = EDGE_CURVE ( 'NONE', #890, #147, #1253, .T. ) ;
#624 = VERTEX_POINT ( 'NONE', #525 ) ;
#625 = CARTESIAN_POINT ( 'NONE',  ( -22.04999999999999716, 35.25000000000000000, -132.0000000000000000 ) ) ;
#626 = DIRECTION ( 'NONE',  ( -2.498394011926328442E-16, -1.000000000000000000, 0.000000000000000000 ) ) ;
#627 = DIRECTION ( 'NONE',  ( -0.000000000000000000, -0.000000000000000000, -1.000000000000000000 ) ) ;
#628 = EDGE_CURVE ( 'NONE', #561, #373, #127, .T. ) ;
#629 = DIRECTION ( 'NONE',  ( -1.000000000000000000, 0.000000000000000000, 0.000000000000000000 ) ) ;
#630 = CIRCLE ( 'NONE', #753, 20.75000000000000000 ) ;
#631 = ORIENTED_EDGE ( 'NONE', *, *, #1354, .F. ) ;
#632 = AXIS2_PLACEMENT_3D ( 'NONE', #245, #496, #984 ) ;
#633 = CARTESIAN_POINT ( 'NONE',  ( 19.95036120097964627, 31.23682320966968007, -121.4999999999999858 ) ) ;
#634 = VECTOR ( 'NONE', #627, 1000.000000000000000 ) ;
#635 = CARTESIAN_POINT ( 'NONE',  ( 0.000000000000000000, 35.25000000000000000, -121.4999999999999858 ) ) ;
#636 = TOROIDAL_SURFACE ( 'NONE', #507, 3.499999999999999556, 10.00000000000000000 ) ;
#637 = ORIENTED_EDGE ( 'NONE', *, *, #581, .F. ) ;
#638 = PRODUCT_DEFINITION_SHAPE ( 'NONE', 'NONE',  #804 ) ;
#639 = DIRECTION ( 'NONE',  ( 0.000000000000000000, 0.000000000000000000, 1.000000000000000000 ) ) ;
#640 = DIRECTION ( 'NONE',  ( 1.000000000000000000, 0.000000000000000000, 0.000000000000000000 ) ) ;
#641 = ORIENTED_EDGE ( 'NONE', *, *, #1141, .T. ) ;
#642 = DIRECTION ( 'NONE',  ( -2.312964634635742957E-16, -1.000000000000000000, 0.000000000000000000 ) ) ;
#643 = CARTESIAN_POINT ( 'NONE',  ( -4.013176790330125421, 55.20036120097968535, -121.4999999999999858 ) ) ;
#644 = EDGE_LOOP ( 'NONE', ( #1170, #39 ) ) ;
#645 = DIRECTION ( 'NONE',  ( 1.000000000000000000, 0.000000000000000000, 0.000000000000000000 ) ) ;
#646 = ORIENTED_EDGE ( 'NONE', *, *, #217, .T. ) ;
#647 = FACE_OUTER_BOUND ( 'NONE', #514, .T. ) ;
#648 = CYLINDRICAL_SURFACE ( 'NONE', #164, 21.10000000000000497 ) ;
#649 = EDGE_CURVE ( 'NONE', #126, #600, #87, .T. ) ;
#650 = EDGE_LOOP ( 'NONE', ( #162, #416, #1397, #725 ) ) ;
#651 = DIRECTION ( 'NONE',  ( 0.000000000000000000, 0.000000000000000000, 1.000000000000000000 ) ) ;
#652 = VECTOR ( 'NONE', #1485, 999.9999999999998863 ) ;
#653 = ORIENTED_EDGE ( 'NONE', *, *, #1294, .T. ) ;
#654 = DIRECTION ( 'NONE',  ( -0.000000000000000000, 0.000000000000000000, -1.000000000000000000 ) ) ;
#655 = AXIS2_PLACEMENT_3D ( 'NONE', #748, #1008, #1513 ) ;
#656 = CIRCLE ( 'NONE', #784, 15.72975174790920327 ) ;
#657 = CARTESIAN_POINT ( 'NONE',  ( -21.10000000000000497, 35.25000000000000000, -123.0000000000000142 ) ) ;
#658 = AXIS2_PLACEMENT_3D ( 'NONE', #1561, #325, #1194 ) ;
#659 = ORIENTED_EDGE ( 'NONE', *, *, #1010, .F. ) ;
#660 = DIRECTION ( 'NONE',  ( -1.000000000000000000, 0.000000000000000000, 0.000000000000000000 ) ) ;
#661 = CARTESIAN_POINT ( 'NONE',  ( 4.013176790330125421, 15.29963879902032176, -121.4999999999999858 ) ) ;
#662 = ORIENTED_EDGE ( 'NONE', *, *, #1023, .T. ) ;
#663 = CARTESIAN_POINT ( 'NONE',  ( 4.772493487335098372, 13.72267304300546442, -132.0000000000000000 ) ) ;
#664 = VERTEX_POINT ( 'NONE', #999 ) ;
#665 = DIRECTION ( 'NONE',  ( 0.000000000000000000, 1.000000000000000000, 0.000000000000000000 ) ) ;
#666 = DIRECTION ( 'NONE',  ( -1.000000000000000000, 0.000000000000000000, 0.000000000000000000 ) ) ;
#667 = CARTESIAN_POINT ( 'NONE',  ( 1.833333333333342585, 19.62745286645800746, -121.1668270201509898 ) ) ;
#668 = CARTESIAN_POINT ( 'NONE',  ( 4.491121989215578481, 14.99185785226137568, -121.8352390644876664 ) ) ;
#669 = ADVANCED_FACE ( 'NONE', ( #1381 ), #155, .F. ) ;
#670 = EDGE_CURVE ( 'NONE', #317, #973, #1418, .T. ) ;
#671 = ORIENTED_EDGE ( 'NONE', *, *, #1402, .F. ) ;
#672 = CARTESIAN_POINT ( 'NONE',  ( 22.75000000000000000, 35.25000000000000000, -137.5000000000000000 ) ) ;
#673 = CARTESIAN_POINT ( 'NONE',  ( 1.433333333333340009, 0.000000000000000000, -121.0999999999999801 ) ) ;
#674 = ORIENTED_EDGE ( 'NONE', *, *, #1405, .F. ) ;
#675 = DIRECTION ( 'NONE',  ( -0.2164396139381050133, 0.9762960071199328072, 0.000000000000000000 ) ) ;
#676 = SURFACE_STYLE_USAGE ( .BOTH. , #28 ) ;
#677 = EDGE_CURVE ( 'NONE', #1328, #1408, #1387, .T. ) ;
#678 = ORIENTED_EDGE ( 'NONE', *, *, #1491, .T. ) ;
#679 = DIRECTION ( 'NONE',  ( 0.000000000000000000, 0.000000000000000000, 1.000000000000000000 ) ) ;
#680 = ORIENTED_EDGE ( 'NONE', *, *, #1032, .F. ) ;
#681 = AXIS2_PLACEMENT_3D ( 'NONE', #1167, #545, #1543 ) ;
#682 = CARTESIAN_POINT ( 'NONE',  ( 4.485011069367318193, 14.70238796691119276, -121.6684620469081466 ) ) ;
#683 = AXIS2_PLACEMENT_3D ( 'NONE', #80, #108, #205 ) ;
#684 = ORIENTED_EDGE ( 'NONE', *, *, #17, .T. ) ;
#685 = VECTOR ( 'NONE', #1119, 1000.000000000000000 ) ;
#686 = FACE_OUTER_BOUND ( 'NONE', #1289, .T. ) ;
#687 = ORIENTED_EDGE ( 'NONE', *, *, #1602, .T. ) ;
#688 = CARTESIAN_POINT ( 'NONE',  ( 20.59984575023056408, 30.68312414590588233, -121.8999999999999773 ) ) ;
#689 = DIRECTION ( 'NONE',  ( -1.000000000000000000, 0.000000000000000000, 0.000000000000000000 ) ) ;
#690 = EDGE_CURVE ( 'NONE', #624, #910, #1126, .T. ) ;
#691 = EDGE_LOOP ( 'NONE', ( #659, #1427, #278, #405, #770, #329 ) ) ;
#692 = DIRECTION ( 'NONE',  ( 1.000000000000000000, 0.000000000000000000, 0.000000000000000000 ) ) ;
#693 = VERTEX_POINT ( 'NONE', #1262 ) ;
#694 = CARTESIAN_POINT ( 'NONE',  ( -1.433333333333351556, 19.18405941114136226, -121.4999999999999858 ) ) ;
#695 = ORIENTED_EDGE ( 'NONE', *, *, #623, .F. ) ;
#696 = DIRECTION ( 'NONE',  ( -1.000000000000000000, 0.000000000000000000, -0.000000000000000000 ) ) ;
#697 = EDGE_CURVE ( 'NONE', #1530, #936, #502, .T. ) ;
#698 = ORIENTED_EDGE ( 'NONE', *, *, #384, .T. ) ;
#699 = FACE_OUTER_BOUND ( 'NONE', #1451, .T. ) ;
#700 = ORIENTED_EDGE ( 'NONE', *, *, #744, .T. ) ;
#701 = CARTESIAN_POINT ( 'NONE',  ( 71.49999999999998579, 0.000000000000000000, -119.9999999999999858 ) ) ;
#702 = ORIENTED_EDGE ( 'NONE', *, *, #1098, .T. ) ;
#703 = DIRECTION ( 'NONE',  ( -0.000000000000000000, -0.000000000000000000, 1.000000000000000000 ) ) ;
#704 = CIRCLE ( 'NONE', #832, 21.19999999999999929 ) ;
#705 = DIRECTION ( 'NONE',  ( 0.000000000000000000, -1.000000000000000000, 0.000000000000000000 ) ) ;
#706 = AXIS2_PLACEMENT_3D ( 'NONE', #635, #255, #893 ) ;
#707 = CONICAL_SURFACE ( 'NONE', #989, 22.04999999999999716, 0.1051661232218826791 ) ;
#708 = DIRECTION ( 'NONE',  ( 0.9762960071199329182, 0.2164396139381049300, 0.000000000000000000 ) ) ;
#709 = VECTOR ( 'NONE', #252, 1000.000000000000114 ) ;
#710 = VERTEX_POINT ( 'NONE', #503 ) ;
#711 = ADVANCED_FACE ( 'NONE', ( #766, #1268, #647 ), #1147, .F. ) ;
#712 = CARTESIAN_POINT ( 'NONE',  ( -1.433333333333343340, 51.31594058885864484, -121.4999999999999858 ) ) ;
#713 = ORIENTED_EDGE ( 'NONE', *, *, #737, .F. ) ;
#714 = DIRECTION ( 'NONE',  ( 1.000000000000000000, 0.000000000000000000, 0.000000000000000000 ) ) ;
#715 = CARTESIAN_POINT ( 'NONE',  ( -5.394868635339493679, 59.58467982956484832, 0.000000000000000000 ) ) ;
#716 = VERTEX_POINT ( 'NONE', #1489 ) ;
#717 = CARTESIAN_POINT ( 'NONE',  ( -20.69747535094255397, 39.83851981548794186, -137.5000000000000000 ) ) ;
#718 = EDGE_CURVE ( 'NONE', #1530, #1526, #1061, .T. ) ;
#719 = VERTEX_POINT ( 'NONE', #1296 ) ;
#720 = DIRECTION ( 'NONE',  ( -0.9762960071199329182, 0.2164396139381049300, -0.000000000000000000 ) ) ;
#721 = CARTESIAN_POINT ( 'NONE',  ( 20.25814214773858879, 30.75887801078422967, -121.8999999999999773 ) ) ;
#722 = CYLINDRICAL_SURFACE ( 'NONE', #197, 20.75000000000000000 ) ;
#723 = EDGE_LOOP ( 'NONE', ( #559, #468, #3, #356 ) ) ;
#724 = CYLINDRICAL_SURFACE ( 'NONE', #374, 13.49999999999999822 ) ;
#725 = ORIENTED_EDGE ( 'NONE', *, *, #391, .F. ) ;
#726 = CARTESIAN_POINT ( 'NONE',  ( -68.00000000000002842, 10.00000000000000888, -140.0000000000000000 ) ) ;
#727 = CARTESIAN_POINT ( 'NONE',  ( 71.49999999999998579, 10.00000000000000000, -126.5000000000000000 ) ) ;
#728 = CARTESIAN_POINT ( 'NONE',  ( 4.566875854093915166, 14.65015424976939507, -60.32018766785535036 ) ) ;
#729 = CIRCLE ( 'NONE', #935, 3.500000000000003109 ) ;
#730 = CARTESIAN_POINT ( 'NONE',  ( 81.45092933592319184, 60.00000000000000000, -127.6499999999999915 ) ) ;
#731 = VERTEX_POINT ( 'NONE', #663 ) ;
#732 = LINE ( 'NONE', #516, #1207 ) ;
#733 = VECTOR ( 'NONE', #772, 1000.000000000000000 ) ;
#734 = ORIENTED_EDGE ( 'NONE', *, *, #263, .T. ) ;
#735 = CARTESIAN_POINT ( 'NONE',  ( 0.000000000000000000, 35.25000000000000000, -121.8999999999999773 ) ) ;
#736 = DIRECTION ( 'NONE',  ( -1.000000000000000000, 0.000000000000000000, 0.000000000000000000 ) ) ;
#737 = EDGE_CURVE ( 'NONE', #64, #1115, #1549, .T. ) ;
#738 = ADVANCED_FACE ( 'NONE', ( #1058 ), #46, .F. ) ;
#739 = CARTESIAN_POINT ( 'NONE',  ( 0.000000000000000000, 35.25000000000000000, -137.5000000000000000 ) ) ;
#740 = LINE ( 'NONE', #901, #1209 ) ;
#741 = EDGE_LOOP ( 'NONE', ( #1261, #583, #1556, #1462 ) ) ;
#742 = CARTESIAN_POINT ( 'NONE',  ( -4.442991059947006605, 55.77073768768005380, -121.6264104664325885 ) ) ;
#743 = CARTESIAN_POINT ( 'NONE',  ( -4.228176188214250786, 55.33976120741771609, -121.5285469236846723 ) ) ;
#744 = EDGE_CURVE ( 'NONE', #1524, #517, #116, .T. ) ;
#745 = DIRECTION ( 'NONE',  ( 0.2164396139380912742, -0.9762960071199359158, 0.000000000000000000 ) ) ;
#746 = CARTESIAN_POINT ( 'NONE',  ( -68.00000000000005684, 0.000000000000000000, -130.0000000000000000 ) ) ;
#747 = ORIENTED_EDGE ( 'NONE', *, *, #697, .T. ) ;
#748 = CARTESIAN_POINT ( 'NONE',  ( 0.000000000000000000, 35.25000000000000000, -137.5000000000000000 ) ) ;
#749 = CARTESIAN_POINT ( 'NONE',  ( 0.000000000000000000, 35.25000000000000000, -137.5000000000000000 ) ) ;
#750 = DIRECTION ( 'NONE',  ( -1.000000000000000000, 0.000000000000000000, 0.000000000000000000 ) ) ;
#751 = VECTOR ( 'NONE', #345, 999.9999999999998863 ) ;
#752 = DIRECTION ( 'NONE',  ( -0.000000000000000000, 0.000000000000000000, -1.000000000000000000 ) ) ;
#753 = AXIS2_PLACEMENT_3D ( 'NONE', #48, #1158, #1533 ) ;
#754 = EDGE_CURVE ( 'NONE', #1024, #541, #8, .T. ) ;
#755 = ORIENTED_EDGE ( 'NONE', *, *, #906, .F. ) ;
#756 = VECTOR ( 'NONE', #406, 1000.000000000000114 ) ;
#757 = CARTESIAN_POINT ( 'NONE',  ( 0.000000000000000000, 35.25000000000000000, -121.0999999999999801 ) ) ;
#758 = CIRCLE ( 'NONE', #1102, 21.19999999999999929 ) ;
#759 = FACE_OUTER_BOUND ( 'NONE', #259, .T. ) ;
#760 = AXIS2_PLACEMENT_3D ( 'NONE', #727, #1478, #831 ) ;
#761 = ORIENTED_EDGE ( 'NONE', *, *, #906, .T. ) ;
#762 = CARTESIAN_POINT ( 'NONE',  ( 0.000000000000000000, 35.25000000000000000, -137.5000000000000000 ) ) ;
#763 = DIRECTION ( 'NONE',  ( 0.000000000000000000, 0.000000000000000000, -1.000000000000000000 ) ) ;
#764 = EDGE_CURVE ( 'NONE', #1587, #1537, #1025, .T. ) ;
#765 = ORIENTED_EDGE ( 'NONE', *, *, #838, .F. ) ;
#766 = FACE_BOUND ( 'NONE', #388, .T. ) ;
#767 = EDGE_CURVE ( 'NONE', #936, #1328, #1028, .T. ) ;
#768 = EDGE_CURVE ( 'NONE', #609, #731, #1392, .T. ) ;
#769 = DIRECTION ( 'NONE',  ( -0.000000000000000000, -0.000000000000000000, -1.000000000000000000 ) ) ;
#770 = ORIENTED_EDGE ( 'NONE', *, *, #840, .F. ) ;
#771 = CARTESIAN_POINT ( 'NONE',  ( -20.08976120741766636, 39.47817618821442665, -121.5285469236846154 ) ) ;
#772 = DIRECTION ( 'NONE',  ( 0.000000000000000000, 0.000000000000000000, 1.000000000000000000 ) ) ;
#773 = ORIENTED_EDGE ( 'NONE', *, *, #754, .F. ) ;
#774 = CARTESIAN_POINT ( 'NONE',  ( 0.000000000000000000, 35.25000000000000000, -123.0000000000000142 ) ) ;
#775 = VERTEX_POINT ( 'NONE', #1042 ) ;
#776 = CARTESIAN_POINT ( 'NONE',  ( -1.833333333333351245, 19.62745286645800036, -121.0999999999999801 ) ) ;
#777 = ORIENTED_EDGE ( 'NONE', *, *, #1099, .T. ) ;
#778 = FACE_OUTER_BOUND ( 'NONE', #781, .T. ) ;
#779 = CARTESIAN_POINT ( 'NONE',  ( 1.833333333333342585, 50.87254713354200675, -121.1668273049521503 ) ) ;
#780 = AXIS2_PLACEMENT_3D ( 'NONE', #940, #1054, #666 ) ;
#781 = EDGE_LOOP ( 'NONE', ( #1221, #1015, #244, #1474 ) ) ;
#782 = DIRECTION ( 'NONE',  ( 1.000000000000000000, 0.000000000000000000, 0.000000000000000000 ) ) ;
#783 = VECTOR ( 'NONE', #1566, 1000.000000000000000 ) ;
#784 = AXIS2_PLACEMENT_3D ( 'NONE', #943, #334, #1348 ) ;
#785 = FACE_OUTER_BOUND ( 'NONE', #741, .T. ) ;
#786 = CONICAL_SURFACE ( 'NONE', #1238, 21.19999999999999929, 0.1533323883983220282 ) ;
#787 = VERTEX_POINT ( 'NONE', #797 ) ;
#788 =( LENGTH_UNIT ( ) NAMED_UNIT ( * ) SI_UNIT ( .MILLI., .METRE. ) );
#789 = ORIENTED_EDGE ( 'NONE', *, *, #1426, .F. ) ;
#790 = DIRECTION ( 'NONE',  ( -1.000000000000000000, 0.000000000000000000, 0.000000000000000000 ) ) ;
#791 = CARTESIAN_POINT ( 'NONE',  ( -16.12975174790920363, 35.25000000000000000, -121.4999999999999858 ) ) ;
#792 = ORIENTED_EDGE ( 'NONE', *, *, #836, .T. ) ;
#793 = CARTESIAN_POINT ( 'NONE',  ( -20.25814214773858879, 39.74112198921577743, -121.8999999999999773 ) ) ;
#794 = EDGE_CURVE ( 'NONE', #1528, #241, #1190, .T. ) ;
#795 = PRESENTATION_STYLE_ASSIGNMENT (( #676 ) ) ;
#796 = ORIENTED_EDGE ( 'NONE', *, *, #953, .T. ) ;
#797 = CARTESIAN_POINT ( 'NONE',  ( -20.70000000000000639, 35.25000000000000000, -121.4999999999999858 ) ) ;
#798 = CARTESIAN_POINT ( 'NONE',  ( 4.547572948455563591, 14.66244304484605898, -121.7730756376452206 ) ) ;
#799 = ORIENTED_EDGE ( 'NONE', *, *, #543, .F. ) ;
#800 = DIRECTION ( 'NONE',  ( -0.000000000000000000, -1.000000000000000000, 0.000000000000000000 ) ) ;
#801 = VERTEX_POINT ( 'NONE', #672 ) ;
#802 = CARTESIAN_POINT ( 'NONE',  ( -4.588519815487710929, 55.94747535094260371, -137.5000000000000000 ) ) ;
#803 = VECTOR ( 'NONE', #1000, 1000.000000000000000 ) ;
#804 = PRODUCT_DEFINITION ( 'UNKNOWN', '', #11, #861 ) ;
#805 = ORIENTED_EDGE ( 'NONE', *, *, #105, .F. ) ;
#806 = CIRCLE ( 'NONE', #449, 22.75000000000000000 ) ;
#807 = FACE_OUTER_BOUND ( 'NONE', #331, .T. ) ;
#808 = AXIS2_PLACEMENT_3D ( 'NONE', #113, #1449, #585 ) ;
#809 = VERTEX_POINT ( 'NONE', #63 ) ;
#810 = APPLICATION_CONTEXT ( 'automotive_design' ) ;
#811 = AXIS2_PLACEMENT_3D ( 'NONE', #1447, #1064, #1334 ) ;
#812 = DIRECTION ( 'NONE',  ( 0.000000000000000000, 0.000000000000000000, 1.000000000000000000 ) ) ;
#813 = ORIENTED_EDGE ( 'NONE', *, *, #1520, .T. ) ;
#814 = CARTESIAN_POINT ( 'NONE',  ( 0.000000000000000000, 35.25000000000000000, -140.0000000000000000 ) ) ;
#815 = ADVANCED_FACE ( 'NONE', ( #1171 ), #611, .F. ) ;
#816 = ORIENTED_EDGE ( 'NONE', *, *, #250, .F. ) ;
#817 = DIRECTION ( 'NONE',  ( -0.2164396139381050133, 0.9762960071199328072, -0.000000000000000000 ) ) ;
#818 = ADVANCED_FACE ( 'NONE', ( #928 ), #1531, .F. ) ;
#819 = ORIENTED_EDGE ( 'NONE', *, *, #974, .F. ) ;
#820 = CYLINDRICAL_SURFACE ( 'NONE', #326, 0.3999999999999999667 ) ;
#821 = EDGE_LOOP ( 'NONE', ( #969, #538, #1271, #210 ) ) ;
#822 = DIRECTION ( 'NONE',  ( -0.9762960071199299206, 0.2164396139381186968, 0.000000000000000000 ) ) ;
#823 = ORIENTED_EDGE ( 'NONE', *, *, #590, .F. ) ;
#824 = DIRECTION ( 'NONE',  ( -0.9762960071199329182, 0.2164396139381049300, 0.000000000000000000 ) ) ;
#825 = DIRECTION ( 'NONE',  ( 0.000000000000000000, 0.000000000000000000, 1.000000000000000000 ) ) ;
#826 = DIRECTION ( 'NONE',  ( 0.2164396139381050133, -0.9762960071199329182, 0.000000000000000000 ) ) ;
#827 = EDGE_LOOP ( 'NONE', ( #448, #687, #1399, #1103 ) ) ;
#828 = CARTESIAN_POINT ( 'NONE',  ( -1.611219945217966298, 19.37948312826785369, -121.4719259298736347 ) ) ;
#829 = ORIENTED_EDGE ( 'NONE', *, *, #649, .T. ) ;
#830 = LINE ( 'NONE', #480, #1416 ) ;
#831 = DIRECTION ( 'NONE',  ( 1.000000000000000000, 0.000000000000000000, 0.000000000000000000 ) ) ;
#832 = AXIS2_PLACEMENT_3D ( 'NONE', #846, #946, #962 ) ;
#833 = DIRECTION ( 'NONE',  ( -0.000000000000000000, -1.000000000000000000, 0.000000000000000000 ) ) ;
#834 = AXIS2_PLACEMENT_3D ( 'NONE', #922, #1540, #689 ) ;
#835 = VECTOR ( 'NONE', #1421, 1000.000000000000000 ) ;
#836 = EDGE_CURVE ( 'NONE', #1204, #317, #144, .T. ) ;
#837 = DIRECTION ( 'NONE',  ( -0.000000000000000000, -0.000000000000000000, -1.000000000000000000 ) ) ;
#838 = EDGE_CURVE ( 'NONE', #1298, #1320, #318, .T. ) ;
#839 = AXIS2_PLACEMENT_3D ( 'NONE', #1259, #878, #125 ) ;
#840 = EDGE_CURVE ( 'NONE', #731, #775, #1404, .T. ) ;
#841 = EDGE_LOOP ( 'NONE', ( #124, #761, #1192, #942 ) ) ;
#842 = VECTOR ( 'NONE', #1360, 1000.000000000000114 ) ;
#843 = CARTESIAN_POINT ( 'NONE',  ( -71.50000000000004263, 0.000000000000000000, -126.5000000000000000 ) ) ;
#844 = VERTEX_POINT ( 'NONE', #415 ) ;
#845 = DIRECTION ( 'NONE',  ( 0.000000000000000000, 0.000000000000000000, -1.000000000000000000 ) ) ;
#846 = CARTESIAN_POINT ( 'NONE',  ( 0.000000000000000000, 35.25000000000000000, -137.5000000000000000 ) ) ;
#847 = DIRECTION ( 'NONE',  ( -1.000000000000000000, 0.000000000000000000, 0.000000000000000000 ) ) ;
#848 = EDGE_CURVE ( 'NONE', #1408, #1219, #271, .T. ) ;
#849 = EDGE_LOOP ( 'NONE', ( #896, #1607, #479, #789 ) ) ;
#850 = CARTESIAN_POINT ( 'NONE',  ( 1.833333333333339921, 19.62745286645800036, -121.0999999999999659 ) ) ;
#851 = ORIENTED_EDGE ( 'NONE', *, *, #1133, .F. ) ;
#852 = CARTESIAN_POINT ( 'NONE',  ( -20.25814214773858879, 39.74112198921577743, -121.8999999999999773 ) ) ;
#853 = FACE_OUTER_BOUND ( 'NONE', #723, .T. ) ;
#854 = CARTESIAN_POINT ( 'NONE',  ( 5.394868635339493679, 10.91532017043515701, 0.000000000000000000 ) ) ;
#855 = VERTEX_POINT ( 'NONE', #1287 ) ;
#856 = DIRECTION ( 'NONE',  ( 0.000000000000000000, 0.000000000000000000, -1.000000000000000000 ) ) ;
#857 = B_SPLINE_CURVE_WITH_KNOTS ( 'NONE', 3,
 ( #367, #1340, #353, #117 ),
 .UNSPECIFIED., .F., .F.,
 ( 4, 4 ),
 ( 0.000000000000000000, 0.001154324510177268896 ),
 .UNSPECIFIED. ) ;
#858 = VERTEX_POINT ( 'NONE', #1220 ) ;
#859 = CARTESIAN_POINT ( 'NONE',  ( 0.000000000000000000, 35.25000000000000000, -121.4999999999999858 ) ) ;
#860 = DIRECTION ( 'NONE',  ( 0.000000000000000000, 0.000000000000000000, -1.000000000000000000 ) ) ;
#861 = PRODUCT_DEFINITION_CONTEXT ( 'detailed design', #596, 'design' ) ;
#862 = CONICAL_SURFACE ( 'NONE', #550, 21.19999999999999929, 0.1533323883983220282 ) ;
#863 = CARTESIAN_POINT ( 'NONE',  ( -1.833333333333351245, 19.62745286645800036, -85.80400081132400203 ) ) ;
#864 = AXIS2_PLACEMENT_3D ( 'NONE', #1364, #365, #20 ) ;
#865 = DIRECTION ( 'NONE',  ( -0.000000000000000000, -0.000000000000000000, -1.000000000000000000 ) ) ;
#866 = AXIS2_PLACEMENT_3D ( 'NONE', #508, #988, #1118 ) ;
#867 = ORIENTED_EDGE ( 'NONE', *, *, #1405, .T. ) ;
#868 = CARTESIAN_POINT ( 'NONE',  ( -4.195752561669785941, 55.61162827191026281, -121.5000000000000142 ) ) ;
#869 = EDGE_CURVE ( 'NONE', #719, #693, #1092, .T. ) ;
#870 = LINE ( 'NONE', #881, #1255 ) ;
#871 = CARTESIAN_POINT ( 'NONE',  ( -4.566875854093904508, 55.84984575023061382, -123.0000000000000142 ) ) ;
#872 = CARTESIAN_POINT ( 'NONE',  ( -19.95036120097964627, 39.26317679033032704, -121.4999999999999858 ) ) ;
#873 = ORIENTED_EDGE ( 'NONE', *, *, #1099, .F. ) ;
#874 = DIRECTION ( 'NONE',  ( -0.000000000000000000, -0.000000000000000000, 1.000000000000000000 ) ) ;
#875 = ADVANCED_BREP_SHAPE_REPRESENTATION ( 'Front', ( #1137, #558 ), #1104 ) ;
#876 = CARTESIAN_POINT ( 'NONE',  ( -20.54761203308877171, 39.73501106936750915, -121.6684620469081466 ) ) ;
#877 = LINE ( 'NONE', #996, #122 ) ;
#878 = DIRECTION ( 'NONE',  ( -2.498394011926328442E-16, -1.000000000000000000, 0.000000000000000000 ) ) ;
#879 = ORIENTED_EDGE ( 'NONE', *, *, #436, .F. ) ;
#880 = CARTESIAN_POINT ( 'NONE',  ( 67.99999999999997158, 10.00000000000000888, -126.5000000000000000 ) ) ;
#881 = CARTESIAN_POINT ( 'NONE',  ( -4.491121989215578481, 55.50814214773863142, -123.0000000000000142 ) ) ;
#882 = ORIENTED_EDGE ( 'NONE', *, *, #216, .F. ) ;
#883 = CARTESIAN_POINT ( 'NONE',  ( -20.59984575023056408, 39.81687585409413543, -123.0000000000000142 ) ) ;
#884 = EDGE_CURVE ( 'NONE', #1115, #1091, #1071, .T. ) ;
#885 = CIRCLE ( 'NONE', #1514, 15.72975174790920327 ) ;
#886 = ADVANCED_FACE ( 'NONE', ( #1077 ), #724, .T. ) ;
#887 = EDGE_CURVE ( 'NONE', #402, #126, #934, .T. ) ;
#888 = FACE_OUTER_BOUND ( 'NONE', #691, .T. ) ;
#889 = AXIS2_PLACEMENT_3D ( 'NONE', #1350, #1198, #1070 ) ;
#890 = VERTEX_POINT ( 'NONE', #104 ) ;
#891 = TOROIDAL_SURFACE ( 'NONE', #450, 16.12975174790920363, 0.4000000000000000222 ) ;
#892 = CARTESIAN_POINT ( 'NONE',  ( 20.08975964047293061, 31.02182624564044033, -121.5285458256371243 ) ) ;
#893 = DIRECTION ( 'NONE',  ( -1.000000000000000000, 0.000000000000000000, 0.000000000000000000 ) ) ;
#894 = ORIENTED_EDGE ( 'NONE', *, *, #425, .F. ) ;
#895 = CARTESIAN_POINT ( 'NONE',  ( -20.25814214773858879, 39.74112198921577743, -123.0000000000000142 ) ) ;
#896 = ORIENTED_EDGE ( 'NONE', *, *, #1542, .T. ) ;
#897 = DIRECTION ( 'NONE',  ( -0.2164396139380912742, 0.9762960071199359158, 0.000000000000000000 ) ) ;
#898 = CARTESIAN_POINT ( 'NONE',  ( -4.491121989215579369, 55.50814214773865274, -121.8352394592116923 ) ) ;
#899 = EDGE_LOOP ( 'NONE', ( #867, #796, #568, #879, #1189, #1572 ) ) ;
#900 = PLANE ( 'NONE',  #1047 ) ;
#901 = CARTESIAN_POINT ( 'NONE',  ( 81.49999999999997158, 60.00000000000000711, -127.6499999999999915 ) ) ;
#902 = EDGE_LOOP ( 'NONE', ( #777, #1553, #470, #1059 ) ) ;
#903 = CARTESIAN_POINT ( 'NONE',  ( 20.54761261627964331, 30.76498801802511807, -121.6684632227288887 ) ) ;
#904 = EDGE_CURVE ( 'NONE', #1455, #609, #1596, .T. ) ;
#905 = LINE ( 'NONE', #1559, #987 ) ;
#906 = EDGE_CURVE ( 'NONE', #89, #1547, #1546, .T. ) ;
#907 = CYLINDRICAL_SURFACE ( 'NONE', #57, 15.72975174790920327 ) ;
#908 = CARTESIAN_POINT ( 'NONE',  ( -4.088945045969906822, 55.54212971600168203, -121.4999999999999858 ) ) ;
#909 = CARTESIAN_POINT ( 'NONE',  ( 1.833333333333339921, 50.87254713354200675, -121.0999999999999659 ) ) ;
#910 = VERTEX_POINT ( 'NONE', #850 ) ;
#911 = CARTESIAN_POINT ( 'NONE',  ( 20.59984575023056408, 30.68312414590588233, -121.8352432519429129 ) ) ;
#912 = AXIS2_PLACEMENT_3D ( 'NONE', #1222, #1484, #1094 ) ;
#913 = AXIS2_PLACEMENT_3D ( 'NONE', #422, #38, #679 ) ;
#914 = DIRECTION ( 'NONE',  ( -1.000000000000000000, 0.000000000000000000, 0.000000000000000000 ) ) ;
#915 = EDGE_CURVE ( 'NONE', #89, #577, #235, .T. ) ;
#916 = CONICAL_SURFACE ( 'NONE', #1470, 21.19999999999999929, 0.1533323883983220282 ) ;
#917 = AXIS2_PLACEMENT_3D ( 'NONE', #739, #972, #1244 ) ;
#918 = DIRECTION ( 'NONE',  ( 1.000000000000000000, -0.000000000000000000, -0.000000000000000000 ) ) ;
#919 = CARTESIAN_POINT ( 'NONE',  ( 1.611221354361954461, 19.37948469021527131, -121.4719251785656127 ) ) ;
#920 = FILL_AREA_STYLE_COLOUR ( '', #529 ) ;
#921 = ORIENTED_EDGE ( 'NONE', *, *, #1377, .T. ) ;
#922 = CARTESIAN_POINT ( 'NONE',  ( 0.000000000000000000, 35.25000000000000000, -121.4999999999999858 ) ) ;
#923 = ORIENTED_EDGE ( 'NONE', *, *, #794, .T. ) ;
#924 = DIRECTION ( 'NONE',  ( 1.000000000000000000, 0.000000000000000000, 0.000000000000000000 ) ) ;
#925 = FILL_AREA_STYLE ('',( #920 ) ) ;
#926 = ADVANCED_FACE ( 'NONE', ( #592 ), #1213, .F. ) ;
#927 = ORIENTED_EDGE ( 'NONE', *, *, #257, .F. ) ;
#928 = FACE_OUTER_BOUND ( 'NONE', #1322, .T. ) ;
#929 = CARTESIAN_POINT ( 'NONE',  ( 67.99999999999997158, 60.00000000000000711, -140.0000000000000000 ) ) ;
#930 = EDGE_LOOP ( 'NONE', ( #1615, #296, #1335, #47 ) ) ;
#931 = CARTESIAN_POINT ( 'NONE',  ( -21.10000000000000497, 35.25000000000000000, -60.32018766785535036 ) ) ;
#932 = EDGE_CURVE ( 'NONE', #983, #973, #1249, .T. ) ;
#933 = VERTEX_POINT ( 'NONE', #843 ) ;
#934 = LINE ( 'NONE', #599, #1601 ) ;
#935 = AXIS2_PLACEMENT_3D ( 'NONE', #506, #1494, #377 ) ;
#936 = VERTEX_POINT ( 'NONE', #349 ) ;
#937 = AXIS2_PLACEMENT_3D ( 'NONE', #471, #703, #714 ) ;
#938 = LINE ( 'NONE', #424, #783 ) ;
#939 = AXIS2_PLACEMENT_3D ( 'NONE', #380, #856, #1482 ) ;
#940 = CARTESIAN_POINT ( 'NONE',  ( 0.000000000000000000, 35.25000000000000000, -137.5000000000000000 ) ) ;
#941 = DIRECTION ( 'NONE',  ( -1.000000000000000000, 0.000000000000000000, 0.000000000000000000 ) ) ;
#942 = ORIENTED_EDGE ( 'NONE', *, *, #1584, .T. ) ;
#943 = CARTESIAN_POINT ( 'NONE',  ( 0.000000000000000000, 35.25000000000000000, -119.9999999999999858 ) ) ;
#944 = EDGE_LOOP ( 'NONE', ( #464, #1093, #957, #612, #133, #1295 ) ) ;
#945 = DIRECTION ( 'NONE',  ( 0.000000000000000000, 1.000000000000000000, 0.000000000000000000 ) ) ;
#946 = DIRECTION ( 'NONE',  ( 0.000000000000000000, 0.000000000000000000, 1.000000000000000000 ) ) ;
#947 = DIRECTION ( 'NONE',  ( -1.000000000000000000, 0.000000000000000000, 0.000000000000000000 ) ) ;
#948 = B_SPLINE_CURVE_WITH_KNOTS ( 'NONE', 3,
 ( #556, #1160, #919, #42, #1391, #1535, #667, #419 ),
 .UNSPECIFIED., .F., .F.,
 ( 4, 2, 2, 4 ),
 ( -4.007946226097687424E-06, 0.0003900059434309308885, 0.0005870128882594515983, 0.0007840198330879723622 ),
 .UNSPECIFIED. ) ;
#949 = ORIENTED_EDGE ( 'NONE', *, *, #196, .T. ) ;
#950 = EDGE_LOOP ( 'NONE', ( #288, #662, #79, #678 ) ) ;
#951 = DIRECTION ( 'NONE',  ( -1.000000000000000000, 0.000000000000000000, 0.000000000000000000 ) ) ;
#952 = ADVANCED_FACE ( 'NONE', ( #445 ), #1341, .T. ) ;
#953 = EDGE_CURVE ( 'NONE', #74, #1328, #1336, .T. ) ;
#954 = CARTESIAN_POINT ( 'NONE',  ( -68.00000000000004263, 10.00000000000000888, -126.5000000000000000 ) ) ;
#955 = EDGE_CURVE ( 'NONE', #241, #1528, #656, .T. ) ;
#956 = DIRECTION ( 'NONE',  ( -0.000000000000000000, -0.000000000000000000, 1.000000000000000000 ) ) ;
#957 = ORIENTED_EDGE ( 'NONE', *, *, #1053, .T. ) ;
#958 = CARTESIAN_POINT ( 'NONE',  ( -1.833333333333345916, 50.87254713354200675, -121.1668270201509898 ) ) ;
#959 = ORIENTED_EDGE ( 'NONE', *, *, #961, .F. ) ;
#960 = PLANE ( 'NONE',  #1205 ) ;
#961 = EDGE_CURVE ( 'NONE', #561, #855, #229, .T. ) ;
#962 = DIRECTION ( 'NONE',  ( -1.000000000000000000, 0.000000000000000000, 0.000000000000000000 ) ) ;
#963 = AXIS2_PLACEMENT_3D ( 'NONE', #613, #343, #1452 ) ;
#964 = VECTOR ( 'NONE', #897, 1000.000000000000114 ) ;
#965 = CARTESIAN_POINT ( 'NONE',  ( -4.588519815487710929, 55.94747535094260371, -137.5000000000000000 ) ) ;
#966 = VERTEX_POINT ( 'NONE', #701 ) ;
#967 = AXIS2_PLACEMENT_3D ( 'NONE', #1299, #1265, #645 ) ;
#968 = DIRECTION ( 'NONE',  ( -0.000000000000000000, -1.000000000000000000, -0.000000000000000000 ) ) ;
#969 = ORIENTED_EDGE ( 'NONE', *, *, #904, .F. ) ;
#970 = CYLINDRICAL_SURFACE ( 'NONE', #889, 13.49999999999999822 ) ;
#971 = DIRECTION ( 'NONE',  ( 0.000000000000000000, -0.000000000000000000, 1.000000000000000000 ) ) ;
#972 = DIRECTION ( 'NONE',  ( -0.000000000000000000, -0.000000000000000000, -1.000000000000000000 ) ) ;
#973 = VERTEX_POINT ( 'NONE', #1475 ) ;
#974 = EDGE_CURVE ( 'NONE', #1204, #664, #106, .T. ) ;
#975 = DIRECTION ( 'NONE',  ( 1.000000000000000000, 0.000000000000000000, 0.000000000000000000 ) ) ;
#976 = EDGE_LOOP ( 'NONE', ( #446, #1446, #408, #348 ) ) ;
#977 = CARTESIAN_POINT ( 'NONE',  ( -20.59984575023056408, 39.81687585409413543, -121.8999999999999773 ) ) ;
#978 =( NAMED_UNIT ( * ) PLANE_ANGLE_UNIT ( ) SI_UNIT ( $, .RADIAN. ) );
#979 = CARTESIAN_POINT ( 'NONE',  ( 67.99999999999998579, 10.00000000000000888, -140.0000000000000000 ) ) ;
#980 = DIRECTION ( 'NONE',  ( 0.02272018046863964053, -0.1024841112446333719, 0.9944751381215470865 ) ) ;
#981 = ADVANCED_FACE ( 'NONE', ( #1138, #145 ), #264, .T. ) ;
#982 = CARTESIAN_POINT ( 'NONE',  ( 71.49999999999998579, 0.000000000000000000, -126.5000000000000000 ) ) ;
#983 = VERTEX_POINT ( 'NONE', #1105 ) ;
#984 = DIRECTION ( 'NONE',  ( -1.000000000000000000, 0.000000000000000000, 0.000000000000000000 ) ) ;
#985 = LINE ( 'NONE', #528, #1437 ) ;
#986 = CLOSED_SHELL ( 'NONE', ( #97, #1004, #669, #138, #1085, #1431, #1230, #1258, #1184, #15, #297, #521, #818, #1450, #563, #1541, #247, #738, #711, #981, #149, #505, #1278, #886, #1443, #532, #67, #926, #131, #1471, #553, #482, #344, #1280, #1002, #1501, #238, #1305, #1302, #1055, #952, #385, #214, #294, #1357, #815, #1131, #1301, #602, #1522, #24, #1001 ) ) ;
#987 = VECTOR ( 'NONE', #1551, 1000.000000000000000 ) ;
#988 = DIRECTION ( 'NONE',  ( -0.000000000000000000, 0.000000000000000000, -1.000000000000000000 ) ) ;
#989 = AXIS2_PLACEMENT_3D ( 'NONE', #990, #763, #640 ) ;
#990 = CARTESIAN_POINT ( 'NONE',  ( 0.000000000000000000, 35.25000000000000000, -132.0000000000000000 ) ) ;
#991 = VECTOR ( 'NONE', #1127, 1000.000000000000000 ) ;
#992 = VECTOR ( 'NONE', #531, 1000.000000000000000 ) ;
#993 = EDGE_LOOP ( 'NONE', ( #1154, #586, #1214, #1330 ) ) ;
#994 = DIRECTION ( 'NONE',  ( -1.000000000000000000, 0.000000000000000000, 0.000000000000000000 ) ) ;
#995 = CARTESIAN_POINT ( 'NONE',  ( 0.000000000000000000, 35.25000000000000000, -60.32018766785535036 ) ) ;
#996 = CARTESIAN_POINT ( 'NONE',  ( 20.25814214773858879, 30.75887801078422967, -123.0000000000000142 ) ) ;
#997 = CARTESIAN_POINT ( 'NONE',  ( 81.49999999999997158, 52.35000000000000853, -127.6499999999999915 ) ) ;
#998 = VERTEX_POINT ( 'NONE', #12 ) ;
#999 = CARTESIAN_POINT ( 'NONE',  ( -1.833333333333343473, 50.87254713354200675, -121.0999999999999659 ) ) ;
#1000 = DIRECTION ( 'NONE',  ( -0.000000000000000000, -0.000000000000000000, -1.000000000000000000 ) ) ;
#1001 = ADVANCED_FACE ( 'NONE', ( #132 ), #617, .T. ) ;
#1002 = ADVANCED_FACE ( 'NONE', ( #888 ), #707, .F. ) ;
#1003 = ORIENTED_EDGE ( 'NONE', *, *, #1250, .T. ) ;
#1004 = ADVANCED_FACE ( 'NONE', ( #1006 ), #891, .T. ) ;
#1005 = DIRECTION ( 'NONE',  ( 0.000000000000000000, 0.000000000000000000, 1.000000000000000000 ) ) ;
#1006 = FACE_OUTER_BOUND ( 'NONE', #993, .T. ) ;
#1007 = ORIENTED_EDGE ( 'NONE', *, *, #44, .T. ) ;
#1008 = DIRECTION ( 'NONE',  ( 0.000000000000000000, 0.000000000000000000, -1.000000000000000000 ) ) ;
#1009 = DIRECTION ( 'NONE',  ( 2.498394011926328442E-16, 1.000000000000000000, 0.000000000000000000 ) ) ;
#1010 = EDGE_CURVE ( 'NONE', #1587, #609, #1370, .T. ) ;
#1011 = EDGE_LOOP ( 'NONE', ( #1029, #702, #1135, #713 ) ) ;
#1012 = CARTESIAN_POINT ( 'NONE',  ( 20.69747535094255397, 30.66148018451206170, -137.5000000000000000 ) ) ;
#1013 = AXIS2_PLACEMENT_3D ( 'NONE', #1291, #1534, #418 ) ;
#1014 = AXIS2_PLACEMENT_3D ( 'NONE', #1506, #874, #1017 ) ;
#1015 = ORIENTED_EDGE ( 'NONE', *, *, #1078, .F. ) ;
#1016 = CIRCLE ( 'NONE', #351, 21.10000000000000497 ) ;
#1017 = DIRECTION ( 'NONE',  ( 1.000000000000000000, 0.000000000000000000, 0.000000000000000000 ) ) ;
#1018 = VECTOR ( 'NONE', #404, 1000.000000000000114 ) ;
#1019 = CARTESIAN_POINT ( 'NONE',  ( -20.52073683728012554, 39.69298973157452792, -121.6264092235062009 ) ) ;
#1020 = ORIENTED_EDGE ( 'NONE', *, *, #1602, .F. ) ;
#1021 = CARTESIAN_POINT ( 'NONE',  ( -5.394868635339493679, 59.58467982956484832, -121.8999999999999773 ) ) ;
#1022 = FACE_OUTER_BOUND ( 'NONE', #976, .T. ) ;
#1023 = EDGE_CURVE ( 'NONE', #577, #1433, #1511, .T. ) ;
#1024 = VERTEX_POINT ( 'NONE', #872 ) ;
#1025 = LINE ( 'NONE', #71, #756 ) ;
#1026 = ORIENTED_EDGE ( 'NONE', *, *, #1584, .F. ) ;
#1027 = LINE ( 'NONE', #54, #500 ) ;
#1028 = B_SPLINE_CURVE_WITH_KNOTS ( 'NONE', 3,
 ( #1034, #432, #195, #1275, #903, #549, #911, #688 ),
 .UNSPECIFIED., .F., .F.,
 ( 4, 2, 2, 4 ),
 ( -4.000385520747927390E-06, 0.0003782824592728445488, 0.0005694238816696370374, 0.0007605653040664295261 ),
 .UNSPECIFIED. ) ;
#1029 = ORIENTED_EDGE ( 'NONE', *, *, #265, .F. ) ;
#1030 = LINE ( 'NONE', #274, #992 ) ;
#1031 = FACE_OUTER_BOUND ( 'NONE', #84, .T. ) ;
#1032 = EDGE_CURVE ( 'NONE', #1403, #998, #732, .T. ) ;
#1033 = VERTEX_POINT ( 'NONE', #746 ) ;
#1034 = CARTESIAN_POINT ( 'NONE',  ( 20.29212971600163584, 31.16105495402990044, -121.4999999999999858 ) ) ;
#1035 = EDGE_CURVE ( 'NONE', #1526, #1219, #387, .T. ) ;
#1036 = EDGE_LOOP ( 'NONE', ( #1338, #641, #816, #381, #291, #1419 ) ) ;
#1037 = LINE ( 'NONE', #1458, #1179 ) ;
#1038 = EDGE_LOOP ( 'NONE', ( #189, #1227, #112, #475 ) ) ;
#1039 = CARTESIAN_POINT ( 'NONE',  ( -19.95036120097964627, 39.26317679033032704, -121.4999999999999858 ) ) ;
#1040 = CARTESIAN_POINT ( 'NONE',  ( 1.611219945217952754, 51.12051687173216408, -121.4719259298736631 ) ) ;
#1041 = ORIENTED_EDGE ( 'NONE', *, *, #25, .T. ) ;
#1042 = CARTESIAN_POINT ( 'NONE',  ( 4.566875854093904508, 14.65015424976939151, -123.0000000000000142 ) ) ;
#1043 = VECTOR ( 'NONE', #304, 999.9999999999998863 ) ;
#1044 = AXIS2_PLACEMENT_3D ( 'NONE', #859, #389, #1140 ) ;
#1045 = CARTESIAN_POINT ( 'NONE',  ( 21.52732695699448939, 30.47750651266467159, -132.0000000000000000 ) ) ;
#1046 = CIRCLE ( 'NONE', #478, 0.3999999999999975797 ) ;
#1047 = AXIS2_PLACEMENT_3D ( 'NONE', #183, #167, #1519 ) ;
#1048 = VERTEX_POINT ( 'NONE', #982 ) ;
#1049 = DIRECTION ( 'NONE',  ( 0.000000000000000000, 0.000000000000000000, 1.000000000000000000 ) ) ;
#1050 = ORIENTED_EDGE ( 'NONE', *, *, #767, .T. ) ;
#1051 = CARTESIAN_POINT ( 'NONE',  ( 0.000000000000000000, 35.25000000000000000, -121.4999999999999858 ) ) ;
#1052 = FACE_OUTER_BOUND ( 'NONE', #41, .T. ) ;
#1053 = EDGE_CURVE ( 'NONE', #966, #33, #1266, .T. ) ;
#1054 = DIRECTION ( 'NONE',  ( 0.000000000000000000, 0.000000000000000000, -1.000000000000000000 ) ) ;
#1055 = ADVANCED_FACE ( 'NONE', ( #1379 ), #1239, .T. ) ;
#1056 = FACE_OUTER_BOUND ( 'NONE', #1157, .T. ) ;
#1057 = ORIENTED_EDGE ( 'NONE', *, *, #250, .T. ) ;
#1058 = FACE_OUTER_BOUND ( 'NONE', #902, .T. ) ;
#1059 = ORIENTED_EDGE ( 'NONE', *, *, #314, .T. ) ;
#1060 = CARTESIAN_POINT ( 'NONE',  ( 4.088945045969905046, 14.95787028399832863, -121.4999999999999858 ) ) ;
#1061 = B_SPLINE_CURVE_WITH_KNOTS ( 'NONE', 3,
 ( #375, #868, #254, #742, #1247, #535, #1538, #1164 ),
 .UNSPECIFIED., .F., .F.,
 ( 4, 2, 2, 4 ),
 ( -4.000385520745158440E-06, 0.0003782824592728429767, 0.0005694238816696321585, 0.0007605653040664213946 ),
 .UNSPECIFIED. ) ;
#1062 = ORIENTED_EDGE ( 'NONE', *, *, #887, .T. ) ;
#1063 = B_SPLINE_CURVE_WITH_KNOTS ( 'NONE', 3,
 ( #1183, #1172, #798, #682, #537, #1306, #1297, #1060 ),
 .UNSPECIFIED., .F., .F.,
 ( 4, 2, 2, 4 ),
 ( 0.000000000000000000, 0.0001909197089464541471, 0.0003818394178929082942, 0.0007636788357858189736 ),
 .UNSPECIFIED. ) ;
#1064 = DIRECTION ( 'NONE',  ( -0.000000000000000000, -0.000000000000000000, 1.000000000000000000 ) ) ;
#1065 = EDGE_LOOP ( 'NONE', ( #1252, #440, #618, #340 ) ) ;
#1066 = DIRECTION ( 'NONE',  ( -1.000000000000000000, 0.000000000000000000, 0.000000000000000000 ) ) ;
#1067 = CIRCLE ( 'NONE', #780, 20.75000000000000000 ) ;
#1068 = ORIENTED_EDGE ( 'NONE', *, *, #884, .F. ) ;
#1069 = AXIS2_PLACEMENT_3D ( 'NONE', #311, #1423, #181 ) ;
#1070 = DIRECTION ( 'NONE',  ( 1.000000000000000000, 0.000000000000000000, 0.000000000000000000 ) ) ;
#1071 = CIRCLE ( 'NONE', #324, 22.75000000000000000 ) ;
#1072 = CARTESIAN_POINT ( 'NONE',  ( 4.772493487335098372, 13.72267304300546442, -132.0000000000000000 ) ) ;
#1073 = AXIS2_PLACEMENT_3D ( 'NONE', #1251, #394, #1393 ) ;
#1074 = AXIS2_PLACEMENT_3D ( 'NONE', #493, #130, #1378 ) ;
#1075 = CYLINDRICAL_SURFACE ( 'NONE', #1155, 21.10000000000000497 ) ;
#1076 = ORIENTED_EDGE ( 'NONE', *, *, #199, .F. ) ;
#1077 = FACE_OUTER_BOUND ( 'NONE', #534, .T. ) ;
#1078 = EDGE_CURVE ( 'NONE', #1328, #1526, #1496, .T. ) ;
#1079 = ORIENTED_EDGE ( 'NONE', *, *, #1132, .T. ) ;
#1080 = DIRECTION ( 'NONE',  ( 2.498394011926328442E-16, 1.000000000000000000, 0.000000000000000000 ) ) ;
#1081 = DIRECTION ( 'NONE',  ( 0.000000000000000000, 0.000000000000000000, 1.000000000000000000 ) ) ;
#1082 = CYLINDRICAL_SURFACE ( 'NONE', #88, 10.00000000000000178 ) ;
#1083 = ORIENTED_EDGE ( 'NONE', *, *, #603, .F. ) ;
#1084 = DIRECTION ( 'NONE',  ( 0.000000000000000000, 0.000000000000000000, 1.000000000000000000 ) ) ;
#1085 = ADVANCED_FACE ( 'NONE', ( #153 ), #916, .F. ) ;
#1086 = ORIENTED_EDGE ( 'NONE', *, *, #146, .T. ) ;
#1087 = CARTESIAN_POINT ( 'NONE',  ( 20.34471799331383934, 31.14939641363219991, -121.4999999999999858 ) ) ;
#1088 =( NAMED_UNIT ( * ) SI_UNIT ( $, .STERADIAN. ) SOLID_ANGLE_UNIT ( ) );
#1089 = DIRECTION ( 'NONE',  ( 0.000000000000000000, 6.349314683313800120E-15, 1.000000000000000000 ) ) ;
#1090 = DIRECTION ( 'NONE',  ( -0.000000000000000000, 0.000000000000000000, -1.000000000000000000 ) ) ;
#1091 = VERTEX_POINT ( 'NONE', #1114 ) ;
#1092 = LINE ( 'NONE', #717, #427 ) ;
#1093 = ORIENTED_EDGE ( 'NONE', *, *, #96, .T. ) ;
#1094 = DIRECTION ( 'NONE',  ( -1.000000000000000000, 0.000000000000000000, 0.000000000000000000 ) ) ;
#1095 = VECTOR ( 'NONE', #354, 1000.000000000000000 ) ;
#1096 = FACE_OUTER_BOUND ( 'NONE', #827, .T. ) ;
#1097 = AXIS2_PLACEMENT_3D ( 'NONE', #198, #433, #293 ) ;
#1098 = EDGE_CURVE ( 'NONE', #801, #1091, #494, .T. ) ;
#1099 = EDGE_CURVE ( 'NONE', #1598, #171, #137, .T. ) ;
#1100 = AXIS2_PLACEMENT_3D ( 'NONE', #619, #1616, #134 ) ;
#1101 = CARTESIAN_POINT ( 'NONE',  ( 1.833333333333339921, 50.87254713354200675, -85.80400081132400203 ) ) ;
#1102 = AXIS2_PLACEMENT_3D ( 'NONE', #215, #956, #692 ) ;
#1103 = ORIENTED_EDGE ( 'NONE', *, *, #483, .F. ) ;
#1104 =( GEOMETRIC_REPRESENTATION_CONTEXT ( 3 ) GLOBAL_UNCERTAINTY_ASSIGNED_CONTEXT ( ( #1618 ) ) GLOBAL_UNIT_ASSIGNED_CONTEXT ( ( #1459, #978, #1088 ) ) REPRESENTATION_CONTEXT ( 'NONE', 'WORKASPACE' ) );
#1105 = CARTESIAN_POINT ( 'NONE',  ( -1.833333333333351245, 19.62745286645800036, -121.0999999999999659 ) ) ;
#1106 = ORIENTED_EDGE ( 'NONE', *, *, #1377, .F. ) ;
#1107 = FACE_OUTER_BOUND ( 'NONE', #841, .T. ) ;
#1108 = DIRECTION ( 'NONE',  ( 0.000000000000000000, 0.000000000000000000, 1.000000000000000000 ) ) ;
#1109 = LINE ( 'NONE', #1342, #1490 ) ;
#1110 = UNCERTAINTY_MEASURE_WITH_UNIT (LENGTH_MEASURE( 1.000000000000000082E-05 ), #788, 'distance_accuracy_value', 'NONE');
#1111 = EDGE_CURVE ( 'NONE', #1303, #1024, #371, .T. ) ;
#1112 = CARTESIAN_POINT ( 'NONE',  ( 20.59984575023056408, 30.68312414590588233, -123.0000000000000142 ) ) ;
#1113 = EDGE_CURVE ( 'NONE', #1146, #1390, #740, .T. ) ;
#1114 = CARTESIAN_POINT ( 'NONE',  ( 22.75000000000000000, 35.25000000000000000, -140.0000000000000000 ) ) ;
#1115 = VERTEX_POINT ( 'NONE', #170 ) ;
#1116 = DIRECTION ( 'NONE',  ( -1.000000000000000000, 0.000000000000000000, 0.000000000000000000 ) ) ;
#1117 = DIRECTION ( 'NONE',  ( -0.000000000000000000, 0.000000000000000000, 1.000000000000000000 ) ) ;
#1118 = DIRECTION ( 'NONE',  ( -1.000000000000000000, 0.000000000000000000, 0.000000000000000000 ) ) ;
#1119 = DIRECTION ( 'NONE',  ( -0.000000000000000000, -0.000000000000000000, -1.000000000000000000 ) ) ;
#1120 = ORIENTED_EDGE ( 'NONE', *, *, #1250, .F. ) ;
#1121 = CARTESIAN_POINT ( 'NONE',  ( 0.000000000000000000, 35.25000000000000000, -60.32018766785535036 ) ) ;
#1122 = CARTESIAN_POINT ( 'NONE',  ( -4.367224459118982161, 55.42902280627018285, -121.6263996799110174 ) ) ;
#1123 = VECTOR ( 'NONE', #1369, 1000.000000000000000 ) ;
#1124 = CIRCLE ( 'NONE', #218, 20.75000000000000000 ) ;
#1125 = CARTESIAN_POINT ( 'NONE',  ( 0.000000000000000000, 35.25000000000000000, -119.9999999999999858 ) ) ;
#1126 = CIRCLE ( 'NONE', #166, 15.72975174790920327 ) ;
#1127 = DIRECTION ( 'NONE',  ( -0.000000000000000000, 1.000000000000000000, -0.000000000000000000 ) ) ;
#1128 = AXIS2_PLACEMENT_3D ( 'NONE', #1308, #924, #360 ) ;
#1129 = ORIENTED_EDGE ( 'NONE', *, *, #1182, .F. ) ;
#1130 = CARTESIAN_POINT ( 'NONE',  ( -0.000000000000000000, 52.35000000000000853, -119.9999999999999858 ) ) ;
#1131 = ADVANCED_FACE ( 'NONE', ( #1031 ), #522, .F. ) ;
#1132 = EDGE_CURVE ( 'NONE', #998, #366, #102, .T. ) ;
#1133 = EDGE_CURVE ( 'NONE', #1433, #358, #1162, .T. ) ;
#1134 = PLANE ( 'NONE',  #1439 ) ;
#1135 = ORIENTED_EDGE ( 'NONE', *, *, #1200, .T. ) ;
#1136 = DIRECTION ( 'NONE',  ( 1.000000000000000000, -0.000000000000000000, 0.000000000000000000 ) ) ;
#1137 = MANIFOLD_SOLID_BREP ( 'Basisteil-Das kann was werden-1', #986 ) ;
#1138 = FACE_BOUND ( 'NONE', #1406, .T. ) ;
#1139 = ORIENTED_EDGE ( 'NONE', *, *, #227, .T. ) ;
#1140 = DIRECTION ( 'NONE',  ( -1.000000000000000000, 0.000000000000000000, 0.000000000000000000 ) ) ;
#1141 = EDGE_CURVE ( 'NONE', #1526, #1524, #540, .T. ) ;
#1142 = DIRECTION ( 'NONE',  ( 0.000000000000000000, -1.000000000000000000, -0.000000000000000000 ) ) ;
#1143 = ORIENTED_EDGE ( 'NONE', *, *, #276, .F. ) ;
#1144 = CARTESIAN_POINT ( 'NONE',  ( 0.000000000000000000, 35.25000000000000000, -121.8999999999999773 ) ) ;
#1145 = LINE ( 'NONE', #895, #733 ) ;
#1146 = VERTEX_POINT ( 'NONE', #420 ) ;
#1147 = PLANE ( 'NONE',  #632 ) ;
#1148 = CARTESIAN_POINT ( 'NONE',  ( -4.491121989215578481, 55.50814214773863142, -121.8999999999999773 ) ) ;
#1149 = ORIENTED_EDGE ( 'NONE', *, *, #1396, .F. ) ;
#1150 = CIRCLE ( 'NONE', #576, 7.650000000000003908 ) ;
#1151 = EDGE_CURVE ( 'NONE', #317, #151, #1046, .T. ) ;
#1152 = CIRCLE ( 'NONE', #1571, 13.49999999999999822 ) ;
#1153 = DIRECTION ( 'NONE',  ( -1.000000000000000000, 0.000000000000000000, 0.000000000000000000 ) ) ;
#1154 = ORIENTED_EDGE ( 'NONE', *, *, #670, .F. ) ;
#1155 = AXIS2_PLACEMENT_3D ( 'NONE', #460, #1345, #947 ) ;
#1156 = DIRECTION ( 'NONE',  ( -1.000000000000000000, 0.000000000000000000, 0.000000000000000000 ) ) ;
#1157 = EDGE_LOOP ( 'NONE', ( #1007, #949, #392, #1312 ) ) ;
#1158 = DIRECTION ( 'NONE',  ( 0.000000000000000000, 0.000000000000000000, -1.000000000000000000 ) ) ;
#1159 = ORIENTED_EDGE ( 'NONE', *, *, #764, .F. ) ;
#1160 = CARTESIAN_POINT ( 'NONE',  ( 1.521976764585913244, 19.28097221998973865, -121.5000000000000000 ) ) ;
#1161 = EDGE_CURVE ( 'NONE', #719, #517, #1145, .T. ) ;
#1162 = LINE ( 'NONE', #300, #299 ) ;
#1163 = ORIENTED_EDGE ( 'NONE', *, *, #337, .T. ) ;
#1164 = CARTESIAN_POINT ( 'NONE',  ( -4.566875854093903619, 55.84984575023061382, -121.8999999999999773 ) ) ;
#1165 = ORIENTED_EDGE ( 'NONE', *, *, #1613, .F. ) ;
#1166 = DIRECTION ( 'NONE',  ( -0.000000000000000000, -0.000000000000000000, -1.000000000000000000 ) ) ;
#1167 = CARTESIAN_POINT ( 'NONE',  ( 0.000000000000000000, 35.25000000000000000, -119.9999999999999858 ) ) ;
#1168 = CARTESIAN_POINT ( 'NONE',  ( 67.99999999999997158, 0.000000000000000000, -130.0000000000000000 ) ) ;
#1169 = CARTESIAN_POINT ( 'NONE',  ( 4.119855202554171925, 15.23019910003945121, -121.4999999999999858 ) ) ;
#1170 = ORIENTED_EDGE ( 'NONE', *, *, #595, .T. ) ;
#1171 = FACE_OUTER_BOUND ( 'NONE', #266, .T. ) ;
#1172 = CARTESIAN_POINT ( 'NONE',  ( 4.566875854093916054, 14.65015424976939862, -121.8352428563993897 ) ) ;
#1173 = ORIENTED_EDGE ( 'NONE', *, *, #425, .T. ) ;
#1174 = DIRECTION ( 'NONE',  ( 0.9762960071199299206, -0.2164396139381186968, 0.000000000000000000 ) ) ;
#1175 =( NAMED_UNIT ( * ) PLANE_ANGLE_UNIT ( ) SI_UNIT ( $, .RADIAN. ) );
#1176 = VECTOR ( 'NONE', #1117, 1000.000000000000000 ) ;
#1177 = ORIENTED_EDGE ( 'NONE', *, *, #315, .F. ) ;
#1178 = CARTESIAN_POINT ( 'NONE',  ( 0.000000000000000000, 35.25000000000000000, -123.0000000000000142 ) ) ;
#1179 = VECTOR ( 'NONE', #1583, 1000.000000000000114 ) ;
#1180 = EDGE_CURVE ( 'NONE', #624, #173, #1193, .T. ) ;
#1181 = AXIS2_PLACEMENT_3D ( 'NONE', #774, #1412, #782 ) ;
#1182 = EDGE_CURVE ( 'NONE', #396, #775, #1016, .T. ) ;
#1183 = CARTESIAN_POINT ( 'NONE',  ( 4.566875854093915166, 14.65015424976939507, -121.8999999999999773 ) ) ;
#1184 = ADVANCED_FACE ( 'NONE', ( #1022 ), #1545, .F. ) ;
#1185 =( GEOMETRIC_REPRESENTATION_CONTEXT ( 3 ) GLOBAL_UNCERTAINTY_ASSIGNED_CONTEXT ( ( #1110 ) ) GLOBAL_UNIT_ASSIGNED_CONTEXT ( ( #788, #1175, #36 ) ) REPRESENTATION_CONTEXT ( 'NONE', 'WORKASPACE' ) );
#1186 = FACE_OUTER_BOUND ( 'NONE', #115, .T. ) ;
#1187 = APPLICATION_PROTOCOL_DEFINITION ( 'draft international standard', 'automotive_design', 1998, #810 ) ;
#1188 = CARTESIAN_POINT ( 'NONE',  ( 5.785387038187466580, 11.00189601601039868, -121.8999999999999773 ) ) ;
#1189 = ORIENTED_EDGE ( 'NONE', *, *, #75, .F. ) ;
#1190 = LINE ( 'NONE', #160, #527 ) ;
#1191 = DIRECTION ( 'NONE',  ( -1.000000000000000000, 0.000000000000000000, 0.000000000000000000 ) ) ;
#1192 = ORIENTED_EDGE ( 'NONE', *, *, #1346, .F. ) ;
#1193 = B_SPLINE_CURVE_WITH_KNOTS ( 'NONE', 3,
 ( #909, #779, #1401, #283, #1417, #1040, #177, #1273 ),
 .UNSPECIFIED., .F., .F.,
 ( 4, 2, 2, 4 ),
 ( 0.000000000000000000, 0.0001968428433002493438, 0.0003936856866004986876, 0.0007873713732009636566 ),
 .UNSPECIFIED. ) ;
#1194 = DIRECTION ( 'NONE',  ( -1.000000000000000000, 0.000000000000000000, 0.000000000000000000 ) ) ;
#1195 = ORIENTED_EDGE ( 'NONE', *, *, #869, .F. ) ;
#1196 = DIRECTION ( 'NONE',  ( -0.000000000000000000, 0.000000000000000000, -1.000000000000000000 ) ) ;
#1197 = ORIENTED_EDGE ( 'NONE', *, *, #129, .T. ) ;
#1198 = DIRECTION ( 'NONE',  ( -2.312964634635742957E-16, -1.000000000000000000, 0.000000000000000000 ) ) ;
#1199 = ORIENTED_EDGE ( 'NONE', *, *, #955, .T. ) ;
#1200 = EDGE_CURVE ( 'NONE', #1091, #1115, #1394, .T. ) ;
#1201 = CARTESIAN_POINT ( 'NONE',  ( -71.50000000000004263, 10.00000000000000178, -573.6922565919390991 ) ) ;
#1202 = EDGE_LOOP ( 'NONE', ( #1237, #1532, #1505, #21 ) ) ;
#1203 = CARTESIAN_POINT ( 'NONE',  ( -1.611221354361958902, 51.12051530978474290, -121.4719251785656127 ) ) ;
#1204 = VERTEX_POINT ( 'NONE', #1569 ) ;
#1205 = AXIS2_PLACEMENT_3D ( 'NONE', #1610, #845, #696 ) ;
#1206 = PLANE ( 'NONE',  #1310 ) ;
#1207 = VECTOR ( 'NONE', #1504, 1000.000000000000000 ) ;
#1208 = PLANE ( 'NONE',  #141 ) ;
#1209 = VECTOR ( 'NONE', #437, 1000.000000000000000 ) ;
#1210 = LINE ( 'NONE', #931, #557 ) ;
#1211 = EDGE_CURVE ( 'NONE', #33, #933, #451, .T. ) ;
#1212 = ORIENTED_EDGE ( 'NONE', *, *, #44, .F. ) ;
#1213 = CYLINDRICAL_SURFACE ( 'NONE', #1257, 22.75000000000000000 ) ;
#1214 = ORIENTED_EDGE ( 'NONE', *, *, #1, .F. ) ;
#1215 = DIRECTION ( 'NONE',  ( 0.000000000000000000, -0.000000000000000000, 1.000000000000000000 ) ) ;
#1216 = PRODUCT_CONTEXT ( 'NONE', #810, 'mechanical' ) ;
#1217 = DIRECTION ( 'NONE',  ( 0.000000000000000000, 1.000000000000000000, 0.000000000000000000 ) ) ;
#1218 = CARTESIAN_POINT ( 'NONE',  ( 19.95036120097964627, 31.23682320966968007, -121.4999999999999858 ) ) ;
#1219 = VERTEX_POINT ( 'NONE', #443 ) ;
#1220 = CARTESIAN_POINT ( 'NONE',  ( 20.25814214773858524, 30.75887801078421546, -137.5000000000000000 ) ) ;
#1221 = ORIENTED_EDGE ( 'NONE', *, *, #718, .T. ) ;
#1222 = CARTESIAN_POINT ( 'NONE',  ( 0.000000000000000000, 35.25000000000000000, -137.5000000000000000 ) ) ;
#1223 = DIRECTION ( 'NONE',  ( 0.000000000000000000, 1.000000000000000000, 0.000000000000000000 ) ) ;
#1224 = CARTESIAN_POINT ( 'NONE',  ( 0.000000000000000000, 35.25000000000000000, -123.0000000000000142 ) ) ;
#1225 = ORIENTED_EDGE ( 'NONE', *, *, #316, .F. ) ;
#1226 = DIRECTION ( 'NONE',  ( 0.1527322659035288965, 0.000000000000000000, 0.9882676029051917777 ) ) ;
#1227 = ORIENTED_EDGE ( 'NONE', *, *, #363, .F. ) ;
#1228 = LINE ( 'NONE', #336, #1516 ) ;
#1229 = TOROIDAL_SURFACE ( 'NONE', #523, 16.12975174790920363, 0.4000000000000000222 ) ;
#1230 = ADVANCED_FACE ( 'NONE', ( #1056 ), #226, .F. ) ;
#1231 = CIRCLE ( 'NONE', #655, 22.75000000000000000 ) ;
#1232 = EDGE_CURVE ( 'NONE', #1582, #396, #1210, .T. ) ;
#1233 = CARTESIAN_POINT ( 'NONE',  ( 20.69747535094255397, 30.66148018451206170, -137.5000000000000000 ) ) ;
#1234 = VECTOR ( 'NONE', #267, 1000.000000000000000 ) ;
#1235 = DIRECTION ( 'NONE',  ( 0.000000000000000000, -0.000000000000000000, 1.000000000000000000 ) ) ;
#1236 = AXIS2_PLACEMENT_3D ( 'NONE', #1125, #1235, #750 ) ;
#1237 = ORIENTED_EDGE ( 'NONE', *, *, #552, .F. ) ;
#1238 = AXIS2_PLACEMENT_3D ( 'NONE', #762, #1049, #1272 ) ;
#1239 = CYLINDRICAL_SURFACE ( 'NONE', #839, 0.3999999999999999667 ) ;
#1240 = ORIENTED_EDGE ( 'NONE', *, *, #1141, .F. ) ;
#1241 = CARTESIAN_POINT ( 'NONE',  ( 20.20590144469571214, 30.84075160822669659, -121.6684511902034984 ) ) ;
#1242 = LINE ( 'NONE', #313, #842 ) ;
#1243 = CARTESIAN_POINT ( 'NONE',  ( 21.52732695699448939, 30.47750651266467159, -132.0000000000000000 ) ) ;
#1244 = DIRECTION ( 'NONE',  ( -1.000000000000000000, 0.000000000000000000, 0.000000000000000000 ) ) ;
#1245 = CARTESIAN_POINT ( 'NONE',  ( 0.000000000000000000, 35.25000000000000000, -137.5000000000000000 ) ) ;
#1246 = ORIENTED_EDGE ( 'NONE', *, *, #1395, .F. ) ;
#1247 = CARTESIAN_POINT ( 'NONE',  ( -4.485011981974698969, 55.79761261627970725, -121.6684632227289597 ) ) ;
#1248 = CARTESIAN_POINT ( 'NONE',  ( 0.000000000000000000, 35.25000000000000000, -121.8999999999999773 ) ) ;
#1249 = B_SPLINE_CURVE_WITH_KNOTS ( 'NONE', 3,
 ( #341, #1329, #1323, #328, #573, #828, #203, #694 ),
 .UNSPECIFIED., .F., .F.,
 ( 4, 2, 2, 4 ),
 ( 0.000000000000000000, 0.0001968428433002476904, 0.0003936856866004953808, 0.0007873713732009641987 ),
 .UNSPECIFIED. ) ;
#1250 = EDGE_CURVE ( 'NONE', #165, #402, #758, .T. ) ;
#1251 = CARTESIAN_POINT ( 'NONE',  ( 0.000000000000000000, 35.25000000000000000, -121.8999999999999773 ) ) ;
#1252 = ORIENTED_EDGE ( 'NONE', *, *, #196, .F. ) ;
#1253 = LINE ( 'NONE', #279, #1521 ) ;
#1254 = DIRECTION ( 'NONE',  ( -1.000000000000000000, 0.000000000000000000, 0.000000000000000000 ) ) ;
#1255 = VECTOR ( 'NONE', #1376, 1000.000000000000000 ) ;
#1256 = FACE_OUTER_BOUND ( 'NONE', #305, .T. ) ;
#1257 = AXIS2_PLACEMENT_3D ( 'NONE', #86, #1588, #1564 ) ;
#1258 = ADVANCED_FACE ( 'NONE', ( #1438 ), #589, .F. ) ;
#1259 = CARTESIAN_POINT ( 'NONE',  ( -1.433333333333356219, 3.581031417094461670E-16, -121.0999999999999801 ) ) ;
#1260 = AXIS2_PLACEMENT_3D ( 'NONE', #290, #467, #847 ) ;
#1261 = ORIENTED_EDGE ( 'NONE', *, *, #1180, .F. ) ;
#1262 = CARTESIAN_POINT ( 'NONE',  ( -20.69747535094255397, 39.83851981548794186, -137.5000000000000000 ) ) ;
#1263 = CARTESIAN_POINT ( 'NONE',  ( -4.409249302529941517, 55.45590202673459146, -121.6684523635510260 ) ) ;
#1264 = VERTEX_POINT ( 'NONE', #1218 ) ;
#1265 = DIRECTION ( 'NONE',  ( 0.000000000000000000, 0.000000000000000000, 1.000000000000000000 ) ) ;
#1266 = LINE ( 'NONE', #509, #1420 ) ;
#1267 = ORIENTED_EDGE ( 'NONE', *, *, #1078, .T. ) ;
#1268 = FACE_BOUND ( 'NONE', #1358, .T. ) ;
#1269 = CARTESIAN_POINT ( 'NONE',  ( -68.00000000000004263, 10.00000000000000888, -126.5000000000000000 ) ) ;
#1270 = EDGE_CURVE ( 'NONE', #1537, #396, #35, .T. ) ;
#1271 = ORIENTED_EDGE ( 'NONE', *, *, #456, .T. ) ;
#1272 = DIRECTION ( 'NONE',  ( -1.000000000000000000, 0.000000000000000000, 0.000000000000000000 ) ) ;
#1273 = CARTESIAN_POINT ( 'NONE',  ( 1.433333333333340009, 51.31594058885864484, -121.4999999999999858 ) ) ;
#1274 = ORIENTED_EDGE ( 'NONE', *, *, #955, .F. ) ;
#1275 = CARTESIAN_POINT ( 'NONE',  ( 20.52073768768001472, 30.80700894005279977, -121.6264104664325885 ) ) ;
#1276 = ORIENTED_EDGE ( 'NONE', *, *, #1232, .T. ) ;
#1277 = CARTESIAN_POINT ( 'NONE',  ( -20.29212971600163939, 39.33894504597009956, -121.4999999999999858 ) ) ;
#1278 = ADVANCED_FACE ( 'NONE', ( #686 ), #1082, .T. ) ;
#1279 = ORIENTED_EDGE ( 'NONE', *, *, #75, .T. ) ;
#1280 = ADVANCED_FACE ( 'NONE', ( #1321 ), #201, .F. ) ;
#1281 = CARTESIAN_POINT ( 'NONE',  ( -1.833333333333343473, 50.87254713354200675, -85.80400081132400203 ) ) ;
#1282 = CIRCLE ( 'NONE', #834, 20.70000000000000284 ) ;
#1283 = CARTESIAN_POINT ( 'NONE',  ( 4.367223133491521025, 15.07097804244261496, -121.6263984396652518 ) ) ;
#1284 = VECTOR ( 'NONE', #455, 1000.000000000000114 ) ;
#1285 = ORIENTED_EDGE ( 'NONE', *, *, #1111, .F. ) ;
#1286 = AXIS2_PLACEMENT_3D ( 'NONE', #379, #1372, #639 ) ;
#1287 = CARTESIAN_POINT ( 'NONE',  ( 81.49999999999997158, 9.999999999999996447, -119.9999999999999858 ) ) ;
#1288 = CIRCLE ( 'NONE', #967, 10.00000000000000178 ) ;
#1289 = EDGE_LOOP ( 'NONE', ( #1424, #98, #510, #1225 ) ) ;
#1290 = CARTESIAN_POINT ( 'NONE',  ( -71.50000000000004263, 10.00000000000000178, -120.0000000000000000 ) ) ;
#1291 = CARTESIAN_POINT ( 'NONE',  ( -24.24810398398964750, 41.03538703818727384, -121.8999999999999773 ) ) ;
#1292 = LINE ( 'NONE', #1012, #224 ) ;
#1293 = DIRECTION ( 'NONE',  ( 0.000000000000000000, 0.000000000000000000, -1.000000000000000000 ) ) ;
#1294 = EDGE_CURVE ( 'NONE', #402, #1320, #248, .T. ) ;
#1295 = ORIENTED_EDGE ( 'NONE', *, *, #1346, .T. ) ;
#1296 = CARTESIAN_POINT ( 'NONE',  ( -20.25814214773858524, 39.74112198921579164, -137.5000000000000000 ) ) ;
#1297 = CARTESIAN_POINT ( 'NONE',  ( 4.195628670874469890, 14.88845234256050354, -121.5000000000000284 ) ) ;
#1298 = VERTEX_POINT ( 'NONE', #339 ) ;
#1299 = CARTESIAN_POINT ( 'NONE',  ( -71.50000000000004263, 10.00000000000000178, -126.5000000000000000 ) ) ;
#1300 = CARTESIAN_POINT ( 'NONE',  ( -5.785387038187466580, 59.49810398398960842, -121.8999999999999773 ) ) ;
#1301 = ADVANCED_FACE ( 'NONE', ( #1327 ), #820, .F. ) ;
#1302 = ADVANCED_FACE ( 'NONE', ( #332, #565, #580 ), #1579, .T. ) ;
#1303 = VERTEX_POINT ( 'NONE', #101 ) ;
#1304 = CARTESIAN_POINT ( 'NONE',  ( 0.000000000000000000, 35.25000000000000000, -121.8999999999999773 ) ) ;
#1305 = ADVANCED_FACE ( 'NONE', ( #699 ), #1075, .F. ) ;
#1306 = CARTESIAN_POINT ( 'NONE',  ( 4.303947054549870366, 14.81850977647786927, -121.5285520902379659 ) ) ;
#1307 = DIRECTION ( 'NONE',  ( -1.000000000000000000, 0.000000000000000000, 0.000000000000000000 ) ) ;
#1308 = CARTESIAN_POINT ( 'NONE',  ( -68.00000000000004263, 10.00000000000000000, -130.0000000000000000 ) ) ;
#1309 = SURFACE_STYLE_FILL_AREA ( #925 ) ;
#1310 = AXIS2_PLACEMENT_3D ( 'NONE', #1359, #945, #237 ) ;
#1311 = EDGE_CURVE ( 'NONE', #787, #1303, #9, .T. ) ;
#1312 = ORIENTED_EDGE ( 'NONE', *, *, #1473, .F. ) ;
#1313 = DIRECTION ( 'NONE',  ( 0.000000000000000000, -0.000000000000000000, 1.000000000000000000 ) ) ;
#1314 = AXIS2_PLACEMENT_3D ( 'NONE', #601, #490, #1577 ) ;
#1315 = AXIS2_PLACEMENT_3D ( 'NONE', #1121, #14, #30 ) ;
#1316 = ORIENTED_EDGE ( 'NONE', *, *, #257, .T. ) ;
#1317 = CARTESIAN_POINT ( 'NONE',  ( 7.839165266027970702, 1.737901099054341092, -121.4999999999999858 ) ) ;
#1318 = AXIS2_PLACEMENT_3D ( 'NONE', #69, #812, #82 ) ;
#1319 = CIRCLE ( 'NONE', #1074, 16.12975174790920363 ) ;
#1320 = VERTEX_POINT ( 'NONE', #965 ) ;
#1321 = FACE_OUTER_BOUND ( 'NONE', #49, .T. ) ;
#1322 = EDGE_LOOP ( 'NONE', ( #1057, #700, #139, #273 ) ) ;
#1323 = CARTESIAN_POINT ( 'NONE',  ( -1.816112622920431185, 19.60807578260180861, -121.2302811038896238 ) ) ;
#1324 = ORIENTED_EDGE ( 'NONE', *, *, #263, .F. ) ;
#1325 = CYLINDRICAL_SURFACE ( 'NONE', #683, 10.00000000000000888 ) ;
#1326 = ORIENTED_EDGE ( 'NONE', *, *, #1562, .F. ) ;
#1327 = FACE_OUTER_BOUND ( 'NONE', #1483, .T. ) ;
#1328 = VERTEX_POINT ( 'NONE', #1472 ) ;
#1329 = CARTESIAN_POINT ( 'NONE',  ( -1.833333333333353909, 19.62745286645800746, -121.1668273049521929 ) ) ;
#1330 = ORIENTED_EDGE ( 'NONE', *, *, #932, .T. ) ;
#1331 = CARTESIAN_POINT ( 'NONE',  ( 0.000000000000000000, 35.25000000000000000, -121.8999999999999773 ) ) ;
#1332 = EDGE_CURVE ( 'NONE', #1349, #983, #1384, .T. ) ;
#1333 = FACE_OUTER_BOUND ( 'NONE', #1202, .T. ) ;
#1334 = DIRECTION ( 'NONE',  ( 1.000000000000000000, 0.000000000000000000, 0.000000000000000000 ) ) ;
#1335 = ORIENTED_EDGE ( 'NONE', *, *, #737, .T. ) ;
#1336 = LINE ( 'NONE', #1573, #1284 ) ;
#1337 = CIRCLE ( 'NONE', #1568, 7.650000000000003908 ) ;
#1338 = ORIENTED_EDGE ( 'NONE', *, *, #1035, .F. ) ;
#1339 = CIRCLE ( 'NONE', #269, 21.10000000000000497 ) ;
#1340 = CARTESIAN_POINT ( 'NONE',  ( -81.50000000000002842, 59.97112764085889580, -126.8818328760873442 ) ) ;
#1341 = TOROIDAL_SURFACE ( 'NONE', #221, 16.12975174790920363, 0.4000000000000000222 ) ;
#1342 = CARTESIAN_POINT ( 'NONE',  ( 1.433333333333340009, 19.62745286645800036, -121.4999999999999858 ) ) ;
#1343 = TOROIDAL_SURFACE ( 'NONE', #866, 20.70000000000000284, 0.4000000000000000222 ) ;
#1344 = CIRCLE ( 'NONE', #760, 9.999999999999994671 ) ;
#1345 = DIRECTION ( 'NONE',  ( -0.000000000000000000, -0.000000000000000000, -1.000000000000000000 ) ) ;
#1346 = EDGE_CURVE ( 'NONE', #1033, #1547, #1486, .T. ) ;
#1347 = ORIENTED_EDGE ( 'NONE', *, *, #363, .T. ) ;
#1348 = DIRECTION ( 'NONE',  ( -1.000000000000000000, 0.000000000000000000, 0.000000000000000000 ) ) ;
#1349 = VERTEX_POINT ( 'NONE', #256 ) ;
#1350 = CARTESIAN_POINT ( 'NONE',  ( -67.99999999999997158, 316.1189411258769155, -126.5000000000000000 ) ) ;
#1351 = APPLICATION_PROTOCOL_DEFINITION ( 'draft international standard', 'automotive_design', 1998, #596 ) ;
#1352 = DIRECTION ( 'NONE',  ( -0.9762960071199329182, 0.2164396139381049300, 0.000000000000000000 ) ) ;
#1353 = DIRECTION ( 'NONE',  ( 0.000000000000000000, 1.000000000000000000, 0.000000000000000000 ) ) ;
#1354 = EDGE_CURVE ( 'NONE', #1403, #1444, #1619, .T. ) ;
#1355 = ORIENTED_EDGE ( 'NONE', *, *, #604, .F. ) ;
#1356 = DIRECTION ( 'NONE',  ( 0.000000000000000000, 1.000000000000000000, 0.000000000000000000 ) ) ;
#1357 = ADVANCED_FACE ( 'NONE', ( #262 ), #1343, .F. ) ;
#1358 = EDGE_LOOP ( 'NONE', ( #882, #671, #1212 ) ) ;
#1359 = CARTESIAN_POINT ( 'NONE',  ( 81.49999999999997158, 0.000000000000000000, -573.6922565919390991 ) ) ;
#1360 = DIRECTION ( 'NONE',  ( 0.2164396139381050133, -0.9762960071199328072, -0.000000000000000000 ) ) ;
#1361 = DIRECTION ( 'NONE',  ( 1.000000000000000000, 0.000000000000000000, 0.000000000000000000 ) ) ;
#1362 = DIRECTION ( 'NONE',  ( -0.9762960071199329182, -0.2164396139381050410, 0.000000000000000000 ) ) ;
#1363 = ORIENTED_EDGE ( 'NONE', *, *, #1552, .T. ) ;
#1364 = CARTESIAN_POINT ( 'NONE',  ( 0.000000000000000000, 35.25000000000000000, -132.0000000000000000 ) ) ;
#1365 = ORIENTED_EDGE ( 'NONE', *, *, #590, .T. ) ;
#1366 = DIRECTION ( 'NONE',  ( -1.000000000000000000, -0.000000000000000000, -0.000000000000000000 ) ) ;
#1367 = TOROIDAL_SURFACE ( 'NONE', #370, 3.499999999999999556, 10.00000000000000000 ) ;
#1368 = AXIS2_PLACEMENT_3D ( 'NONE', #551, #1413, #1429 ) ;
#1369 = DIRECTION ( 'NONE',  ( 2.312964634635742957E-16, 1.000000000000000000, -0.000000000000000000 ) ) ;
#1370 = CIRCLE ( 'NONE', #864, 22.04999999999999716 ) ;
#1371 = VECTOR ( 'NONE', #1136, 1000.000000000000000 ) ;
#1372 = DIRECTION ( 'NONE',  ( 0.000000000000000000, 1.000000000000000000, 0.000000000000000000 ) ) ;
#1373 = CARTESIAN_POINT ( 'NONE',  ( -20.34471799331383934, 39.35060358636780364, -121.4999999999999858 ) ) ;
#1374 = ORIENTED_EDGE ( 'NONE', *, *, #1354, .T. ) ;
#1375 = DIRECTION ( 'NONE',  ( 0.000000000000000000, 0.000000000000000000, 1.000000000000000000 ) ) ;
#1376 = DIRECTION ( 'NONE',  ( 0.000000000000000000, 0.000000000000000000, 1.000000000000000000 ) ) ;
#1377 = EDGE_CURVE ( 'NONE', #1390, #171, #161, .T. ) ;
#1378 = DIRECTION ( 'NONE',  ( -1.000000000000000000, 0.000000000000000000, 0.000000000000000000 ) ) ;
#1379 = FACE_OUTER_BOUND ( 'NONE', #236, .T. ) ;
#1380 = ORIENTED_EDGE ( 'NONE', *, *, #1113, .F. ) ;
#1381 = FACE_OUTER_BOUND ( 'NONE', #1563, .T. ) ;
#1382 = CARTESIAN_POINT ( 'NONE',  ( -81.50000000000004263, 10.00000000000000178, -573.6922565919390991 ) ) ;
#1383 = EDGE_CURVE ( 'NONE', #1033, #933, #376, .T. ) ;
#1384 = LINE ( 'NONE', #863, #452 ) ;
#1385 = DIRECTION ( 'NONE',  ( 2.312964634635742957E-16, 1.000000000000000000, 0.000000000000000000 ) ) ;
#1386 = ORIENTED_EDGE ( 'NONE', *, *, #932, .F. ) ;
#1387 = LINE ( 'NONE', #1398, #1234 ) ;
#1388 = CARTESIAN_POINT ( 'NONE',  ( -4.471817033230562899, 55.49585219238267086, -121.7730692019924561 ) ) ;
#1389 = VECTOR ( 'NONE', #971, 1000.000000000000000 ) ;
#1390 = VERTEX_POINT ( 'NONE', #1497 ) ;
#1391 = CARTESIAN_POINT ( 'NONE',  ( 1.762079088050141129, 19.54752298681723488, -121.3354131536133877 ) ) ;
#1392 = CIRCLE ( 'NONE', #579, 22.04999999999999716 ) ;
#1393 = DIRECTION ( 'NONE',  ( -1.000000000000000000, -9.865725929725914835E-16, 0.000000000000000000 ) ) ;
#1394 = CIRCLE ( 'NONE', #1260, 22.75000000000000000 ) ;
#1395 = EDGE_CURVE ( 'NONE', #600, #1219, #1510, .T. ) ;
#1396 = EDGE_CURVE ( 'NONE', #1528, #624, #607, .T. ) ;
#1397 = ORIENTED_EDGE ( 'NONE', *, *, #974, .T. ) ;
#1398 = CARTESIAN_POINT ( 'NONE',  ( 20.59984575023056408, 30.68312414590588233, -60.32018766785535036 ) ) ;
#1399 = ORIENTED_EDGE ( 'NONE', *, *, #314, .F. ) ;
#1400 = CARTESIAN_POINT ( 'NONE',  ( 4.088945045969905046, 14.95787028399832863, -121.4999999999999858 ) ) ;
#1401 = CARTESIAN_POINT ( 'NONE',  ( 1.816112622920420083, 50.89192421739820560, -121.2302811038896380 ) ) ;
#1402 = EDGE_CURVE ( 'NONE', #844, #1349, #275, .T. ) ;
#1403 = VERTEX_POINT ( 'NONE', #251 ) ;
#1404 = LINE ( 'NONE', #292, #1442 ) ;
#1405 = EDGE_CURVE ( 'NONE', #858, #74, #877, .T. ) ;
#1406 = EDGE_LOOP ( 'NONE', ( #1068, #312 ) ) ;
#1407 = DIRECTION ( 'NONE',  ( 0.000000000000000000, 0.000000000000000000, -1.000000000000000000 ) ) ;
#1408 = VERTEX_POINT ( 'NONE', #1112 ) ;
#1409 = FACE_OUTER_BOUND ( 'NONE', #37, .T. ) ;
#1410 = DIRECTION ( 'NONE',  ( 1.000000000000000000, -2.498394011926328442E-16, 0.000000000000000000 ) ) ;
#1411 = ORIENTED_EDGE ( 'NONE', *, *, #1023, .F. ) ;
#1412 = DIRECTION ( 'NONE',  ( -0.000000000000000000, -0.000000000000000000, 1.000000000000000000 ) ) ;
#1413 = DIRECTION ( 'NONE',  ( 0.9762960071199330292, -0.2164396139381049300, 0.000000000000000000 ) ) ;
#1414 = LINE ( 'NONE', #442, #499 ) ;
#1415 = CIRCLE ( 'NONE', #681, 15.72975174790920327 ) ;
#1416 = VECTOR ( 'NONE', #99, 999.9999999999998863 ) ;
#1417 = CARTESIAN_POINT ( 'NONE',  ( 1.726673455432384596, 50.99205721952730386, -121.3764863627142461 ) ) ;
#1418 = CIRCLE ( 'NONE', #1044, 16.12975174790920363 ) ;
#1419 = ORIENTED_EDGE ( 'NONE', *, *, #1395, .T. ) ;
#1420 = VECTOR ( 'NONE', #629, 1000.000000000000000 ) ;
#1421 = DIRECTION ( 'NONE',  ( -0.000000000000000000, -0.000000000000000000, -1.000000000000000000 ) ) ;
#1422 = VECTOR ( 'NONE', #675, 1000.000000000000114 ) ;
#1423 = DIRECTION ( 'NONE',  ( -1.000000000000000000, 0.000000000000000000, 0.000000000000000000 ) ) ;
#1424 = ORIENTED_EDGE ( 'NONE', *, *, #176, .F. ) ;
#1425 = CARTESIAN_POINT ( 'NONE',  ( -20.01988137221834307, 39.36997883000081799, -121.5000000000000284 ) ) ;
#1426 = EDGE_CURVE ( 'NONE', #809, #173, #1319, .T. ) ;
#1427 = ORIENTED_EDGE ( 'NONE', *, *, #764, .T. ) ;
#1428 = DIRECTION ( 'NONE',  ( -1.000000000000000000, 1.003213576468514996E-15, 0.000000000000000000 ) ) ;
#1429 = DIRECTION ( 'NONE',  ( 0.2164396139381090656, 0.9762960071199319190, 0.000000000000000000 ) ) ;
#1430 = ORIENTED_EDGE ( 'NONE', *, *, #848, .T. ) ;
#1431 = ADVANCED_FACE ( 'NONE', ( #10 ), #1503, .F. ) ;
#1432 = CARTESIAN_POINT ( 'NONE',  ( 4.471816799909035467, 15.00414795608479501, -121.7730684623816018 ) ) ;
#1433 = VERTEX_POINT ( 'NONE', #621 ) ;
#1434 = DIRECTION ( 'NONE',  ( -1.000000000000000000, -8.603844637356768251E-16, 0.000000000000000000 ) ) ;
#1435 = DIRECTION ( 'NONE',  ( 0.000000000000000000, 0.000000000000000000, 1.000000000000000000 ) ) ;
#1436 = DIRECTION ( 'NONE',  ( -0.000000000000000000, -0.000000000000000000, -1.000000000000000000 ) ) ;
#1437 = VECTOR ( 'NONE', #1009, 1000.000000000000000 ) ;
#1438 = FACE_OUTER_BOUND ( 'NONE', #1065, .T. ) ;
#1439 = AXIS2_PLACEMENT_3D ( 'NONE', #156, #1142, #390 ) ;
#1440 = ORIENTED_EDGE ( 'NONE', *, *, #66, .T. ) ;
#1441 = DIRECTION ( 'NONE',  ( 0.000000000000000000, 0.000000000000000000, -1.000000000000000000 ) ) ;
#1442 = VECTOR ( 'NONE', #285, 1000.000000000000114 ) ;
#1443 = ADVANCED_FACE ( 'NONE', ( #1256 ), #636, .T. ) ;
#1444 = VERTEX_POINT ( 'NONE', #19 ) ;
#1445 = DIRECTION ( 'NONE',  ( 0.000000000000000000, 1.000000000000000000, 0.000000000000000000 ) ) ;
#1446 = ORIENTED_EDGE ( 'NONE', *, *, #276, .T. ) ;
#1447 = CARTESIAN_POINT ( 'NONE',  ( 0.000000000000000000, 35.25000000000000000, -137.5000000000000000 ) ) ;
#1448 = ORIENTED_EDGE ( 'NONE', *, *, #17, .F. ) ;
#1449 = DIRECTION ( 'NONE',  ( -1.000000000000000000, -0.000000000000000000, -0.000000000000000000 ) ) ;
#1450 = ADVANCED_FACE ( 'NONE', ( #233 ), #722, .F. ) ;
#1451 = EDGE_LOOP ( 'NONE', ( #1580, #1267, #1595, #1589 ) ) ;
#1452 = DIRECTION ( 'NONE',  ( -1.000000000000000000, 0.000000000000000000, 0.000000000000000000 ) ) ;
#1453 = CARTESIAN_POINT ( 'NONE',  ( -20.59984575023056763, 39.81687585409414964, -121.8352428563993612 ) ) ;
#1454 = DIRECTION ( 'NONE',  ( -0.000000000000000000, -0.000000000000000000, -1.000000000000000000 ) ) ;
#1455 = VERTEX_POINT ( 'NONE', #1480 ) ;
#1456 = CARTESIAN_POINT ( 'NONE',  ( -81.50000000000002842, 10.00000000000000888, -140.0000000000000000 ) ) ;
#1457 = ORIENTED_EDGE ( 'NONE', *, *, #1570, .T. ) ;
#1458 = CARTESIAN_POINT ( 'NONE',  ( 20.59984575023056408, 30.68312414590587522, -123.0000000000000142 ) ) ;
#1459 =( LENGTH_UNIT ( ) NAMED_UNIT ( * ) SI_UNIT ( .MILLI., .METRE. ) );
#1460 = FACE_OUTER_BOUND ( 'NONE', #61, .T. ) ;
#1461 = DIRECTION ( 'NONE',  ( 0.000000000000000000, 0.000000000000000000, -1.000000000000000000 ) ) ;
#1462 = ORIENTED_EDGE ( 'NONE', *, *, #85, .F. ) ;
#1463 = CARTESIAN_POINT ( 'NONE',  ( -21.19999999999999929, 35.25000000000000000, -137.5000000000000000 ) ) ;
#1464 = AXIS2_PLACEMENT_3D ( 'NONE', #1585, #128, #466 ) ;
#1465 = ORIENTED_EDGE ( 'NONE', *, *, #227, .F. ) ;
#1466 = VECTOR ( 'NONE', #626, 1000.000000000000000 ) ;
#1467 = FACE_OUTER_BOUND ( 'NONE', #81, .T. ) ;
#1468 = VECTOR ( 'NONE', #1366, 1000.000000000000000 ) ;
#1469 = LINE ( 'NONE', #605, #1389 ) ;
#1470 = AXIS2_PLACEMENT_3D ( 'NONE', #1245, #487, #975 ) ;
#1471 = ADVANCED_FACE ( 'NONE', ( #616 ), #362, .F. ) ;
#1472 = CARTESIAN_POINT ( 'NONE',  ( 20.59984575023056408, 30.68312414590588233, -121.8999999999999773 ) ) ;
#1473 = EDGE_CURVE ( 'NONE', #716, #664, #1612, .T. ) ;
#1474 = ORIENTED_EDGE ( 'NONE', *, *, #697, .F. ) ;
#1475 = CARTESIAN_POINT ( 'NONE',  ( -1.433333333333351556, 19.18405941114136226, -121.4999999999999858 ) ) ;
#1476 = ORIENTED_EDGE ( 'NONE', *, *, #199, .T. ) ;
#1477 = FACE_OUTER_BOUND ( 'NONE', #45, .T. ) ;
#1478 = DIRECTION ( 'NONE',  ( -0.000000000000000000, 0.000000000000000000, 1.000000000000000000 ) ) ;
#1479 = CARTESIAN_POINT ( 'NONE',  ( -20.70000000000000284, 35.25000000000000000, -121.8999999999999773 ) ) ;
#1480 = CARTESIAN_POINT ( 'NONE',  ( -21.19999999999999929, 35.25000000000000000, -137.5000000000000000 ) ) ;
#1481 = ORIENTED_EDGE ( 'NONE', *, *, #51, .F. ) ;
#1482 = DIRECTION ( 'NONE',  ( -1.000000000000000000, 0.000000000000000000, -0.000000000000000000 ) ) ;
#1483 = EDGE_LOOP ( 'NONE', ( #1316, #1240, #519, #524 ) ) ;
#1484 = DIRECTION ( 'NONE',  ( 0.000000000000000000, 0.000000000000000000, 1.000000000000000000 ) ) ;
#1485 = DIRECTION ( 'NONE',  ( 0.1491119013599948306, -0.03305731266805171653, 0.9882676029051918887 ) ) ;
#1486 = LINE ( 'NONE', #369, #1371 ) ;
#1487 = CARTESIAN_POINT ( 'NONE',  ( 81.49999999999997158, 60.00000000000000000, -126.5000000000000000 ) ) ;
#1488 = ORIENTED_EDGE ( 'NONE', *, *, #552, .T. ) ;
#1489 = CARTESIAN_POINT ( 'NONE',  ( -1.833333333333343473, 50.87254713354200675, -119.9999999999999858 ) ) ;
#1490 = VECTOR ( 'NONE', #705, 1000.000000000000000 ) ;
#1491 = EDGE_CURVE ( 'NONE', #358, #89, #1030, .T. ) ;
#1492 = EDGE_CURVE ( 'NONE', #1508, #998, #56, .T. ) ;
#1493 = CIRCLE ( 'NONE', #6, 15.72975174790920327 ) ;
#1494 = DIRECTION ( 'NONE',  ( 0.000000000000000000, 1.000000000000000000, 0.000000000000000000 ) ) ;
#1495 = AXIS2_PLACEMENT_3D ( 'NONE', #1051, #1313, #1434 ) ;
#1496 = CIRCLE ( 'NONE', #1073, 21.10000000000000497 ) ;
#1497 = CARTESIAN_POINT ( 'NONE',  ( 81.45092933592319184, 60.00000000000000000, -127.6499999999999915 ) ) ;
#1498 = CARTESIAN_POINT ( 'NONE',  ( 0.000000000000000000, 35.25000000000000000, -121.0999999999999801 ) ) ;
#1499 = EDGE_LOOP ( 'NONE', ( #486, #204 ) ) ;
#1500 = CARTESIAN_POINT ( 'NONE',  ( 20.17902195755734951, 30.88277686650827647, -121.6263984396652376 ) ) ;
#1501 = ADVANCED_FACE ( 'NONE', ( #289 ), #786, .F. ) ;
#1502 = FACE_OUTER_BOUND ( 'NONE', #421, .T. ) ;
#1503 = CYLINDRICAL_SURFACE ( 'NONE', #917, 22.75000000000000000 ) ;
#1504 = DIRECTION ( 'NONE',  ( 0.000000000000000000, 0.000000000000000000, 1.000000000000000000 ) ) ;
#1505 = ORIENTED_EDGE ( 'NONE', *, *, #768, .T. ) ;
#1506 = CARTESIAN_POINT ( 'NONE',  ( 0.000000000000000000, 35.25000000000000000, -132.0000000000000000 ) ) ;
#1507 = DIRECTION ( 'NONE',  ( -1.000000000000000000, 0.000000000000000000, 0.000000000000000000 ) ) ;
#1508 = VERTEX_POINT ( 'NONE', #546 ) ;
#1509 = PRODUCT ( 'Front', 'Front', '', ( #1216 ) ) ;
#1510 = LINE ( 'NONE', #871, #582 ) ;
#1511 = LINE ( 'NONE', #242, #298 ) ;
#1512 = ORIENTED_EDGE ( 'NONE', *, *, #105, .T. ) ;
#1513 = DIRECTION ( 'NONE',  ( -1.000000000000000000, 0.000000000000000000, 0.000000000000000000 ) ) ;
#1514 = AXIS2_PLACEMENT_3D ( 'NONE', #68, #570, #1307 ) ;
#1515 = CARTESIAN_POINT ( 'NONE',  ( -20.43149022352209698, 39.55394705455007198, -121.5285520902379659 ) ) ;
#1516 = VECTOR ( 'NONE', #824, 1000.000000000000114 ) ;
#1517 = ORIENTED_EDGE ( 'NONE', *, *, #1492, .F. ) ;
#1518 = VECTOR ( 'NONE', #476, 1000.000000000000000 ) ;
#1519 = DIRECTION ( 'NONE',  ( 2.312964634635742957E-16, 1.000000000000000000, 0.000000000000000000 ) ) ;
#1520 = EDGE_CURVE ( 'NONE', #858, #165, #1292, .T. ) ;
#1521 = VECTOR ( 'NONE', #642, 1000.000000000000000 ) ;
#1522 = ADVANCED_FACE ( 'NONE', ( #778 ), #301, .F. ) ;
#1523 = PRESENTATION_LAYER_ASSIGNMENT (  '', '', ( #272 ) ) ;
#1524 = VERTEX_POINT ( 'NONE', #1544 ) ;
#1525 = CARTESIAN_POINT ( 'NONE',  ( 20.24585204391516413, 30.77818320009077269, -121.7730684623816160 ) ) ;
#1526 = VERTEX_POINT ( 'NONE', #1554 ) ;
#1527 = CARTESIAN_POINT ( 'NONE',  ( 81.49999999999997158, 59.91306816047562478, -126.5000000000000000 ) ) ;
#1528 = VERTEX_POINT ( 'NONE', #411 ) ;
#1529 = CARTESIAN_POINT ( 'NONE',  ( -1.833333333333351245, 19.62745286645800036, -85.80400081132400203 ) ) ;
#1530 = VERTEX_POINT ( 'NONE', #908 ) ;
#1531 = CYLINDRICAL_SURFACE ( 'NONE', #60, 20.75000000000000000 ) ;
#1532 = ORIENTED_EDGE ( 'NONE', *, *, #904, .T. ) ;
#1533 = DIRECTION ( 'NONE',  ( -1.000000000000000000, 0.000000000000000000, 0.000000000000000000 ) ) ;
#1534 = DIRECTION ( 'NONE',  ( -0.9762960071199330292, 0.2164396139381049300, 0.000000000000000000 ) ) ;
#1535 = CARTESIAN_POINT ( 'NONE',  ( 1.816112766830954239, 19.60807594462326620, -121.2302805796340124 ) ) ;
#1536 = CARTESIAN_POINT ( 'NONE',  ( -16.12975174790920363, 35.25000000000000000, -121.0999999999999801 ) ) ;
#1537 = VERTEX_POINT ( 'NONE', #883 ) ;
#1538 = CARTESIAN_POINT ( 'NONE',  ( -4.566875854093901843, 55.84984575023059961, -121.8352432519428703 ) ) ;
#1539 = ORIENTED_EDGE ( 'NONE', *, *, #887, .F. ) ;
#1540 = DIRECTION ( 'NONE',  ( -0.000000000000000000, 0.000000000000000000, -1.000000000000000000 ) ) ;
#1541 = ADVANCED_FACE ( 'NONE', ( #1409 ), #900, .F. ) ;
#1542 = EDGE_CURVE ( 'NONE', #809, #910, #948, .T. ) ;
#1543 = DIRECTION ( 'NONE',  ( -1.000000000000000000, 8.822636256582428950E-16, 0.000000000000000000 ) ) ;
#1544 = CARTESIAN_POINT ( 'NONE',  ( -4.491121989215578481, 55.50814214773863142, -121.8999999999999773 ) ) ;
#1545 = PLANE ( 'NONE',  #194 ) ;
#1546 = CIRCLE ( 'NONE', #808, 9.999999999999994671 ) ;
#1547 = VERTEX_POINT ( 'NONE', #1168 ) ;
#1548 = AXIS2_PLACEMENT_3D ( 'NONE', #1300, #59, #412 ) ;
#1549 = LINE ( 'NONE', #53, #835 ) ;
#1550 = CIRCLE ( 'NONE', #430, 21.10000000000000497 ) ;
#1551 = DIRECTION ( 'NONE',  ( -0.000000000000000000, -0.000000000000000000, -1.000000000000000000 ) ) ;
#1552 = EDGE_CURVE ( 'NONE', #1024, #517, #547, .T. ) ;
#1553 = ORIENTED_EDGE ( 'NONE', *, *, #51, .T. ) ;
#1554 = CARTESIAN_POINT ( 'NONE',  ( -4.566875854093903619, 55.84984575023061382, -121.8999999999999773 ) ) ;
#1555 = DIRECTION ( 'NONE',  ( 1.000000000000000000, 0.000000000000000000, 0.000000000000000000 ) ) ;
#1556 = ORIENTED_EDGE ( 'NONE', *, *, #1542, .F. ) ;
#1557 = DIRECTION ( 'NONE',  ( 0.000000000000000000, -1.000000000000000000, 0.000000000000000000 ) ) ;
#1558 = ORIENTED_EDGE ( 'NONE', *, *, #754, .T. ) ;
#1559 = CARTESIAN_POINT ( 'NONE',  ( -20.59984575023056408, 39.81687585409413543, -60.32018766785535036 ) ) ;
#1560 = CYLINDRICAL_SURFACE ( 'NONE', #1013, 0.4000000000000037415 ) ;
#1561 = CARTESIAN_POINT ( 'NONE',  ( 0.000000000000000000, 35.25000000000000000, -85.80400081132400203 ) ) ;
#1562 = EDGE_CURVE ( 'NONE', #147, #933, #1288, .T. ) ;
#1563 = EDGE_LOOP ( 'NONE', ( #70, #1276, #202, #157 ) ) ;
#1564 = DIRECTION ( 'NONE',  ( -1.000000000000000000, 0.000000000000000000, 0.000000000000000000 ) ) ;
#1565 = ORIENTED_EDGE ( 'NONE', *, *, #1552, .F. ) ;
#1566 = DIRECTION ( 'NONE',  ( -0.000000000000000000, -0.000000000000000000, -1.000000000000000000 ) ) ;
#1567 = FACE_OUTER_BOUND ( 'NONE', #302, .T. ) ;
#1568 = AXIS2_PLACEMENT_3D ( 'NONE', #492, #225, #1217 ) ;
#1569 = CARTESIAN_POINT ( 'NONE',  ( -1.433333333333343340, 51.31594058885864484, -121.4999999999999858 ) ) ;
#1570 = EDGE_CURVE ( 'NONE', #1582, #1508, #1550, .T. ) ;
#1571 = AXIS2_PLACEMENT_3D ( 'NONE', #880, #22, #1375 ) ;
#1572 = ORIENTED_EDGE ( 'NONE', *, *, #1520, .F. ) ;
#1573 = CARTESIAN_POINT ( 'NONE',  ( 20.59984575023057474, 30.68312414590588943, -121.8999999999999773 ) ) ;
#1574 = AXIS2_PLACEMENT_3D ( 'NONE', #1304, #439, #186 ) ;
#1575 = VECTOR ( 'NONE', #745, 1000.000000000000114 ) ;
#1576 = VERTEX_POINT ( 'NONE', #1400 ) ;
#1577 = DIRECTION ( 'NONE',  ( -1.027984282060329173E-15, 0.000000000000000000, -1.000000000000000000 ) ) ;
#1578 = CARTESIAN_POINT ( 'NONE',  ( 71.49999999999998579, 10.00000000000000000, -573.6922565919390991 ) ) ;
#1579 = PLANE ( 'NONE',  #118 ) ;
#1580 = ORIENTED_EDGE ( 'NONE', *, *, #677, .F. ) ;
#1581 = CARTESIAN_POINT ( 'NONE',  ( 67.99999999999997158, 316.1189411258769155, -126.5000000000000000 ) ) ;
#1582 = VERTEX_POINT ( 'NONE', #491 ) ;
#1583 = DIRECTION ( 'NONE',  ( -0.1024841112446329000, 0.02272018046864174648, 0.9944751381215470865 ) ) ;
#1584 = EDGE_CURVE ( 'NONE', #1033, #577, #584, .T. ) ;
#1585 = CARTESIAN_POINT ( 'NONE',  ( 0.000000000000000000, 35.25000000000000000, -132.0000000000000000 ) ) ;
#1586 = CARTESIAN_POINT ( 'NONE',  ( 0.000000000000000000, 35.25000000000000000, -85.80400081132400203 ) ) ;
#1587 = VERTEX_POINT ( 'NONE', #435 ) ;
#1588 = DIRECTION ( 'NONE',  ( -0.000000000000000000, -0.000000000000000000, -1.000000000000000000 ) ) ;
#1589 = ORIENTED_EDGE ( 'NONE', *, *, #848, .F. ) ;
#1590 = FACE_BOUND ( 'NONE', #200, .T. ) ;
#1591 = CARTESIAN_POINT ( 'NONE',  ( 81.49999999999997158, 10.00000000000000000, -126.5000000000000000 ) ) ;
#1592 = PRODUCT_RELATED_PRODUCT_CATEGORY ( 'part', '', ( #1509 ) ) ;
#1593 = LINE ( 'NONE', #1243, #652 ) ;
#1594 = DIRECTION ( 'NONE',  ( 1.000000000000000000, 0.000000000000000000, 0.000000000000000000 ) ) ;
#1595 = ORIENTED_EDGE ( 'NONE', *, *, #1035, .T. ) ;
#1596 = LINE ( 'NONE', #1463, #1518 ) ;
#1597 = AXIS2_PLACEMENT_3D ( 'NONE', #1578, #481, #1361 ) ;
#1598 = VERTEX_POINT ( 'NONE', #1591 ) ;
#1599 = CIRCLE ( 'NONE', #1314, 13.50000000000001243 ) ;
#1600 = CARTESIAN_POINT ( 'NONE',  ( 81.49999999999997158, 52.34999999999999432, -119.9999999999999858 ) ) ;
#1601 = VECTOR ( 'NONE', #1226, 1000.000000000000000 ) ;
#1602 = EDGE_CURVE ( 'NONE', #1048, #1598, #1344, .T. ) ;
#1603 = CYLINDRICAL_SURFACE ( 'NONE', #1597, 9.999999999999994671 ) ;
#1604 = MECHANICAL_DESIGN_GEOMETRIC_PRESENTATION_REPRESENTATION (  '', ( #272 ), #1185 ) ;
#1605 = AXIS2_PLACEMENT_3D ( 'NONE', #50, #539, #660 ) ;
#1606 = DIRECTION ( 'NONE',  ( -0.000000000000000000, -0.000000000000000000, -1.000000000000000000 ) ) ;
#1607 = ORIENTED_EDGE ( 'NONE', *, *, #690, .F. ) ;
#1608 = CARTESIAN_POINT ( 'NONE',  ( -1.833333333333343473, 50.87254713354200675, -121.0999999999999659 ) ) ;
#1609 = ORIENTED_EDGE ( 'NONE', *, *, #319, .T. ) ;
#1610 = CARTESIAN_POINT ( 'NONE',  ( 0.000000000000000000, 35.25000000000000000, -137.5000000000000000 ) ) ;
#1611 = CARTESIAN_POINT ( 'NONE',  ( -22.75000000000000000, 35.25000000000000000, -137.5000000000000000 ) ) ;
#1612 = LINE ( 'NONE', #1281, #454 ) ;
#1613 = EDGE_CURVE ( 'NONE', #366, #1576, #1242, .T. ) ;
#1614 = CARTESIAN_POINT ( 'NONE',  ( -4.566875854093903619, 55.84984575023061382, -60.32018766785535036 ) ) ;
#1615 = ORIENTED_EDGE ( 'NONE', *, *, #1098, .F. ) ;
#1616 = DIRECTION ( 'NONE',  ( -0.000000000000000000, 0.000000000000000000, -1.000000000000000000 ) ) ;
#1617 = CARTESIAN_POINT ( 'NONE',  ( 0.000000000000000000, 35.25000000000000000, -121.0999999999999801 ) ) ;
#1618 = UNCERTAINTY_MEASURE_WITH_UNIT (LENGTH_MEASURE( 1.000000000000000082E-05 ), #1459, 'distance_accuracy_value', 'NONE');
#1619 = LINE ( 'NONE', #136, #1575 ) ;
ENDSEC;
END-ISO-10303-21;
