ISO-10303-21;
HEADER;
/* Generated by software containing ST-Developer
 * from STEP Tools, Inc. (www.steptools.com) 
 */

FILE_DESCRIPTION(
/* description */ (''),
/* implementation_level */ '2;1');

FILE_NAME(
/* name */ 'IKEA NORDMRKE .step',
/* time_stamp */ '2024-04-22T16:23:19+02:00',
/* author */ (''),
/* organization */ (''),
/* preprocessor_version */ 'ST-DEVELOPER v20',
/* originating_system */ 'Autodesk Translation Framework v12.20.1.177',

/* authorisation */ '');

FILE_SCHEMA (('AUTOMOTIVE_DESIGN { 1 0 10303 214 3 1 1 }'));
ENDSEC;

DATA;
#10=MECHANICAL_DESIGN_GEOMETRIC_PRESENTATION_REPRESENTATION('',(#66,#67,
#68,#69,#70),#2442);
#11=ITEM_DEFINED_TRANSFORMATION($,$,#1284,#1417);
#12=ITEM_DEFINED_TRANSFORMATION($,$,#1294,#1418);
#13=ITEM_DEFINED_TRANSFORMATION($,$,#1345,#1419);
#14=ITEM_DEFINED_TRANSFORMATION($,$,#1368,#1420);
#15=(
REPRESENTATION_RELATIONSHIP($,$,#2462,#2461)
REPRESENTATION_RELATIONSHIP_WITH_TRANSFORMATION(#11)
SHAPE_REPRESENTATION_RELATIONSHIP()
);
#16=(
REPRESENTATION_RELATIONSHIP($,$,#2463,#2461)
REPRESENTATION_RELATIONSHIP_WITH_TRANSFORMATION(#12)
SHAPE_REPRESENTATION_RELATIONSHIP()
);
#17=(
REPRESENTATION_RELATIONSHIP($,$,#2464,#2461)
REPRESENTATION_RELATIONSHIP_WITH_TRANSFORMATION(#13)
SHAPE_REPRESENTATION_RELATIONSHIP()
);
#18=(
REPRESENTATION_RELATIONSHIP($,$,#2465,#2461)
REPRESENTATION_RELATIONSHIP_WITH_TRANSFORMATION(#14)
SHAPE_REPRESENTATION_RELATIONSHIP()
);
#19=CONTEXT_DEPENDENT_SHAPE_REPRESENTATION(#15,#2457);
#20=CONTEXT_DEPENDENT_SHAPE_REPRESENTATION(#16,#2458);
#21=CONTEXT_DEPENDENT_SHAPE_REPRESENTATION(#17,#2459);
#22=CONTEXT_DEPENDENT_SHAPE_REPRESENTATION(#18,#2460);
#23=NEXT_ASSEMBLY_USAGE_OCCURRENCE('Fabric:1','Fabric:1','Fabric:1',#2467,
#2468,'Fabric:1');
#24=NEXT_ASSEMBLY_USAGE_OCCURRENCE('Plus:1','Plus:1','Plus:1',#2467,#2469,
'Plus:1');
#25=NEXT_ASSEMBLY_USAGE_OCCURRENCE('Rubber pads:1','Rubber pads:1',
'Rubber pads:1',#2467,#2470,'Rubber pads:1');
#26=NEXT_ASSEMBLY_USAGE_OCCURRENCE('Rubber pads 2:1','Rubber pads 2:1',
'Rubber pads 2:1',#2467,#2471,'Rubber pads 2:1');
#27=CONICAL_SURFACE('',#1401,45.,0.785398163397446);
#28=CONICAL_SURFACE('',#1403,45.,0.785398163397446);
#29=B_SPLINE_SURFACE_WITH_KNOTS('',3,3,((#2123,#2124,#2125,#2126,#2127,
#2128,#2129),(#2130,#2131,#2132,#2133,#2134,#2135,#2136),(#2137,#2138,#2139,
#2140,#2141,#2142,#2143),(#2144,#2145,#2146,#2147,#2148,#2149,#2150)),
 .UNSPECIFIED.,.F.,.F.,.F.,(4,4),(4,1,1,1,4),(0.,1.),(0.194942766848368,
0.233381381748602,0.271819996648835,0.32307148318248,0.374322969716125),
 .UNSPECIFIED.);
#30=B_SPLINE_SURFACE_WITH_KNOTS('',3,3,((#2174,#2175,#2176,#2177,#2178,
#2179,#2180),(#2181,#2182,#2183,#2184,#2185,#2186,#2187),(#2188,#2189,#2190,
#2191,#2192,#2193,#2194),(#2195,#2196,#2197,#2198,#2199,#2200,#2201)),
 .UNSPECIFIED.,.F.,.F.,.F.,(4,4),(4,1,1,1,4),(0.,1.),(0.379859547487799,
0.418298162391285,0.456736777294772,0.507988263832753,0.559239750370735),
 .UNSPECIFIED.);
#31=B_SPLINE_SURFACE_WITH_KNOTS('',3,3,((#2217,#2218,#2219,#2220),(#2221,
#2222,#2223,#2224),(#2225,#2226,#2227,#2228),(#2229,#2230,#2231,#2232)),
 .UNSPECIFIED.,.F.,.F.,.F.,(4,4),(4,4),(0.,1.),(0.559239750370709,0.565707793044873),
 .UNSPECIFIED.);
#32=B_SPLINE_SURFACE_WITH_KNOTS('',3,3,((#2237,#2238,#2239,#2240,#2241,
#2242,#2243),(#2244,#2245,#2246,#2247,#2248,#2249,#2250),(#2251,#2252,#2253,
#2254,#2255,#2256,#2257),(#2258,#2259,#2260,#2261,#2262,#2263,#2264)),
 .UNSPECIFIED.,.F.,.F.,.F.,(4,4),(4,1,1,1,4),(0.,1.),(0.00276828887797309,
0.0412069037815181,0.0796455186850631,0.130897005223123,0.182148491761183),
 .UNSPECIFIED.);
#33=B_SPLINE_SURFACE_WITH_KNOTS('',3,3,((#2288,#2289,#2290,#2291,#2292,
#2293,#2294,#2295,#2296),(#2297,#2298,#2299,#2300,#2301,#2302,#2303,#2304,
#2305),(#2306,#2307,#2308,#2309,#2310,#2311,#2312,#2313,#2314),(#2315,#2316,
#2317,#2318,#2319,#2320,#2321,#2322,#2323)),.UNSPECIFIED.,.F.,.F.,.F.,(4,
4),(4,2,1,1,1,4),(0.,1.),(0.572034025457913,0.612787626356714,0.654375606947347,
0.69596358753798,0.723688907931736,0.751414228325491),.UNSPECIFIED.);
#34=B_SPLINE_SURFACE_WITH_KNOTS('',3,3,((#2335,#2336,#2337,#2338),(#2339,
#2340,#2341,#2342),(#2343,#2344,#2345,#2346),(#2347,#2348,#2349,#2350)),
 .UNSPECIFIED.,.F.,.F.,.F.,(4,4),(4,4),(0.,1.),(0.565565982783775,0.572034025457938),
 .UNSPECIFIED.);
#35=B_SPLINE_SURFACE_WITH_KNOTS('',3,3,((#2361,#2362,#2363,#2364),(#2365,
#2366,#2367,#2368),(#2369,#2370,#2371,#2372),(#2373,#2374,#2375,#2376)),
 .UNSPECIFIED.,.F.,.F.,.F.,(4,4),(4,4),(0.,1.),(0.182148491761157,0.188616534435321),
 .UNSPECIFIED.);
#36=B_SPLINE_SURFACE_WITH_KNOTS('',3,3,((#2381,#2382,#2383,#2384),(#2385,
#2386,#2387,#2388),(#2389,#2390,#2391,#2392),(#2393,#2394,#2395,#2396)),
 .UNSPECIFIED.,.F.,.F.,.F.,(4,4),(4,4),(0.,1.),(0.18847472417423,0.194942766848394),
 .UNSPECIFIED.);
#37=FACE_BOUND('',#438,.T.);
#38=B_SPLINE_CURVE_WITH_KNOTS('',3,(#2068,#2069,#2070,#2071),
 .UNSPECIFIED.,.F.,.F.,(4,4),(-0.194942766848394,-0.18847472417423),
 .UNSPECIFIED.);
#39=B_SPLINE_CURVE_WITH_KNOTS('',3,(#2073,#2074,#2075,#2076,#2077,#2078,
#2079),.UNSPECIFIED.,.F.,.F.,(4,1,1,1,4),(-0.374322969716125,-0.32307148318248,
-0.271819996648835,-0.233381381748602,-0.194942766848368),.UNSPECIFIED.);
#40=B_SPLINE_CURVE_WITH_KNOTS('',3,(#2081,#2082,#2083,#2084,#2085,#2086,
#2087),.UNSPECIFIED.,.F.,.F.,(4,1,1,1,4),(-0.559239750370735,-0.507988263832753,
-0.456736777294772,-0.418298162391285,-0.379859547487799),.UNSPECIFIED.);
#41=B_SPLINE_CURVE_WITH_KNOTS('',3,(#2089,#2090,#2091,#2092),
 .UNSPECIFIED.,.F.,.F.,(4,4),(-0.565707793044873,-0.559239750370709),
 .UNSPECIFIED.);
#42=B_SPLINE_CURVE_WITH_KNOTS('',3,(#2096,#2097,#2098,#2099),
 .UNSPECIFIED.,.F.,.F.,(4,4),(-0.572034025457938,-0.565565982783775),
 .UNSPECIFIED.);
#43=B_SPLINE_CURVE_WITH_KNOTS('',3,(#2101,#2102,#2103,#2104,#2105,#2106,
#2107,#2108,#2109),.UNSPECIFIED.,.F.,.F.,(4,1,1,1,2,4),(-0.751414228325491,
-0.723688907931736,-0.69596358753798,-0.654375606947347,-0.612787626356714,
-0.572034025457913),.UNSPECIFIED.);
#44=B_SPLINE_CURVE_WITH_KNOTS('',3,(#2111,#2112,#2113,#2114,#2115,#2116,
#2117),.UNSPECIFIED.,.F.,.F.,(4,1,1,1,4),(-0.182148491761183,-0.130897005223123,
-0.0796455186850631,-0.0412069037815181,-0.00276828887797309),
 .UNSPECIFIED.);
#45=B_SPLINE_CURVE_WITH_KNOTS('',3,(#2118,#2119,#2120,#2121),
 .UNSPECIFIED.,.F.,.F.,(4,4),(-0.188616534435321,-0.182148491761157),
 .UNSPECIFIED.);
#46=B_SPLINE_CURVE_WITH_KNOTS('',3,(#2154,#2155,#2156,#2157,#2158,#2159,
#2160),.UNSPECIFIED.,.F.,.F.,(4,1,1,1,4),(0.194942766848368,0.233381381748602,
0.271819996648835,0.32307148318248,0.37246467605572),.UNSPECIFIED.);
#47=B_SPLINE_CURVE_WITH_KNOTS('',3,(#2161,#2162,#2163,#2164,#2165,#2166,
#2167,#2168,#2169,#2170,#2171,#2172,#2173),.UNSPECIFIED.,.F.,.F.,(4,3,3,
3,4),(-0.130240619685572,-0.09618514036492,-0.0657961913201657,-0.0140147403884456,
0.),.UNSPECIFIED.);
#48=B_SPLINE_CURVE_WITH_KNOTS('',3,(#2203,#2204,#2205,#2206,#2207,#2208,
#2209),.UNSPECIFIED.,.F.,.F.,(4,1,1,1,4),(0.38171799100548,0.418298162391285,
0.456736777294772,0.507988263832753,0.559239750370735),.UNSPECIFIED.);
#49=B_SPLINE_CURVE_WITH_KNOTS('',3,(#2233,#2234,#2235,#2236),
 .UNSPECIFIED.,.F.,.F.,(4,4),(0.559239750370709,0.565707793044873),
 .UNSPECIFIED.);
#50=B_SPLINE_CURVE_WITH_KNOTS('',3,(#2267,#2268,#2269,#2270,#2271,#2272,
#2273),.UNSPECIFIED.,.F.,.F.,(4,1,1,1,4),(0.00462673244566127,0.0412069037815181,
0.0796455186850631,0.130897005223123,0.182148491761183),.UNSPECIFIED.);
#51=B_SPLINE_CURVE_WITH_KNOTS('',3,(#2275,#2276,#2277,#2278,#2279,#2280,
#2281,#2282,#2283,#2284,#2285,#2286,#2287),.UNSPECIFIED.,.F.,.F.,(4,3,3,
3,4),(-0.132462895112716,-0.0765751663172696,-0.0655410211342163,-0.0258945092145101,
0.),.UNSPECIFIED.);
#52=B_SPLINE_CURVE_WITH_KNOTS('',3,(#2326,#2327,#2328,#2329,#2330,#2331,
#2332,#2333,#2334),.UNSPECIFIED.,.F.,.F.,(4,2,1,1,1,4),(0.572034025457913,
0.612787626356714,0.654375606947347,0.69596358753798,0.723688907931736,
0.749554660530802),.UNSPECIFIED.);
#53=B_SPLINE_CURVE_WITH_KNOTS('',3,(#2351,#2352,#2353,#2354),
 .UNSPECIFIED.,.F.,.F.,(4,4),(0.565565982783775,0.572034025457938),
 .UNSPECIFIED.);
#54=B_SPLINE_CURVE_WITH_KNOTS('',3,(#2377,#2378,#2379,#2380),
 .UNSPECIFIED.,.F.,.F.,(4,4),(0.182148491761157,0.188616534435321),
 .UNSPECIFIED.);
#55=B_SPLINE_CURVE_WITH_KNOTS('',3,(#2397,#2398,#2399,#2400),
 .UNSPECIFIED.,.F.,.F.,(4,4),(0.18847472417423,0.194942766848394),
 .UNSPECIFIED.);
#56=SHAPE_REPRESENTATION_RELATIONSHIP('SRR','None',#2462,#61);
#57=SHAPE_REPRESENTATION_RELATIONSHIP('SRR','None',#2463,#62);
#58=SHAPE_REPRESENTATION_RELATIONSHIP('SRR','None',#2464,#63);
#59=SHAPE_REPRESENTATION_RELATIONSHIP('SRR','None',#2465,#64);
#60=SHAPE_REPRESENTATION_RELATIONSHIP('SRR','None',#2461,#65);
#61=ADVANCED_BREP_SHAPE_REPRESENTATION('',(#71),#2438);
#62=ADVANCED_BREP_SHAPE_REPRESENTATION('',(#72),#2439);
#63=ADVANCED_BREP_SHAPE_REPRESENTATION('',(#73),#2440);
#64=ADVANCED_BREP_SHAPE_REPRESENTATION('',(#74),#2441);
#65=ADVANCED_BREP_SHAPE_REPRESENTATION('',(#75),#2437);
#66=STYLED_ITEM('',(#2492),#71);
#67=STYLED_ITEM('',(#2490),#72);
#68=STYLED_ITEM('',(#2490),#73);
#69=STYLED_ITEM('',(#2490),#74);
#70=STYLED_ITEM('',(#2491),#75);
#71=MANIFOLD_SOLID_BREP('Fabric',#1233);
#72=MANIFOLD_SOLID_BREP('+',#1234);
#73=MANIFOLD_SOLID_BREP('Body1',#1235);
#74=MANIFOLD_SOLID_BREP('Body1',#1236);
#75=MANIFOLD_SOLID_BREP('Body1',#1237);
#76=PLANE('',#1292);
#77=PLANE('',#1293);
#78=PLANE('',#1298);
#79=PLANE('',#1302);
#80=PLANE('',#1313);
#81=PLANE('',#1316);
#82=PLANE('',#1321);
#83=PLANE('',#1324);
#84=PLANE('',#1329);
#85=PLANE('',#1332);
#86=PLANE('',#1337);
#87=PLANE('',#1340);
#88=PLANE('',#1341);
#89=PLANE('',#1342);
#90=PLANE('',#1343);
#91=PLANE('',#1344);
#92=PLANE('',#1349);
#93=PLANE('',#1355);
#94=PLANE('',#1360);
#95=PLANE('',#1367);
#96=PLANE('',#1375);
#97=PLANE('',#1388);
#98=PLANE('',#1389);
#99=PLANE('',#1390);
#100=PLANE('',#1400);
#101=PLANE('',#1409);
#102=PLANE('',#1414);
#103=PLANE('',#1415);
#104=PLANE('',#1416);
#105=LINE('',#1800,#195);
#106=LINE('',#1809,#196);
#107=LINE('',#1812,#197);
#108=LINE('',#1815,#198);
#109=LINE('',#1817,#199);
#110=LINE('',#1818,#200);
#111=LINE('',#1824,#201);
#112=LINE('',#1827,#202);
#113=LINE('',#1830,#203);
#114=LINE('',#1834,#204);
#115=LINE('',#1838,#205);
#116=LINE('',#1842,#206);
#117=LINE('',#1846,#207);
#118=LINE('',#1850,#208);
#119=LINE('',#1854,#209);
#120=LINE('',#1858,#210);
#121=LINE('',#1862,#211);
#122=LINE('',#1866,#212);
#123=LINE('',#1868,#213);
#124=LINE('',#1871,#214);
#125=LINE('',#1872,#215);
#126=LINE('',#1875,#216);
#127=LINE('',#1878,#217);
#128=LINE('',#1881,#218);
#129=LINE('',#1882,#219);
#130=LINE('',#1889,#220);
#131=LINE('',#1890,#221);
#132=LINE('',#1892,#222);
#133=LINE('',#1897,#223);
#134=LINE('',#1898,#224);
#135=LINE('',#1901,#225);
#136=LINE('',#1902,#226);
#137=LINE('',#1906,#227);
#138=LINE('',#1911,#228);
#139=LINE('',#1912,#229);
#140=LINE('',#1914,#230);
#141=LINE('',#1919,#231);
#142=LINE('',#1920,#232);
#143=LINE('',#1923,#233);
#144=LINE('',#1924,#234);
#145=LINE('',#1928,#235);
#146=LINE('',#1932,#236);
#147=LINE('',#1935,#237);
#148=LINE('',#1936,#238);
#149=LINE('',#1940,#239);
#150=LINE('',#1942,#240);
#151=LINE('',#1944,#241);
#152=LINE('',#1946,#242);
#153=LINE('',#1948,#243);
#154=LINE('',#1956,#244);
#155=LINE('',#1959,#245);
#156=LINE('',#1962,#246);
#157=LINE('',#1970,#247);
#158=LINE('',#1976,#248);
#159=LINE('',#1977,#249);
#160=LINE('',#1981,#250);
#161=LINE('',#1986,#251);
#162=LINE('',#1987,#252);
#163=LINE('',#1990,#253);
#164=LINE('',#1991,#254);
#165=LINE('',#1995,#255);
#166=LINE('',#2007,#256);
#167=LINE('',#2010,#257);
#168=LINE('',#2015,#258);
#169=LINE('',#2019,#259);
#170=LINE('',#2027,#260);
#171=LINE('',#2033,#261);
#172=LINE('',#2034,#262);
#173=LINE('',#2038,#263);
#174=LINE('',#2042,#264);
#175=LINE('',#2046,#265);
#176=LINE('',#2048,#266);
#177=LINE('',#2050,#267);
#178=LINE('',#2062,#268);
#179=LINE('',#2152,#269);
#180=LINE('',#2210,#270);
#181=LINE('',#2213,#271);
#182=LINE('',#2215,#272);
#183=LINE('',#2274,#273);
#184=LINE('',#2325,#274);
#185=LINE('',#2357,#275);
#186=LINE('',#2359,#276);
#187=LINE('',#2403,#277);
#188=LINE('',#2406,#278);
#189=LINE('',#2409,#279);
#190=LINE('',#2413,#280);
#191=LINE('',#2414,#281);
#192=LINE('',#2417,#282);
#193=LINE('',#2420,#283);
#194=LINE('',#2424,#284);
#195=VECTOR('',#1439,45.5);
#196=VECTOR('',#1450,10.);
#197=VECTOR('',#1453,10.);
#198=VECTOR('',#1456,10.);
#199=VECTOR('',#1457,10.);
#200=VECTOR('',#1458,10.);
#201=VECTOR('',#1463,10.);
#202=VECTOR('',#1466,10.);
#203=VECTOR('',#1469,10.);
#204=VECTOR('',#1472,10.);
#205=VECTOR('',#1475,10.);
#206=VECTOR('',#1478,10.);
#207=VECTOR('',#1481,10.);
#208=VECTOR('',#1484,10.);
#209=VECTOR('',#1487,10.);
#210=VECTOR('',#1490,10.);
#211=VECTOR('',#1493,10.);
#212=VECTOR('',#1496,10.);
#213=VECTOR('',#1499,10.);
#214=VECTOR('',#1502,10.);
#215=VECTOR('',#1503,10.);
#216=VECTOR('',#1506,10.);
#217=VECTOR('',#1509,10.);
#218=VECTOR('',#1512,10.);
#219=VECTOR('',#1513,10.);
#220=VECTOR('',#1522,10.);
#221=VECTOR('',#1523,10.);
#222=VECTOR('',#1526,10.);
#223=VECTOR('',#1531,10.);
#224=VECTOR('',#1532,10.);
#225=VECTOR('',#1535,10.);
#226=VECTOR('',#1536,10.);
#227=VECTOR('',#1541,10.);
#228=VECTOR('',#1546,10.);
#229=VECTOR('',#1547,10.);
#230=VECTOR('',#1550,10.);
#231=VECTOR('',#1555,10.);
#232=VECTOR('',#1556,10.);
#233=VECTOR('',#1559,10.);
#234=VECTOR('',#1560,10.);
#235=VECTOR('',#1565,10.);
#236=VECTOR('',#1570,10.);
#237=VECTOR('',#1573,10.);
#238=VECTOR('',#1574,10.);
#239=VECTOR('',#1579,10.);
#240=VECTOR('',#1582,10.);
#241=VECTOR('',#1585,10.);
#242=VECTOR('',#1588,10.);
#243=VECTOR('',#1591,10.);
#244=VECTOR('',#1600,10.);
#245=VECTOR('',#1603,10.);
#246=VECTOR('',#1606,10.);
#247=VECTOR('',#1613,10.);
#248=VECTOR('',#1620,10.);
#249=VECTOR('',#1621,10.);
#250=VECTOR('',#1626,10.);
#251=VECTOR('',#1631,10.);
#252=VECTOR('',#1632,10.);
#253=VECTOR('',#1635,10.);
#254=VECTOR('',#1636,10.);
#255=VECTOR('',#1641,10.);
#256=VECTOR('',#1658,10.);
#257=VECTOR('',#1661,10.);
#258=VECTOR('',#1666,10.);
#259=VECTOR('',#1671,10.);
#260=VECTOR('',#1678,10.);
#261=VECTOR('',#1685,10.);
#262=VECTOR('',#1686,10.);
#263=VECTOR('',#1691,10.);
#264=VECTOR('',#1696,10.);
#265=VECTOR('',#1701,10.);
#266=VECTOR('',#1704,10.);
#267=VECTOR('',#1707,10.);
#268=VECTOR('',#1722,45.5);
#269=VECTOR('',#1731,10.);
#270=VECTOR('',#1732,10.);
#271=VECTOR('',#1735,10.);
#272=VECTOR('',#1736,10.);
#273=VECTOR('',#1739,10.);
#274=VECTOR('',#1740,10.);
#275=VECTOR('',#1743,10.);
#276=VECTOR('',#1744,10.);
#277=VECTOR('',#1749,10.);
#278=VECTOR('',#1752,10.);
#279=VECTOR('',#1755,10.);
#280=VECTOR('',#1760,10.);
#281=VECTOR('',#1761,10.);
#282=VECTOR('',#1764,10.);
#283=VECTOR('',#1767,10.);
#284=VECTOR('',#1774,10.);
#285=CYLINDRICAL_SURFACE('',#1290,45.5);
#286=CYLINDRICAL_SURFACE('',#1295,1.);
#287=CYLINDRICAL_SURFACE('',#1299,1.);
#288=CYLINDRICAL_SURFACE('',#1314,1.);
#289=CYLINDRICAL_SURFACE('',#1317,1.);
#290=CYLINDRICAL_SURFACE('',#1319,1.);
#291=CYLINDRICAL_SURFACE('',#1322,1.);
#292=CYLINDRICAL_SURFACE('',#1325,1.);
#293=CYLINDRICAL_SURFACE('',#1327,1.);
#294=CYLINDRICAL_SURFACE('',#1330,1.);
#295=CYLINDRICAL_SURFACE('',#1333,1.);
#296=CYLINDRICAL_SURFACE('',#1335,1.);
#297=CYLINDRICAL_SURFACE('',#1338,1.);
#298=CYLINDRICAL_SURFACE('',#1346,2.4);
#299=CYLINDRICAL_SURFACE('',#1356,2.4);
#300=CYLINDRICAL_SURFACE('',#1358,2.4);
#301=CYLINDRICAL_SURFACE('',#1361,2.4);
#302=CYLINDRICAL_SURFACE('',#1363,30.);
#303=CYLINDRICAL_SURFACE('',#1365,35.);
#304=CYLINDRICAL_SURFACE('',#1369,2.4);
#305=CYLINDRICAL_SURFACE('',#1372,35.);
#306=CYLINDRICAL_SURFACE('',#1380,2.4);
#307=CYLINDRICAL_SURFACE('',#1382,30.);
#308=CYLINDRICAL_SURFACE('',#1384,2.4);
#309=CYLINDRICAL_SURFACE('',#1386,2.4);
#310=CYLINDRICAL_SURFACE('',#1396,45.5);
#311=CYLINDRICAL_SURFACE('',#1405,1.25);
#312=CYLINDRICAL_SURFACE('',#1407,1.25);
#313=CYLINDRICAL_SURFACE('',#1410,1.25);
#314=CYLINDRICAL_SURFACE('',#1412,1.25);
#315=FACE_OUTER_BOUND('',#386,.T.);
#316=FACE_OUTER_BOUND('',#387,.T.);
#317=FACE_OUTER_BOUND('',#388,.T.);
#318=FACE_OUTER_BOUND('',#389,.T.);
#319=FACE_OUTER_BOUND('',#390,.T.);
#320=FACE_OUTER_BOUND('',#391,.T.);
#321=FACE_OUTER_BOUND('',#392,.T.);
#322=FACE_OUTER_BOUND('',#393,.T.);
#323=FACE_OUTER_BOUND('',#394,.T.);
#324=FACE_OUTER_BOUND('',#395,.T.);
#325=FACE_OUTER_BOUND('',#396,.T.);
#326=FACE_OUTER_BOUND('',#397,.T.);
#327=FACE_OUTER_BOUND('',#398,.T.);
#328=FACE_OUTER_BOUND('',#399,.T.);
#329=FACE_OUTER_BOUND('',#400,.T.);
#330=FACE_OUTER_BOUND('',#401,.T.);
#331=FACE_OUTER_BOUND('',#402,.T.);
#332=FACE_OUTER_BOUND('',#403,.T.);
#333=FACE_OUTER_BOUND('',#404,.T.);
#334=FACE_OUTER_BOUND('',#405,.T.);
#335=FACE_OUTER_BOUND('',#406,.T.);
#336=FACE_OUTER_BOUND('',#407,.T.);
#337=FACE_OUTER_BOUND('',#408,.T.);
#338=FACE_OUTER_BOUND('',#409,.T.);
#339=FACE_OUTER_BOUND('',#410,.T.);
#340=FACE_OUTER_BOUND('',#411,.T.);
#341=FACE_OUTER_BOUND('',#412,.T.);
#342=FACE_OUTER_BOUND('',#413,.T.);
#343=FACE_OUTER_BOUND('',#414,.T.);
#344=FACE_OUTER_BOUND('',#415,.T.);
#345=FACE_OUTER_BOUND('',#416,.T.);
#346=FACE_OUTER_BOUND('',#417,.T.);
#347=FACE_OUTER_BOUND('',#418,.T.);
#348=FACE_OUTER_BOUND('',#419,.T.);
#349=FACE_OUTER_BOUND('',#420,.T.);
#350=FACE_OUTER_BOUND('',#421,.T.);
#351=FACE_OUTER_BOUND('',#422,.T.);
#352=FACE_OUTER_BOUND('',#423,.T.);
#353=FACE_OUTER_BOUND('',#424,.T.);
#354=FACE_OUTER_BOUND('',#425,.T.);
#355=FACE_OUTER_BOUND('',#426,.T.);
#356=FACE_OUTER_BOUND('',#427,.T.);
#357=FACE_OUTER_BOUND('',#428,.T.);
#358=FACE_OUTER_BOUND('',#429,.T.);
#359=FACE_OUTER_BOUND('',#430,.T.);
#360=FACE_OUTER_BOUND('',#431,.T.);
#361=FACE_OUTER_BOUND('',#432,.T.);
#362=FACE_OUTER_BOUND('',#433,.T.);
#363=FACE_OUTER_BOUND('',#434,.T.);
#364=FACE_OUTER_BOUND('',#435,.T.);
#365=FACE_OUTER_BOUND('',#436,.T.);
#366=FACE_OUTER_BOUND('',#437,.T.);
#367=FACE_OUTER_BOUND('',#439,.T.);
#368=FACE_OUTER_BOUND('',#440,.T.);
#369=FACE_OUTER_BOUND('',#441,.T.);
#370=FACE_OUTER_BOUND('',#442,.T.);
#371=FACE_OUTER_BOUND('',#443,.T.);
#372=FACE_OUTER_BOUND('',#444,.T.);
#373=FACE_OUTER_BOUND('',#445,.T.);
#374=FACE_OUTER_BOUND('',#446,.T.);
#375=FACE_OUTER_BOUND('',#447,.T.);
#376=FACE_OUTER_BOUND('',#448,.T.);
#377=FACE_OUTER_BOUND('',#449,.T.);
#378=FACE_OUTER_BOUND('',#450,.T.);
#379=FACE_OUTER_BOUND('',#451,.T.);
#380=FACE_OUTER_BOUND('',#452,.T.);
#381=FACE_OUTER_BOUND('',#453,.T.);
#382=FACE_OUTER_BOUND('',#454,.T.);
#383=FACE_OUTER_BOUND('',#455,.T.);
#384=FACE_OUTER_BOUND('',#456,.T.);
#385=FACE_OUTER_BOUND('',#457,.T.);
#386=EDGE_LOOP('',(#812,#813,#814,#815,#816));
#387=EDGE_LOOP('',(#817,#818,#819,#820,#821));
#388=EDGE_LOOP('',(#822));
#389=EDGE_LOOP('',(#823));
#390=EDGE_LOOP('',(#824,#825,#826,#827));
#391=EDGE_LOOP('',(#828,#829,#830,#831));
#392=EDGE_LOOP('',(#832,#833,#834,#835));
#393=EDGE_LOOP('',(#836,#837,#838,#839,#840,#841,#842,#843,#844,#845,#846,
#847,#848,#849,#850,#851,#852,#853,#854,#855,#856,#857,#858,#859));
#394=EDGE_LOOP('',(#860,#861,#862,#863));
#395=EDGE_LOOP('',(#864,#865,#866,#867));
#396=EDGE_LOOP('',(#868,#869,#870,#871));
#397=EDGE_LOOP('',(#872,#873,#874,#875));
#398=EDGE_LOOP('',(#876,#877,#878,#879));
#399=EDGE_LOOP('',(#880,#881,#882,#883));
#400=EDGE_LOOP('',(#884,#885,#886,#887));
#401=EDGE_LOOP('',(#888,#889,#890,#891));
#402=EDGE_LOOP('',(#892,#893,#894,#895));
#403=EDGE_LOOP('',(#896,#897,#898,#899));
#404=EDGE_LOOP('',(#900,#901,#902,#903));
#405=EDGE_LOOP('',(#904,#905,#906,#907));
#406=EDGE_LOOP('',(#908,#909,#910,#911));
#407=EDGE_LOOP('',(#912,#913,#914,#915));
#408=EDGE_LOOP('',(#916,#917,#918,#919));
#409=EDGE_LOOP('',(#920,#921,#922,#923));
#410=EDGE_LOOP('',(#924,#925,#926,#927));
#411=EDGE_LOOP('',(#928,#929,#930,#931));
#412=EDGE_LOOP('',(#932,#933,#934,#935));
#413=EDGE_LOOP('',(#936,#937,#938,#939));
#414=EDGE_LOOP('',(#940,#941,#942,#943));
#415=EDGE_LOOP('',(#944,#945,#946,#947,#948,#949,#950,#951,#952,#953,#954,
#955,#956,#957,#958,#959,#960,#961,#962,#963,#964,#965,#966,#967));
#416=EDGE_LOOP('',(#968,#969,#970,#971));
#417=EDGE_LOOP('',(#972,#973,#974,#975,#976,#977,#978,#979));
#418=EDGE_LOOP('',(#980,#981,#982,#983));
#419=EDGE_LOOP('',(#984,#985,#986,#987));
#420=EDGE_LOOP('',(#988,#989,#990,#991));
#421=EDGE_LOOP('',(#992,#993,#994,#995));
#422=EDGE_LOOP('',(#996,#997,#998,#999));
#423=EDGE_LOOP('',(#1000,#1001,#1002,#1003));
#424=EDGE_LOOP('',(#1004,#1005,#1006,#1007));
#425=EDGE_LOOP('',(#1008,#1009,#1010,#1011,#1012,#1013,#1014,#1015));
#426=EDGE_LOOP('',(#1016,#1017,#1018,#1019));
#427=EDGE_LOOP('',(#1020,#1021,#1022,#1023));
#428=EDGE_LOOP('',(#1024,#1025,#1026,#1027,#1028,#1029,#1030,#1031));
#429=EDGE_LOOP('',(#1032,#1033,#1034,#1035));
#430=EDGE_LOOP('',(#1036,#1037,#1038,#1039));
#431=EDGE_LOOP('',(#1040,#1041,#1042,#1043));
#432=EDGE_LOOP('',(#1044,#1045,#1046,#1047));
#433=EDGE_LOOP('',(#1048,#1049,#1050,#1051));
#434=EDGE_LOOP('',(#1052,#1053,#1054,#1055));
#435=EDGE_LOOP('',(#1056,#1057,#1058,#1059,#1060,#1061,#1062,#1063));
#436=EDGE_LOOP('',(#1064,#1065,#1066,#1067,#1068));
#437=EDGE_LOOP('',(#1069,#1070,#1071,#1072,#1073));
#438=EDGE_LOOP('',(#1074,#1075,#1076,#1077,#1078,#1079,#1080,#1081,#1082,
#1083));
#439=EDGE_LOOP('',(#1084));
#440=EDGE_LOOP('',(#1085,#1086,#1087,#1088));
#441=EDGE_LOOP('',(#1089,#1090,#1091,#1092));
#442=EDGE_LOOP('',(#1093,#1094,#1095,#1096));
#443=EDGE_LOOP('',(#1097,#1098,#1099,#1100));
#444=EDGE_LOOP('',(#1101,#1102,#1103,#1104));
#445=EDGE_LOOP('',(#1105,#1106,#1107,#1108));
#446=EDGE_LOOP('',(#1109,#1110,#1111,#1112));
#447=EDGE_LOOP('',(#1113,#1114,#1115,#1116));
#448=EDGE_LOOP('',(#1117,#1118,#1119,#1120));
#449=EDGE_LOOP('',(#1121,#1122,#1123,#1124));
#450=EDGE_LOOP('',(#1125,#1126,#1127,#1128));
#451=EDGE_LOOP('',(#1129,#1130,#1131,#1132));
#452=EDGE_LOOP('',(#1133,#1134,#1135,#1136,#1137,#1138));
#453=EDGE_LOOP('',(#1139,#1140,#1141,#1142));
#454=EDGE_LOOP('',(#1143,#1144,#1145,#1146));
#455=EDGE_LOOP('',(#1147,#1148,#1149,#1150,#1151,#1152));
#456=EDGE_LOOP('',(#1153,#1154,#1155,#1156,#1157,#1158));
#457=EDGE_LOOP('',(#1159));
#458=CIRCLE('',#1286,45.5);
#459=CIRCLE('',#1287,1.);
#460=CIRCLE('',#1288,44.5);
#461=CIRCLE('',#1289,45.5);
#462=CIRCLE('',#1291,45.5);
#463=CIRCLE('',#1296,1.);
#464=CIRCLE('',#1297,1.);
#465=CIRCLE('',#1300,1.);
#466=CIRCLE('',#1301,1.);
#467=CIRCLE('',#1303,1.);
#468=CIRCLE('',#1304,1.);
#469=CIRCLE('',#1305,1.);
#470=CIRCLE('',#1306,1.);
#471=CIRCLE('',#1307,1.);
#472=CIRCLE('',#1308,1.);
#473=CIRCLE('',#1309,1.);
#474=CIRCLE('',#1310,1.);
#475=CIRCLE('',#1311,1.);
#476=CIRCLE('',#1312,1.);
#477=CIRCLE('',#1315,1.);
#478=CIRCLE('',#1318,1.);
#479=CIRCLE('',#1320,1.);
#480=CIRCLE('',#1323,1.);
#481=CIRCLE('',#1326,1.);
#482=CIRCLE('',#1328,1.);
#483=CIRCLE('',#1331,1.);
#484=CIRCLE('',#1334,1.);
#485=CIRCLE('',#1336,1.);
#486=CIRCLE('',#1339,1.);
#487=CIRCLE('',#1347,2.4);
#488=CIRCLE('',#1348,2.4);
#489=CIRCLE('',#1350,2.4);
#490=CIRCLE('',#1351,35.);
#491=CIRCLE('',#1352,2.4);
#492=CIRCLE('',#1353,2.4);
#493=CIRCLE('',#1354,30.);
#494=CIRCLE('',#1357,2.4);
#495=CIRCLE('',#1359,2.4);
#496=CIRCLE('',#1362,2.4);
#497=CIRCLE('',#1364,30.);
#498=CIRCLE('',#1366,35.);
#499=CIRCLE('',#1370,2.4);
#500=CIRCLE('',#1371,2.4);
#501=CIRCLE('',#1373,35.);
#502=CIRCLE('',#1374,35.);
#503=CIRCLE('',#1376,2.4);
#504=CIRCLE('',#1377,30.);
#505=CIRCLE('',#1378,2.4);
#506=CIRCLE('',#1379,2.4);
#507=CIRCLE('',#1381,2.4);
#508=CIRCLE('',#1383,30.);
#509=CIRCLE('',#1385,2.4);
#510=CIRCLE('',#1387,2.4);
#511=CIRCLE('',#1392,45.);
#512=CIRCLE('',#1393,0.5);
#513=CIRCLE('',#1394,45.5);
#514=CIRCLE('',#1395,45.5);
#515=CIRCLE('',#1397,45.5);
#516=CIRCLE('',#1398,45.5);
#517=CIRCLE('',#1399,45.5);
#518=CIRCLE('',#1402,44.5);
#519=CIRCLE('',#1404,44.5);
#520=CIRCLE('',#1406,1.25);
#521=CIRCLE('',#1408,1.25);
#522=CIRCLE('',#1411,1.25);
#523=CIRCLE('',#1413,1.25);
#524=VERTEX_POINT('',#1790);
#525=VERTEX_POINT('',#1791);
#526=VERTEX_POINT('',#1793);
#527=VERTEX_POINT('',#1798);
#528=VERTEX_POINT('',#1805);
#529=VERTEX_POINT('',#1806);
#530=VERTEX_POINT('',#1808);
#531=VERTEX_POINT('',#1810);
#532=VERTEX_POINT('',#1814);
#533=VERTEX_POINT('',#1816);
#534=VERTEX_POINT('',#1820);
#535=VERTEX_POINT('',#1821);
#536=VERTEX_POINT('',#1823);
#537=VERTEX_POINT('',#1825);
#538=VERTEX_POINT('',#1829);
#539=VERTEX_POINT('',#1831);
#540=VERTEX_POINT('',#1833);
#541=VERTEX_POINT('',#1835);
#542=VERTEX_POINT('',#1837);
#543=VERTEX_POINT('',#1839);
#544=VERTEX_POINT('',#1841);
#545=VERTEX_POINT('',#1843);
#546=VERTEX_POINT('',#1845);
#547=VERTEX_POINT('',#1847);
#548=VERTEX_POINT('',#1849);
#549=VERTEX_POINT('',#1851);
#550=VERTEX_POINT('',#1853);
#551=VERTEX_POINT('',#1855);
#552=VERTEX_POINT('',#1857);
#553=VERTEX_POINT('',#1859);
#554=VERTEX_POINT('',#1861);
#555=VERTEX_POINT('',#1863);
#556=VERTEX_POINT('',#1865);
#557=VERTEX_POINT('',#1870);
#558=VERTEX_POINT('',#1874);
#559=VERTEX_POINT('',#1876);
#560=VERTEX_POINT('',#1880);
#561=VERTEX_POINT('',#1886);
#562=VERTEX_POINT('',#1887);
#563=VERTEX_POINT('',#1894);
#564=VERTEX_POINT('',#1895);
#565=VERTEX_POINT('',#1900);
#566=VERTEX_POINT('',#1904);
#567=VERTEX_POINT('',#1908);
#568=VERTEX_POINT('',#1909);
#569=VERTEX_POINT('',#1916);
#570=VERTEX_POINT('',#1917);
#571=VERTEX_POINT('',#1922);
#572=VERTEX_POINT('',#1926);
#573=VERTEX_POINT('',#1930);
#574=VERTEX_POINT('',#1934);
#575=VERTEX_POINT('',#1938);
#576=VERTEX_POINT('',#1952);
#577=VERTEX_POINT('',#1953);
#578=VERTEX_POINT('',#1955);
#579=VERTEX_POINT('',#1957);
#580=VERTEX_POINT('',#1961);
#581=VERTEX_POINT('',#1963);
#582=VERTEX_POINT('',#1965);
#583=VERTEX_POINT('',#1967);
#584=VERTEX_POINT('',#1969);
#585=VERTEX_POINT('',#1971);
#586=VERTEX_POINT('',#1975);
#587=VERTEX_POINT('',#1979);
#588=VERTEX_POINT('',#1983);
#589=VERTEX_POINT('',#1984);
#590=VERTEX_POINT('',#1989);
#591=VERTEX_POINT('',#1993);
#592=VERTEX_POINT('',#2003);
#593=VERTEX_POINT('',#2004);
#594=VERTEX_POINT('',#2006);
#595=VERTEX_POINT('',#2008);
#596=VERTEX_POINT('',#2012);
#597=VERTEX_POINT('',#2014);
#598=VERTEX_POINT('',#2018);
#599=VERTEX_POINT('',#2020);
#600=VERTEX_POINT('',#2022);
#601=VERTEX_POINT('',#2024);
#602=VERTEX_POINT('',#2026);
#603=VERTEX_POINT('',#2030);
#604=VERTEX_POINT('',#2031);
#605=VERTEX_POINT('',#2036);
#606=VERTEX_POINT('',#2040);
#607=VERTEX_POINT('',#2044);
#608=VERTEX_POINT('',#2053);
#609=VERTEX_POINT('',#2055);
#610=VERTEX_POINT('',#2057);
#611=VERTEX_POINT('',#2061);
#612=VERTEX_POINT('',#2064);
#613=VERTEX_POINT('',#2065);
#614=VERTEX_POINT('',#2067);
#615=VERTEX_POINT('',#2072);
#616=VERTEX_POINT('',#2080);
#617=VERTEX_POINT('',#2088);
#618=VERTEX_POINT('',#2093);
#619=VERTEX_POINT('',#2095);
#620=VERTEX_POINT('',#2100);
#621=VERTEX_POINT('',#2110);
#622=VERTEX_POINT('',#2151);
#623=VERTEX_POINT('',#2153);
#624=VERTEX_POINT('',#2202);
#625=VERTEX_POINT('',#2212);
#626=VERTEX_POINT('',#2214);
#627=VERTEX_POINT('',#2265);
#628=VERTEX_POINT('',#2266);
#629=VERTEX_POINT('',#2324);
#630=VERTEX_POINT('',#2356);
#631=VERTEX_POINT('',#2358);
#632=VERTEX_POINT('',#2402);
#633=VERTEX_POINT('',#2404);
#634=VERTEX_POINT('',#2408);
#635=VERTEX_POINT('',#2412);
#636=VERTEX_POINT('',#2416);
#637=VERTEX_POINT('',#2418);
#638=EDGE_CURVE('',#524,#525,#458,.T.);
#639=EDGE_CURVE('',#525,#526,#459,.T.);
#640=EDGE_CURVE('',#526,#526,#460,.T.);
#641=EDGE_CURVE('',#525,#524,#461,.T.);
#642=EDGE_CURVE('',#527,#527,#462,.T.);
#643=EDGE_CURVE('',#527,#524,#105,.T.);
#644=EDGE_CURVE('',#528,#529,#463,.T.);
#645=EDGE_CURVE('',#529,#530,#106,.T.);
#646=EDGE_CURVE('',#530,#531,#464,.T.);
#647=EDGE_CURVE('',#531,#528,#107,.T.);
#648=EDGE_CURVE('',#532,#529,#108,.T.);
#649=EDGE_CURVE('',#533,#532,#109,.T.);
#650=EDGE_CURVE('',#530,#533,#110,.T.);
#651=EDGE_CURVE('',#534,#535,#465,.T.);
#652=EDGE_CURVE('',#535,#536,#111,.T.);
#653=EDGE_CURVE('',#536,#537,#466,.T.);
#654=EDGE_CURVE('',#537,#534,#112,.T.);
#655=EDGE_CURVE('',#536,#538,#113,.T.);
#656=EDGE_CURVE('',#539,#538,#467,.T.);
#657=EDGE_CURVE('',#539,#540,#114,.T.);
#658=EDGE_CURVE('',#541,#540,#468,.T.);
#659=EDGE_CURVE('',#541,#542,#115,.T.);
#660=EDGE_CURVE('',#543,#542,#469,.T.);
#661=EDGE_CURVE('',#543,#544,#116,.T.);
#662=EDGE_CURVE('',#545,#544,#470,.T.);
#663=EDGE_CURVE('',#545,#546,#117,.T.);
#664=EDGE_CURVE('',#547,#546,#471,.T.);
#665=EDGE_CURVE('',#547,#548,#118,.T.);
#666=EDGE_CURVE('',#549,#548,#472,.T.);
#667=EDGE_CURVE('',#549,#550,#119,.T.);
#668=EDGE_CURVE('',#551,#550,#473,.T.);
#669=EDGE_CURVE('',#551,#552,#120,.T.);
#670=EDGE_CURVE('',#553,#552,#474,.T.);
#671=EDGE_CURVE('',#553,#554,#121,.T.);
#672=EDGE_CURVE('',#555,#554,#475,.T.);
#673=EDGE_CURVE('',#555,#556,#122,.T.);
#674=EDGE_CURVE('',#532,#556,#476,.T.);
#675=EDGE_CURVE('',#528,#537,#123,.T.);
#676=EDGE_CURVE('',#557,#535,#124,.T.);
#677=EDGE_CURVE('',#538,#557,#125,.T.);
#678=EDGE_CURVE('',#540,#558,#126,.T.);
#679=EDGE_CURVE('',#558,#559,#477,.T.);
#680=EDGE_CURVE('',#559,#541,#127,.T.);
#681=EDGE_CURVE('',#560,#539,#128,.T.);
#682=EDGE_CURVE('',#558,#560,#129,.T.);
#683=EDGE_CURVE('',#557,#560,#478,.T.);
#684=EDGE_CURVE('',#561,#562,#479,.T.);
#685=EDGE_CURVE('',#562,#543,#130,.T.);
#686=EDGE_CURVE('',#542,#561,#131,.T.);
#687=EDGE_CURVE('',#561,#559,#132,.T.);
#688=EDGE_CURVE('',#563,#564,#480,.T.);
#689=EDGE_CURVE('',#564,#545,#133,.T.);
#690=EDGE_CURVE('',#544,#563,#134,.T.);
#691=EDGE_CURVE('',#565,#564,#135,.T.);
#692=EDGE_CURVE('',#546,#565,#136,.T.);
#693=EDGE_CURVE('',#565,#566,#481,.T.);
#694=EDGE_CURVE('',#566,#547,#137,.T.);
#695=EDGE_CURVE('',#567,#568,#482,.T.);
#696=EDGE_CURVE('',#568,#549,#138,.T.);
#697=EDGE_CURVE('',#548,#567,#139,.T.);
#698=EDGE_CURVE('',#567,#566,#140,.T.);
#699=EDGE_CURVE('',#569,#570,#483,.T.);
#700=EDGE_CURVE('',#570,#551,#141,.T.);
#701=EDGE_CURVE('',#550,#569,#142,.T.);
#702=EDGE_CURVE('',#571,#570,#143,.T.);
#703=EDGE_CURVE('',#552,#571,#144,.T.);
#704=EDGE_CURVE('',#571,#572,#484,.T.);
#705=EDGE_CURVE('',#572,#553,#145,.T.);
#706=EDGE_CURVE('',#573,#533,#485,.T.);
#707=EDGE_CURVE('',#556,#573,#146,.T.);
#708=EDGE_CURVE('',#574,#555,#147,.T.);
#709=EDGE_CURVE('',#573,#574,#148,.T.);
#710=EDGE_CURVE('',#575,#574,#486,.T.);
#711=EDGE_CURVE('',#554,#575,#149,.T.);
#712=EDGE_CURVE('',#563,#562,#150,.T.);
#713=EDGE_CURVE('',#569,#568,#151,.T.);
#714=EDGE_CURVE('',#575,#572,#152,.T.);
#715=EDGE_CURVE('',#534,#531,#153,.T.);
#716=EDGE_CURVE('',#576,#577,#487,.T.);
#717=EDGE_CURVE('',#577,#578,#154,.T.);
#718=EDGE_CURVE('',#578,#579,#488,.T.);
#719=EDGE_CURVE('',#579,#576,#155,.T.);
#720=EDGE_CURVE('',#580,#578,#156,.T.);
#721=EDGE_CURVE('',#581,#580,#489,.T.);
#722=EDGE_CURVE('',#582,#581,#490,.T.);
#723=EDGE_CURVE('',#583,#582,#491,.T.);
#724=EDGE_CURVE('',#584,#583,#157,.T.);
#725=EDGE_CURVE('',#585,#584,#492,.T.);
#726=EDGE_CURVE('',#585,#579,#493,.T.);
#727=EDGE_CURVE('',#586,#577,#158,.T.);
#728=EDGE_CURVE('',#580,#586,#159,.T.);
#729=EDGE_CURVE('',#586,#587,#494,.T.);
#730=EDGE_CURVE('',#587,#581,#160,.T.);
#731=EDGE_CURVE('',#588,#589,#495,.T.);
#732=EDGE_CURVE('',#589,#585,#161,.T.);
#733=EDGE_CURVE('',#584,#588,#162,.T.);
#734=EDGE_CURVE('',#590,#583,#163,.T.);
#735=EDGE_CURVE('',#588,#590,#164,.T.);
#736=EDGE_CURVE('',#591,#590,#496,.T.);
#737=EDGE_CURVE('',#582,#591,#165,.T.);
#738=EDGE_CURVE('',#576,#589,#497,.T.);
#739=EDGE_CURVE('',#591,#587,#498,.T.);
#740=EDGE_CURVE('',#592,#593,#499,.T.);
#741=EDGE_CURVE('',#593,#594,#166,.T.);
#742=EDGE_CURVE('',#594,#595,#500,.T.);
#743=EDGE_CURVE('',#595,#592,#167,.T.);
#744=EDGE_CURVE('',#595,#596,#501,.T.);
#745=EDGE_CURVE('',#597,#596,#168,.T.);
#746=EDGE_CURVE('',#592,#597,#502,.T.);
#747=EDGE_CURVE('',#598,#594,#169,.T.);
#748=EDGE_CURVE('',#599,#598,#503,.T.);
#749=EDGE_CURVE('',#599,#600,#504,.T.);
#750=EDGE_CURVE('',#601,#600,#505,.T.);
#751=EDGE_CURVE('',#602,#601,#170,.T.);
#752=EDGE_CURVE('',#596,#602,#506,.T.);
#753=EDGE_CURVE('',#603,#604,#507,.T.);
#754=EDGE_CURVE('',#604,#599,#171,.T.);
#755=EDGE_CURVE('',#598,#603,#172,.T.);
#756=EDGE_CURVE('',#605,#604,#508,.T.);
#757=EDGE_CURVE('',#600,#605,#173,.T.);
#758=EDGE_CURVE('',#605,#606,#509,.T.);
#759=EDGE_CURVE('',#606,#601,#174,.T.);
#760=EDGE_CURVE('',#607,#597,#510,.T.);
#761=EDGE_CURVE('',#602,#607,#175,.T.);
#762=EDGE_CURVE('',#607,#606,#176,.T.);
#763=EDGE_CURVE('',#603,#593,#177,.T.);
#764=EDGE_CURVE('',#608,#608,#511,.T.);
#765=EDGE_CURVE('',#608,#609,#512,.T.);
#766=EDGE_CURVE('',#609,#610,#513,.T.);
#767=EDGE_CURVE('',#610,#609,#514,.T.);
#768=EDGE_CURVE('',#610,#611,#178,.T.);
#769=EDGE_CURVE('',#611,#611,#515,.T.);
#770=EDGE_CURVE('',#612,#613,#516,.T.);
#771=EDGE_CURVE('',#614,#612,#38,.T.);
#772=EDGE_CURVE('',#615,#614,#39,.T.);
#773=EDGE_CURVE('',#616,#615,#40,.T.);
#774=EDGE_CURVE('',#617,#616,#41,.T.);
#775=EDGE_CURVE('',#618,#617,#517,.T.);
#776=EDGE_CURVE('',#619,#618,#42,.T.);
#777=EDGE_CURVE('',#620,#619,#43,.T.);
#778=EDGE_CURVE('',#621,#620,#44,.T.);
#779=EDGE_CURVE('',#613,#621,#45,.T.);
#780=EDGE_CURVE('',#614,#622,#179,.T.);
#781=EDGE_CURVE('',#622,#623,#46,.T.);
#782=EDGE_CURVE('',#623,#615,#47,.T.);
#783=EDGE_CURVE('',#623,#624,#48,.T.);
#784=EDGE_CURVE('',#624,#616,#180,.T.);
#785=EDGE_CURVE('',#625,#618,#181,.T.);
#786=EDGE_CURVE('',#617,#626,#182,.T.);
#787=EDGE_CURVE('',#626,#625,#518,.T.);
#788=EDGE_CURVE('',#624,#626,#49,.T.);
#789=EDGE_CURVE('',#627,#628,#50,.T.);
#790=EDGE_CURVE('',#628,#621,#183,.T.);
#791=EDGE_CURVE('',#620,#627,#51,.T.);
#792=EDGE_CURVE('',#619,#629,#184,.T.);
#793=EDGE_CURVE('',#629,#627,#52,.T.);
#794=EDGE_CURVE('',#625,#629,#53,.T.);
#795=EDGE_CURVE('',#630,#612,#185,.T.);
#796=EDGE_CURVE('',#613,#631,#186,.T.);
#797=EDGE_CURVE('',#631,#630,#519,.T.);
#798=EDGE_CURVE('',#628,#631,#54,.T.);
#799=EDGE_CURVE('',#630,#622,#55,.T.);
#800=EDGE_CURVE('',#623,#632,#187,.T.);
#801=EDGE_CURVE('',#632,#633,#520,.T.);
#802=EDGE_CURVE('',#624,#633,#188,.T.);
#803=EDGE_CURVE('',#622,#634,#189,.T.);
#804=EDGE_CURVE('',#634,#632,#521,.T.);
#805=EDGE_CURVE('',#628,#635,#190,.T.);
#806=EDGE_CURVE('',#635,#634,#191,.T.);
#807=EDGE_CURVE('',#629,#636,#192,.T.);
#808=EDGE_CURVE('',#636,#637,#522,.T.);
#809=EDGE_CURVE('',#627,#637,#193,.T.);
#810=EDGE_CURVE('',#637,#635,#523,.T.);
#811=EDGE_CURVE('',#633,#636,#194,.T.);
#812=ORIENTED_EDGE('',*,*,#638,.T.);
#813=ORIENTED_EDGE('',*,*,#639,.T.);
#814=ORIENTED_EDGE('',*,*,#640,.T.);
#815=ORIENTED_EDGE('',*,*,#639,.F.);
#816=ORIENTED_EDGE('',*,*,#641,.T.);
#817=ORIENTED_EDGE('',*,*,#642,.T.);
#818=ORIENTED_EDGE('',*,*,#643,.T.);
#819=ORIENTED_EDGE('',*,*,#641,.F.);
#820=ORIENTED_EDGE('',*,*,#638,.F.);
#821=ORIENTED_EDGE('',*,*,#643,.F.);
#822=ORIENTED_EDGE('',*,*,#640,.F.);
#823=ORIENTED_EDGE('',*,*,#642,.F.);
#824=ORIENTED_EDGE('',*,*,#644,.T.);
#825=ORIENTED_EDGE('',*,*,#645,.T.);
#826=ORIENTED_EDGE('',*,*,#646,.T.);
#827=ORIENTED_EDGE('',*,*,#647,.T.);
#828=ORIENTED_EDGE('',*,*,#645,.F.);
#829=ORIENTED_EDGE('',*,*,#648,.F.);
#830=ORIENTED_EDGE('',*,*,#649,.F.);
#831=ORIENTED_EDGE('',*,*,#650,.F.);
#832=ORIENTED_EDGE('',*,*,#651,.T.);
#833=ORIENTED_EDGE('',*,*,#652,.T.);
#834=ORIENTED_EDGE('',*,*,#653,.T.);
#835=ORIENTED_EDGE('',*,*,#654,.T.);
#836=ORIENTED_EDGE('',*,*,#653,.F.);
#837=ORIENTED_EDGE('',*,*,#655,.T.);
#838=ORIENTED_EDGE('',*,*,#656,.F.);
#839=ORIENTED_EDGE('',*,*,#657,.T.);
#840=ORIENTED_EDGE('',*,*,#658,.F.);
#841=ORIENTED_EDGE('',*,*,#659,.T.);
#842=ORIENTED_EDGE('',*,*,#660,.F.);
#843=ORIENTED_EDGE('',*,*,#661,.T.);
#844=ORIENTED_EDGE('',*,*,#662,.F.);
#845=ORIENTED_EDGE('',*,*,#663,.T.);
#846=ORIENTED_EDGE('',*,*,#664,.F.);
#847=ORIENTED_EDGE('',*,*,#665,.T.);
#848=ORIENTED_EDGE('',*,*,#666,.F.);
#849=ORIENTED_EDGE('',*,*,#667,.T.);
#850=ORIENTED_EDGE('',*,*,#668,.F.);
#851=ORIENTED_EDGE('',*,*,#669,.T.);
#852=ORIENTED_EDGE('',*,*,#670,.F.);
#853=ORIENTED_EDGE('',*,*,#671,.T.);
#854=ORIENTED_EDGE('',*,*,#672,.F.);
#855=ORIENTED_EDGE('',*,*,#673,.T.);
#856=ORIENTED_EDGE('',*,*,#674,.F.);
#857=ORIENTED_EDGE('',*,*,#648,.T.);
#858=ORIENTED_EDGE('',*,*,#644,.F.);
#859=ORIENTED_EDGE('',*,*,#675,.T.);
#860=ORIENTED_EDGE('',*,*,#652,.F.);
#861=ORIENTED_EDGE('',*,*,#676,.F.);
#862=ORIENTED_EDGE('',*,*,#677,.F.);
#863=ORIENTED_EDGE('',*,*,#655,.F.);
#864=ORIENTED_EDGE('',*,*,#658,.T.);
#865=ORIENTED_EDGE('',*,*,#678,.T.);
#866=ORIENTED_EDGE('',*,*,#679,.T.);
#867=ORIENTED_EDGE('',*,*,#680,.T.);
#868=ORIENTED_EDGE('',*,*,#678,.F.);
#869=ORIENTED_EDGE('',*,*,#657,.F.);
#870=ORIENTED_EDGE('',*,*,#681,.F.);
#871=ORIENTED_EDGE('',*,*,#682,.F.);
#872=ORIENTED_EDGE('',*,*,#683,.T.);
#873=ORIENTED_EDGE('',*,*,#681,.T.);
#874=ORIENTED_EDGE('',*,*,#656,.T.);
#875=ORIENTED_EDGE('',*,*,#677,.T.);
#876=ORIENTED_EDGE('',*,*,#684,.T.);
#877=ORIENTED_EDGE('',*,*,#685,.T.);
#878=ORIENTED_EDGE('',*,*,#660,.T.);
#879=ORIENTED_EDGE('',*,*,#686,.T.);
#880=ORIENTED_EDGE('',*,*,#680,.F.);
#881=ORIENTED_EDGE('',*,*,#687,.F.);
#882=ORIENTED_EDGE('',*,*,#686,.F.);
#883=ORIENTED_EDGE('',*,*,#659,.F.);
#884=ORIENTED_EDGE('',*,*,#688,.T.);
#885=ORIENTED_EDGE('',*,*,#689,.T.);
#886=ORIENTED_EDGE('',*,*,#662,.T.);
#887=ORIENTED_EDGE('',*,*,#690,.T.);
#888=ORIENTED_EDGE('',*,*,#689,.F.);
#889=ORIENTED_EDGE('',*,*,#691,.F.);
#890=ORIENTED_EDGE('',*,*,#692,.F.);
#891=ORIENTED_EDGE('',*,*,#663,.F.);
#892=ORIENTED_EDGE('',*,*,#664,.T.);
#893=ORIENTED_EDGE('',*,*,#692,.T.);
#894=ORIENTED_EDGE('',*,*,#693,.T.);
#895=ORIENTED_EDGE('',*,*,#694,.T.);
#896=ORIENTED_EDGE('',*,*,#695,.T.);
#897=ORIENTED_EDGE('',*,*,#696,.T.);
#898=ORIENTED_EDGE('',*,*,#666,.T.);
#899=ORIENTED_EDGE('',*,*,#697,.T.);
#900=ORIENTED_EDGE('',*,*,#694,.F.);
#901=ORIENTED_EDGE('',*,*,#698,.F.);
#902=ORIENTED_EDGE('',*,*,#697,.F.);
#903=ORIENTED_EDGE('',*,*,#665,.F.);
#904=ORIENTED_EDGE('',*,*,#699,.T.);
#905=ORIENTED_EDGE('',*,*,#700,.T.);
#906=ORIENTED_EDGE('',*,*,#668,.T.);
#907=ORIENTED_EDGE('',*,*,#701,.T.);
#908=ORIENTED_EDGE('',*,*,#700,.F.);
#909=ORIENTED_EDGE('',*,*,#702,.F.);
#910=ORIENTED_EDGE('',*,*,#703,.F.);
#911=ORIENTED_EDGE('',*,*,#669,.F.);
#912=ORIENTED_EDGE('',*,*,#670,.T.);
#913=ORIENTED_EDGE('',*,*,#703,.T.);
#914=ORIENTED_EDGE('',*,*,#704,.T.);
#915=ORIENTED_EDGE('',*,*,#705,.T.);
#916=ORIENTED_EDGE('',*,*,#706,.T.);
#917=ORIENTED_EDGE('',*,*,#649,.T.);
#918=ORIENTED_EDGE('',*,*,#674,.T.);
#919=ORIENTED_EDGE('',*,*,#707,.T.);
#920=ORIENTED_EDGE('',*,*,#707,.F.);
#921=ORIENTED_EDGE('',*,*,#673,.F.);
#922=ORIENTED_EDGE('',*,*,#708,.F.);
#923=ORIENTED_EDGE('',*,*,#709,.F.);
#924=ORIENTED_EDGE('',*,*,#710,.T.);
#925=ORIENTED_EDGE('',*,*,#708,.T.);
#926=ORIENTED_EDGE('',*,*,#672,.T.);
#927=ORIENTED_EDGE('',*,*,#711,.T.);
#928=ORIENTED_EDGE('',*,*,#685,.F.);
#929=ORIENTED_EDGE('',*,*,#712,.F.);
#930=ORIENTED_EDGE('',*,*,#690,.F.);
#931=ORIENTED_EDGE('',*,*,#661,.F.);
#932=ORIENTED_EDGE('',*,*,#696,.F.);
#933=ORIENTED_EDGE('',*,*,#713,.F.);
#934=ORIENTED_EDGE('',*,*,#701,.F.);
#935=ORIENTED_EDGE('',*,*,#667,.F.);
#936=ORIENTED_EDGE('',*,*,#705,.F.);
#937=ORIENTED_EDGE('',*,*,#714,.F.);
#938=ORIENTED_EDGE('',*,*,#711,.F.);
#939=ORIENTED_EDGE('',*,*,#671,.F.);
#940=ORIENTED_EDGE('',*,*,#647,.F.);
#941=ORIENTED_EDGE('',*,*,#715,.F.);
#942=ORIENTED_EDGE('',*,*,#654,.F.);
#943=ORIENTED_EDGE('',*,*,#675,.F.);
#944=ORIENTED_EDGE('',*,*,#651,.F.);
#945=ORIENTED_EDGE('',*,*,#715,.T.);
#946=ORIENTED_EDGE('',*,*,#646,.F.);
#947=ORIENTED_EDGE('',*,*,#650,.T.);
#948=ORIENTED_EDGE('',*,*,#706,.F.);
#949=ORIENTED_EDGE('',*,*,#709,.T.);
#950=ORIENTED_EDGE('',*,*,#710,.F.);
#951=ORIENTED_EDGE('',*,*,#714,.T.);
#952=ORIENTED_EDGE('',*,*,#704,.F.);
#953=ORIENTED_EDGE('',*,*,#702,.T.);
#954=ORIENTED_EDGE('',*,*,#699,.F.);
#955=ORIENTED_EDGE('',*,*,#713,.T.);
#956=ORIENTED_EDGE('',*,*,#695,.F.);
#957=ORIENTED_EDGE('',*,*,#698,.T.);
#958=ORIENTED_EDGE('',*,*,#693,.F.);
#959=ORIENTED_EDGE('',*,*,#691,.T.);
#960=ORIENTED_EDGE('',*,*,#688,.F.);
#961=ORIENTED_EDGE('',*,*,#712,.T.);
#962=ORIENTED_EDGE('',*,*,#684,.F.);
#963=ORIENTED_EDGE('',*,*,#687,.T.);
#964=ORIENTED_EDGE('',*,*,#679,.F.);
#965=ORIENTED_EDGE('',*,*,#682,.T.);
#966=ORIENTED_EDGE('',*,*,#683,.F.);
#967=ORIENTED_EDGE('',*,*,#676,.T.);
#968=ORIENTED_EDGE('',*,*,#716,.T.);
#969=ORIENTED_EDGE('',*,*,#717,.T.);
#970=ORIENTED_EDGE('',*,*,#718,.T.);
#971=ORIENTED_EDGE('',*,*,#719,.T.);
#972=ORIENTED_EDGE('',*,*,#718,.F.);
#973=ORIENTED_EDGE('',*,*,#720,.F.);
#974=ORIENTED_EDGE('',*,*,#721,.F.);
#975=ORIENTED_EDGE('',*,*,#722,.F.);
#976=ORIENTED_EDGE('',*,*,#723,.F.);
#977=ORIENTED_EDGE('',*,*,#724,.F.);
#978=ORIENTED_EDGE('',*,*,#725,.F.);
#979=ORIENTED_EDGE('',*,*,#726,.T.);
#980=ORIENTED_EDGE('',*,*,#717,.F.);
#981=ORIENTED_EDGE('',*,*,#727,.F.);
#982=ORIENTED_EDGE('',*,*,#728,.F.);
#983=ORIENTED_EDGE('',*,*,#720,.T.);
#984=ORIENTED_EDGE('',*,*,#729,.T.);
#985=ORIENTED_EDGE('',*,*,#730,.T.);
#986=ORIENTED_EDGE('',*,*,#721,.T.);
#987=ORIENTED_EDGE('',*,*,#728,.T.);
#988=ORIENTED_EDGE('',*,*,#731,.T.);
#989=ORIENTED_EDGE('',*,*,#732,.T.);
#990=ORIENTED_EDGE('',*,*,#725,.T.);
#991=ORIENTED_EDGE('',*,*,#733,.T.);
#992=ORIENTED_EDGE('',*,*,#733,.F.);
#993=ORIENTED_EDGE('',*,*,#724,.T.);
#994=ORIENTED_EDGE('',*,*,#734,.F.);
#995=ORIENTED_EDGE('',*,*,#735,.F.);
#996=ORIENTED_EDGE('',*,*,#736,.T.);
#997=ORIENTED_EDGE('',*,*,#734,.T.);
#998=ORIENTED_EDGE('',*,*,#723,.T.);
#999=ORIENTED_EDGE('',*,*,#737,.T.);
#1000=ORIENTED_EDGE('',*,*,#719,.F.);
#1001=ORIENTED_EDGE('',*,*,#726,.F.);
#1002=ORIENTED_EDGE('',*,*,#732,.F.);
#1003=ORIENTED_EDGE('',*,*,#738,.F.);
#1004=ORIENTED_EDGE('',*,*,#730,.F.);
#1005=ORIENTED_EDGE('',*,*,#739,.F.);
#1006=ORIENTED_EDGE('',*,*,#737,.F.);
#1007=ORIENTED_EDGE('',*,*,#722,.T.);
#1008=ORIENTED_EDGE('',*,*,#716,.F.);
#1009=ORIENTED_EDGE('',*,*,#738,.T.);
#1010=ORIENTED_EDGE('',*,*,#731,.F.);
#1011=ORIENTED_EDGE('',*,*,#735,.T.);
#1012=ORIENTED_EDGE('',*,*,#736,.F.);
#1013=ORIENTED_EDGE('',*,*,#739,.T.);
#1014=ORIENTED_EDGE('',*,*,#729,.F.);
#1015=ORIENTED_EDGE('',*,*,#727,.T.);
#1016=ORIENTED_EDGE('',*,*,#740,.T.);
#1017=ORIENTED_EDGE('',*,*,#741,.T.);
#1018=ORIENTED_EDGE('',*,*,#742,.T.);
#1019=ORIENTED_EDGE('',*,*,#743,.T.);
#1020=ORIENTED_EDGE('',*,*,#743,.F.);
#1021=ORIENTED_EDGE('',*,*,#744,.T.);
#1022=ORIENTED_EDGE('',*,*,#745,.F.);
#1023=ORIENTED_EDGE('',*,*,#746,.F.);
#1024=ORIENTED_EDGE('',*,*,#742,.F.);
#1025=ORIENTED_EDGE('',*,*,#747,.F.);
#1026=ORIENTED_EDGE('',*,*,#748,.F.);
#1027=ORIENTED_EDGE('',*,*,#749,.T.);
#1028=ORIENTED_EDGE('',*,*,#750,.F.);
#1029=ORIENTED_EDGE('',*,*,#751,.F.);
#1030=ORIENTED_EDGE('',*,*,#752,.F.);
#1031=ORIENTED_EDGE('',*,*,#744,.F.);
#1032=ORIENTED_EDGE('',*,*,#753,.T.);
#1033=ORIENTED_EDGE('',*,*,#754,.T.);
#1034=ORIENTED_EDGE('',*,*,#748,.T.);
#1035=ORIENTED_EDGE('',*,*,#755,.T.);
#1036=ORIENTED_EDGE('',*,*,#754,.F.);
#1037=ORIENTED_EDGE('',*,*,#756,.F.);
#1038=ORIENTED_EDGE('',*,*,#757,.F.);
#1039=ORIENTED_EDGE('',*,*,#749,.F.);
#1040=ORIENTED_EDGE('',*,*,#758,.T.);
#1041=ORIENTED_EDGE('',*,*,#759,.T.);
#1042=ORIENTED_EDGE('',*,*,#750,.T.);
#1043=ORIENTED_EDGE('',*,*,#757,.T.);
#1044=ORIENTED_EDGE('',*,*,#760,.T.);
#1045=ORIENTED_EDGE('',*,*,#745,.T.);
#1046=ORIENTED_EDGE('',*,*,#752,.T.);
#1047=ORIENTED_EDGE('',*,*,#761,.T.);
#1048=ORIENTED_EDGE('',*,*,#759,.F.);
#1049=ORIENTED_EDGE('',*,*,#762,.F.);
#1050=ORIENTED_EDGE('',*,*,#761,.F.);
#1051=ORIENTED_EDGE('',*,*,#751,.T.);
#1052=ORIENTED_EDGE('',*,*,#741,.F.);
#1053=ORIENTED_EDGE('',*,*,#763,.F.);
#1054=ORIENTED_EDGE('',*,*,#755,.F.);
#1055=ORIENTED_EDGE('',*,*,#747,.T.);
#1056=ORIENTED_EDGE('',*,*,#740,.F.);
#1057=ORIENTED_EDGE('',*,*,#746,.T.);
#1058=ORIENTED_EDGE('',*,*,#760,.F.);
#1059=ORIENTED_EDGE('',*,*,#762,.T.);
#1060=ORIENTED_EDGE('',*,*,#758,.F.);
#1061=ORIENTED_EDGE('',*,*,#756,.T.);
#1062=ORIENTED_EDGE('',*,*,#753,.F.);
#1063=ORIENTED_EDGE('',*,*,#763,.T.);
#1064=ORIENTED_EDGE('',*,*,#764,.T.);
#1065=ORIENTED_EDGE('',*,*,#765,.T.);
#1066=ORIENTED_EDGE('',*,*,#766,.T.);
#1067=ORIENTED_EDGE('',*,*,#767,.T.);
#1068=ORIENTED_EDGE('',*,*,#765,.F.);
#1069=ORIENTED_EDGE('',*,*,#767,.F.);
#1070=ORIENTED_EDGE('',*,*,#768,.T.);
#1071=ORIENTED_EDGE('',*,*,#769,.F.);
#1072=ORIENTED_EDGE('',*,*,#768,.F.);
#1073=ORIENTED_EDGE('',*,*,#766,.F.);
#1074=ORIENTED_EDGE('',*,*,#770,.F.);
#1075=ORIENTED_EDGE('',*,*,#771,.F.);
#1076=ORIENTED_EDGE('',*,*,#772,.F.);
#1077=ORIENTED_EDGE('',*,*,#773,.F.);
#1078=ORIENTED_EDGE('',*,*,#774,.F.);
#1079=ORIENTED_EDGE('',*,*,#775,.F.);
#1080=ORIENTED_EDGE('',*,*,#776,.F.);
#1081=ORIENTED_EDGE('',*,*,#777,.F.);
#1082=ORIENTED_EDGE('',*,*,#778,.F.);
#1083=ORIENTED_EDGE('',*,*,#779,.F.);
#1084=ORIENTED_EDGE('',*,*,#764,.F.);
#1085=ORIENTED_EDGE('',*,*,#772,.T.);
#1086=ORIENTED_EDGE('',*,*,#780,.T.);
#1087=ORIENTED_EDGE('',*,*,#781,.T.);
#1088=ORIENTED_EDGE('',*,*,#782,.T.);
#1089=ORIENTED_EDGE('',*,*,#783,.T.);
#1090=ORIENTED_EDGE('',*,*,#784,.T.);
#1091=ORIENTED_EDGE('',*,*,#773,.T.);
#1092=ORIENTED_EDGE('',*,*,#782,.F.);
#1093=ORIENTED_EDGE('',*,*,#785,.T.);
#1094=ORIENTED_EDGE('',*,*,#775,.T.);
#1095=ORIENTED_EDGE('',*,*,#786,.T.);
#1096=ORIENTED_EDGE('',*,*,#787,.T.);
#1097=ORIENTED_EDGE('',*,*,#786,.F.);
#1098=ORIENTED_EDGE('',*,*,#774,.T.);
#1099=ORIENTED_EDGE('',*,*,#784,.F.);
#1100=ORIENTED_EDGE('',*,*,#788,.T.);
#1101=ORIENTED_EDGE('',*,*,#789,.T.);
#1102=ORIENTED_EDGE('',*,*,#790,.T.);
#1103=ORIENTED_EDGE('',*,*,#778,.T.);
#1104=ORIENTED_EDGE('',*,*,#791,.T.);
#1105=ORIENTED_EDGE('',*,*,#777,.T.);
#1106=ORIENTED_EDGE('',*,*,#792,.T.);
#1107=ORIENTED_EDGE('',*,*,#793,.T.);
#1108=ORIENTED_EDGE('',*,*,#791,.F.);
#1109=ORIENTED_EDGE('',*,*,#792,.F.);
#1110=ORIENTED_EDGE('',*,*,#776,.T.);
#1111=ORIENTED_EDGE('',*,*,#785,.F.);
#1112=ORIENTED_EDGE('',*,*,#794,.T.);
#1113=ORIENTED_EDGE('',*,*,#795,.T.);
#1114=ORIENTED_EDGE('',*,*,#770,.T.);
#1115=ORIENTED_EDGE('',*,*,#796,.T.);
#1116=ORIENTED_EDGE('',*,*,#797,.T.);
#1117=ORIENTED_EDGE('',*,*,#796,.F.);
#1118=ORIENTED_EDGE('',*,*,#779,.T.);
#1119=ORIENTED_EDGE('',*,*,#790,.F.);
#1120=ORIENTED_EDGE('',*,*,#798,.T.);
#1121=ORIENTED_EDGE('',*,*,#780,.F.);
#1122=ORIENTED_EDGE('',*,*,#771,.T.);
#1123=ORIENTED_EDGE('',*,*,#795,.F.);
#1124=ORIENTED_EDGE('',*,*,#799,.T.);
#1125=ORIENTED_EDGE('',*,*,#783,.F.);
#1126=ORIENTED_EDGE('',*,*,#800,.T.);
#1127=ORIENTED_EDGE('',*,*,#801,.T.);
#1128=ORIENTED_EDGE('',*,*,#802,.F.);
#1129=ORIENTED_EDGE('',*,*,#781,.F.);
#1130=ORIENTED_EDGE('',*,*,#803,.T.);
#1131=ORIENTED_EDGE('',*,*,#804,.T.);
#1132=ORIENTED_EDGE('',*,*,#800,.F.);
#1133=ORIENTED_EDGE('',*,*,#799,.F.);
#1134=ORIENTED_EDGE('',*,*,#797,.F.);
#1135=ORIENTED_EDGE('',*,*,#798,.F.);
#1136=ORIENTED_EDGE('',*,*,#805,.T.);
#1137=ORIENTED_EDGE('',*,*,#806,.T.);
#1138=ORIENTED_EDGE('',*,*,#803,.F.);
#1139=ORIENTED_EDGE('',*,*,#793,.F.);
#1140=ORIENTED_EDGE('',*,*,#807,.T.);
#1141=ORIENTED_EDGE('',*,*,#808,.T.);
#1142=ORIENTED_EDGE('',*,*,#809,.F.);
#1143=ORIENTED_EDGE('',*,*,#789,.F.);
#1144=ORIENTED_EDGE('',*,*,#809,.T.);
#1145=ORIENTED_EDGE('',*,*,#810,.T.);
#1146=ORIENTED_EDGE('',*,*,#805,.F.);
#1147=ORIENTED_EDGE('',*,*,#788,.F.);
#1148=ORIENTED_EDGE('',*,*,#802,.T.);
#1149=ORIENTED_EDGE('',*,*,#811,.T.);
#1150=ORIENTED_EDGE('',*,*,#807,.F.);
#1151=ORIENTED_EDGE('',*,*,#794,.F.);
#1152=ORIENTED_EDGE('',*,*,#787,.F.);
#1153=ORIENTED_EDGE('',*,*,#801,.F.);
#1154=ORIENTED_EDGE('',*,*,#804,.F.);
#1155=ORIENTED_EDGE('',*,*,#806,.F.);
#1156=ORIENTED_EDGE('',*,*,#810,.F.);
#1157=ORIENTED_EDGE('',*,*,#808,.F.);
#1158=ORIENTED_EDGE('',*,*,#811,.F.);
#1159=ORIENTED_EDGE('',*,*,#769,.T.);
#1160=TOROIDAL_SURFACE('',#1285,44.5,1.);
#1161=TOROIDAL_SURFACE('',#1391,45.,0.5);
#1162=ADVANCED_FACE('',(#315),#1160,.T.);
#1163=ADVANCED_FACE('',(#316),#285,.T.);
#1164=ADVANCED_FACE('',(#317),#76,.F.);
#1165=ADVANCED_FACE('',(#318),#77,.F.);
#1166=ADVANCED_FACE('',(#319),#286,.F.);
#1167=ADVANCED_FACE('',(#320),#78,.T.);
#1168=ADVANCED_FACE('',(#321),#287,.T.);
#1169=ADVANCED_FACE('',(#322),#79,.F.);
#1170=ADVANCED_FACE('',(#323),#80,.T.);
#1171=ADVANCED_FACE('',(#324),#288,.F.);
#1172=ADVANCED_FACE('',(#325),#81,.T.);
#1173=ADVANCED_FACE('',(#326),#289,.T.);
#1174=ADVANCED_FACE('',(#327),#290,.T.);
#1175=ADVANCED_FACE('',(#328),#82,.T.);
#1176=ADVANCED_FACE('',(#329),#291,.T.);
#1177=ADVANCED_FACE('',(#330),#83,.T.);
#1178=ADVANCED_FACE('',(#331),#292,.F.);
#1179=ADVANCED_FACE('',(#332),#293,.T.);
#1180=ADVANCED_FACE('',(#333),#84,.T.);
#1181=ADVANCED_FACE('',(#334),#294,.T.);
#1182=ADVANCED_FACE('',(#335),#85,.T.);
#1183=ADVANCED_FACE('',(#336),#295,.F.);
#1184=ADVANCED_FACE('',(#337),#296,.T.);
#1185=ADVANCED_FACE('',(#338),#86,.T.);
#1186=ADVANCED_FACE('',(#339),#297,.T.);
#1187=ADVANCED_FACE('',(#340),#87,.T.);
#1188=ADVANCED_FACE('',(#341),#88,.T.);
#1189=ADVANCED_FACE('',(#342),#89,.T.);
#1190=ADVANCED_FACE('',(#343),#90,.T.);
#1191=ADVANCED_FACE('',(#344),#91,.T.);
#1192=ADVANCED_FACE('',(#345),#298,.T.);
#1193=ADVANCED_FACE('',(#346),#92,.F.);
#1194=ADVANCED_FACE('',(#347),#93,.T.);
#1195=ADVANCED_FACE('',(#348),#299,.T.);
#1196=ADVANCED_FACE('',(#349),#300,.T.);
#1197=ADVANCED_FACE('',(#350),#94,.T.);
#1198=ADVANCED_FACE('',(#351),#301,.T.);
#1199=ADVANCED_FACE('',(#352),#302,.F.);
#1200=ADVANCED_FACE('',(#353),#303,.T.);
#1201=ADVANCED_FACE('',(#354),#95,.T.);
#1202=ADVANCED_FACE('',(#355),#304,.T.);
#1203=ADVANCED_FACE('',(#356),#305,.T.);
#1204=ADVANCED_FACE('',(#357),#96,.F.);
#1205=ADVANCED_FACE('',(#358),#306,.T.);
#1206=ADVANCED_FACE('',(#359),#307,.F.);
#1207=ADVANCED_FACE('',(#360),#308,.T.);
#1208=ADVANCED_FACE('',(#361),#309,.T.);
#1209=ADVANCED_FACE('',(#362),#97,.T.);
#1210=ADVANCED_FACE('',(#363),#98,.T.);
#1211=ADVANCED_FACE('',(#364),#99,.T.);
#1212=ADVANCED_FACE('',(#365),#1161,.T.);
#1213=ADVANCED_FACE('',(#366,#37),#310,.T.);
#1214=ADVANCED_FACE('',(#367),#100,.T.);
#1215=ADVANCED_FACE('',(#368),#29,.T.);
#1216=ADVANCED_FACE('',(#369),#30,.T.);
#1217=ADVANCED_FACE('',(#370),#27,.T.);
#1218=ADVANCED_FACE('',(#371),#31,.T.);
#1219=ADVANCED_FACE('',(#372),#32,.T.);
#1220=ADVANCED_FACE('',(#373),#33,.T.);
#1221=ADVANCED_FACE('',(#374),#34,.T.);
#1222=ADVANCED_FACE('',(#375),#28,.T.);
#1223=ADVANCED_FACE('',(#376),#35,.T.);
#1224=ADVANCED_FACE('',(#377),#36,.T.);
#1225=ADVANCED_FACE('',(#378),#311,.F.);
#1226=ADVANCED_FACE('',(#379),#312,.F.);
#1227=ADVANCED_FACE('',(#380),#101,.F.);
#1228=ADVANCED_FACE('',(#381),#313,.F.);
#1229=ADVANCED_FACE('',(#382),#314,.F.);
#1230=ADVANCED_FACE('',(#383),#102,.F.);
#1231=ADVANCED_FACE('',(#384),#103,.T.);
#1232=ADVANCED_FACE('',(#385),#104,.T.);
#1233=CLOSED_SHELL('',(#1162,#1163,#1164,#1165));
#1234=CLOSED_SHELL('',(#1166,#1167,#1168,#1169,#1170,#1171,#1172,#1173,
#1174,#1175,#1176,#1177,#1178,#1179,#1180,#1181,#1182,#1183,#1184,#1185,
#1186,#1187,#1188,#1189,#1190,#1191));
#1235=CLOSED_SHELL('',(#1192,#1193,#1194,#1195,#1196,#1197,#1198,#1199,
#1200,#1201));
#1236=CLOSED_SHELL('',(#1202,#1203,#1204,#1205,#1206,#1207,#1208,#1209,
#1210,#1211));
#1237=CLOSED_SHELL('',(#1212,#1213,#1214,#1215,#1216,#1217,#1218,#1219,
#1220,#1221,#1222,#1223,#1224,#1225,#1226,#1227,#1228,#1229,#1230,#1231,
#1232));
#1238=DERIVED_UNIT_ELEMENT(#1246,1.);
#1239=DERIVED_UNIT_ELEMENT(#2444,-3.);
#1240=DERIVED_UNIT_ELEMENT(#1246,1.);
#1241=DERIVED_UNIT_ELEMENT(#2444,-3.);
#1242=DERIVED_UNIT_ELEMENT(#1246,1.);
#1243=DERIVED_UNIT_ELEMENT(#2444,-3.);
#1244=DERIVED_UNIT_ELEMENT(#1246,1.);
#1245=DERIVED_UNIT_ELEMENT(#2444,-3.);
#1246=(
MASS_UNIT()
NAMED_UNIT(*)
SI_UNIT(.KILO.,.GRAM.)
);
#1247=DERIVED_UNIT((#1238,#1239));
#1248=DERIVED_UNIT((#1240,#1241));
#1249=DERIVED_UNIT((#1242,#1243));
#1250=DERIVED_UNIT((#1244,#1245));
#1251=MEASURE_REPRESENTATION_ITEM('density measure',
POSITIVE_RATIO_MEASURE(8000.),#1247);
#1252=MEASURE_REPRESENTATION_ITEM('density measure',
POSITIVE_RATIO_MEASURE(8000.),#1248);
#1253=MEASURE_REPRESENTATION_ITEM('density measure',
POSITIVE_RATIO_MEASURE(8000.),#1249);
#1254=MEASURE_REPRESENTATION_ITEM('density measure',
POSITIVE_RATIO_MEASURE(8000.),#1250);
#1255=PROPERTY_DEFINITION_REPRESENTATION(#1275,#1263);
#1256=PROPERTY_DEFINITION_REPRESENTATION(#1276,#1264);
#1257=PROPERTY_DEFINITION_REPRESENTATION(#1277,#1265);
#1258=PROPERTY_DEFINITION_REPRESENTATION(#1278,#1266);
#1259=PROPERTY_DEFINITION_REPRESENTATION(#1279,#1267);
#1260=PROPERTY_DEFINITION_REPRESENTATION(#1280,#1268);
#1261=PROPERTY_DEFINITION_REPRESENTATION(#1281,#1269);
#1262=PROPERTY_DEFINITION_REPRESENTATION(#1282,#1270);
#1263=REPRESENTATION('material name',(#1271),#2438);
#1264=REPRESENTATION('density',(#1251),#2438);
#1265=REPRESENTATION('material name',(#1272),#2439);
#1266=REPRESENTATION('density',(#1252),#2439);
#1267=REPRESENTATION('material name',(#1273),#2440);
#1268=REPRESENTATION('density',(#1253),#2440);
#1269=REPRESENTATION('material name',(#1274),#2441);
#1270=REPRESENTATION('density',(#1254),#2441);
#1271=DESCRIPTIVE_REPRESENTATION_ITEM('Stainless Steel',
'Stainless Steel');
#1272=DESCRIPTIVE_REPRESENTATION_ITEM('Stainless Steel',
'Stainless Steel');
#1273=DESCRIPTIVE_REPRESENTATION_ITEM('Stainless Steel',
'Stainless Steel');
#1274=DESCRIPTIVE_REPRESENTATION_ITEM('Stainless Steel',
'Stainless Steel');
#1275=PROPERTY_DEFINITION('material property','material name',#2468);
#1276=PROPERTY_DEFINITION('material property','density of part',#2468);
#1277=PROPERTY_DEFINITION('material property','material name',#2469);
#1278=PROPERTY_DEFINITION('material property','density of part',#2469);
#1279=PROPERTY_DEFINITION('material property','material name',#2470);
#1280=PROPERTY_DEFINITION('material property','density of part',#2470);
#1281=PROPERTY_DEFINITION('material property','material name',#2471);
#1282=PROPERTY_DEFINITION('material property','density of part',#2471);
#1283=AXIS2_PLACEMENT_3D('',#1787,#1421,#1422);
#1284=AXIS2_PLACEMENT_3D('',#1788,#1423,#1424);
#1285=AXIS2_PLACEMENT_3D('',#1789,#1425,#1426);
#1286=AXIS2_PLACEMENT_3D('',#1792,#1427,#1428);
#1287=AXIS2_PLACEMENT_3D('',#1794,#1429,#1430);
#1288=AXIS2_PLACEMENT_3D('',#1795,#1431,#1432);
#1289=AXIS2_PLACEMENT_3D('',#1796,#1433,#1434);
#1290=AXIS2_PLACEMENT_3D('',#1797,#1435,#1436);
#1291=AXIS2_PLACEMENT_3D('',#1799,#1437,#1438);
#1292=AXIS2_PLACEMENT_3D('',#1801,#1440,#1441);
#1293=AXIS2_PLACEMENT_3D('',#1802,#1442,#1443);
#1294=AXIS2_PLACEMENT_3D('',#1803,#1444,#1445);
#1295=AXIS2_PLACEMENT_3D('',#1804,#1446,#1447);
#1296=AXIS2_PLACEMENT_3D('',#1807,#1448,#1449);
#1297=AXIS2_PLACEMENT_3D('',#1811,#1451,#1452);
#1298=AXIS2_PLACEMENT_3D('',#1813,#1454,#1455);
#1299=AXIS2_PLACEMENT_3D('',#1819,#1459,#1460);
#1300=AXIS2_PLACEMENT_3D('',#1822,#1461,#1462);
#1301=AXIS2_PLACEMENT_3D('',#1826,#1464,#1465);
#1302=AXIS2_PLACEMENT_3D('',#1828,#1467,#1468);
#1303=AXIS2_PLACEMENT_3D('',#1832,#1470,#1471);
#1304=AXIS2_PLACEMENT_3D('',#1836,#1473,#1474);
#1305=AXIS2_PLACEMENT_3D('',#1840,#1476,#1477);
#1306=AXIS2_PLACEMENT_3D('',#1844,#1479,#1480);
#1307=AXIS2_PLACEMENT_3D('',#1848,#1482,#1483);
#1308=AXIS2_PLACEMENT_3D('',#1852,#1485,#1486);
#1309=AXIS2_PLACEMENT_3D('',#1856,#1488,#1489);
#1310=AXIS2_PLACEMENT_3D('',#1860,#1491,#1492);
#1311=AXIS2_PLACEMENT_3D('',#1864,#1494,#1495);
#1312=AXIS2_PLACEMENT_3D('',#1867,#1497,#1498);
#1313=AXIS2_PLACEMENT_3D('',#1869,#1500,#1501);
#1314=AXIS2_PLACEMENT_3D('',#1873,#1504,#1505);
#1315=AXIS2_PLACEMENT_3D('',#1877,#1507,#1508);
#1316=AXIS2_PLACEMENT_3D('',#1879,#1510,#1511);
#1317=AXIS2_PLACEMENT_3D('',#1883,#1514,#1515);
#1318=AXIS2_PLACEMENT_3D('',#1884,#1516,#1517);
#1319=AXIS2_PLACEMENT_3D('',#1885,#1518,#1519);
#1320=AXIS2_PLACEMENT_3D('',#1888,#1520,#1521);
#1321=AXIS2_PLACEMENT_3D('',#1891,#1524,#1525);
#1322=AXIS2_PLACEMENT_3D('',#1893,#1527,#1528);
#1323=AXIS2_PLACEMENT_3D('',#1896,#1529,#1530);
#1324=AXIS2_PLACEMENT_3D('',#1899,#1533,#1534);
#1325=AXIS2_PLACEMENT_3D('',#1903,#1537,#1538);
#1326=AXIS2_PLACEMENT_3D('',#1905,#1539,#1540);
#1327=AXIS2_PLACEMENT_3D('',#1907,#1542,#1543);
#1328=AXIS2_PLACEMENT_3D('',#1910,#1544,#1545);
#1329=AXIS2_PLACEMENT_3D('',#1913,#1548,#1549);
#1330=AXIS2_PLACEMENT_3D('',#1915,#1551,#1552);
#1331=AXIS2_PLACEMENT_3D('',#1918,#1553,#1554);
#1332=AXIS2_PLACEMENT_3D('',#1921,#1557,#1558);
#1333=AXIS2_PLACEMENT_3D('',#1925,#1561,#1562);
#1334=AXIS2_PLACEMENT_3D('',#1927,#1563,#1564);
#1335=AXIS2_PLACEMENT_3D('',#1929,#1566,#1567);
#1336=AXIS2_PLACEMENT_3D('',#1931,#1568,#1569);
#1337=AXIS2_PLACEMENT_3D('',#1933,#1571,#1572);
#1338=AXIS2_PLACEMENT_3D('',#1937,#1575,#1576);
#1339=AXIS2_PLACEMENT_3D('',#1939,#1577,#1578);
#1340=AXIS2_PLACEMENT_3D('',#1941,#1580,#1581);
#1341=AXIS2_PLACEMENT_3D('',#1943,#1583,#1584);
#1342=AXIS2_PLACEMENT_3D('',#1945,#1586,#1587);
#1343=AXIS2_PLACEMENT_3D('',#1947,#1589,#1590);
#1344=AXIS2_PLACEMENT_3D('',#1949,#1592,#1593);
#1345=AXIS2_PLACEMENT_3D('',#1950,#1594,#1595);
#1346=AXIS2_PLACEMENT_3D('',#1951,#1596,#1597);
#1347=AXIS2_PLACEMENT_3D('',#1954,#1598,#1599);
#1348=AXIS2_PLACEMENT_3D('',#1958,#1601,#1602);
#1349=AXIS2_PLACEMENT_3D('',#1960,#1604,#1605);
#1350=AXIS2_PLACEMENT_3D('',#1964,#1607,#1608);
#1351=AXIS2_PLACEMENT_3D('',#1966,#1609,#1610);
#1352=AXIS2_PLACEMENT_3D('',#1968,#1611,#1612);
#1353=AXIS2_PLACEMENT_3D('',#1972,#1614,#1615);
#1354=AXIS2_PLACEMENT_3D('',#1973,#1616,#1617);
#1355=AXIS2_PLACEMENT_3D('',#1974,#1618,#1619);
#1356=AXIS2_PLACEMENT_3D('',#1978,#1622,#1623);
#1357=AXIS2_PLACEMENT_3D('',#1980,#1624,#1625);
#1358=AXIS2_PLACEMENT_3D('',#1982,#1627,#1628);
#1359=AXIS2_PLACEMENT_3D('',#1985,#1629,#1630);
#1360=AXIS2_PLACEMENT_3D('',#1988,#1633,#1634);
#1361=AXIS2_PLACEMENT_3D('',#1992,#1637,#1638);
#1362=AXIS2_PLACEMENT_3D('',#1994,#1639,#1640);
#1363=AXIS2_PLACEMENT_3D('',#1996,#1642,#1643);
#1364=AXIS2_PLACEMENT_3D('',#1997,#1644,#1645);
#1365=AXIS2_PLACEMENT_3D('',#1998,#1646,#1647);
#1366=AXIS2_PLACEMENT_3D('',#1999,#1648,#1649);
#1367=AXIS2_PLACEMENT_3D('',#2000,#1650,#1651);
#1368=AXIS2_PLACEMENT_3D('',#2001,#1652,#1653);
#1369=AXIS2_PLACEMENT_3D('',#2002,#1654,#1655);
#1370=AXIS2_PLACEMENT_3D('',#2005,#1656,#1657);
#1371=AXIS2_PLACEMENT_3D('',#2009,#1659,#1660);
#1372=AXIS2_PLACEMENT_3D('',#2011,#1662,#1663);
#1373=AXIS2_PLACEMENT_3D('',#2013,#1664,#1665);
#1374=AXIS2_PLACEMENT_3D('',#2016,#1667,#1668);
#1375=AXIS2_PLACEMENT_3D('',#2017,#1669,#1670);
#1376=AXIS2_PLACEMENT_3D('',#2021,#1672,#1673);
#1377=AXIS2_PLACEMENT_3D('',#2023,#1674,#1675);
#1378=AXIS2_PLACEMENT_3D('',#2025,#1676,#1677);
#1379=AXIS2_PLACEMENT_3D('',#2028,#1679,#1680);
#1380=AXIS2_PLACEMENT_3D('',#2029,#1681,#1682);
#1381=AXIS2_PLACEMENT_3D('',#2032,#1683,#1684);
#1382=AXIS2_PLACEMENT_3D('',#2035,#1687,#1688);
#1383=AXIS2_PLACEMENT_3D('',#2037,#1689,#1690);
#1384=AXIS2_PLACEMENT_3D('',#2039,#1692,#1693);
#1385=AXIS2_PLACEMENT_3D('',#2041,#1694,#1695);
#1386=AXIS2_PLACEMENT_3D('',#2043,#1697,#1698);
#1387=AXIS2_PLACEMENT_3D('',#2045,#1699,#1700);
#1388=AXIS2_PLACEMENT_3D('',#2047,#1702,#1703);
#1389=AXIS2_PLACEMENT_3D('',#2049,#1705,#1706);
#1390=AXIS2_PLACEMENT_3D('',#2051,#1708,#1709);
#1391=AXIS2_PLACEMENT_3D('',#2052,#1710,#1711);
#1392=AXIS2_PLACEMENT_3D('',#2054,#1712,#1713);
#1393=AXIS2_PLACEMENT_3D('',#2056,#1714,#1715);
#1394=AXIS2_PLACEMENT_3D('',#2058,#1716,#1717);
#1395=AXIS2_PLACEMENT_3D('',#2059,#1718,#1719);
#1396=AXIS2_PLACEMENT_3D('',#2060,#1720,#1721);
#1397=AXIS2_PLACEMENT_3D('',#2063,#1723,#1724);
#1398=AXIS2_PLACEMENT_3D('',#2066,#1725,#1726);
#1399=AXIS2_PLACEMENT_3D('',#2094,#1727,#1728);
#1400=AXIS2_PLACEMENT_3D('',#2122,#1729,#1730);
#1401=AXIS2_PLACEMENT_3D('',#2211,#1733,#1734);
#1402=AXIS2_PLACEMENT_3D('',#2216,#1737,#1738);
#1403=AXIS2_PLACEMENT_3D('',#2355,#1741,#1742);
#1404=AXIS2_PLACEMENT_3D('',#2360,#1745,#1746);
#1405=AXIS2_PLACEMENT_3D('',#2401,#1747,#1748);
#1406=AXIS2_PLACEMENT_3D('',#2405,#1750,#1751);
#1407=AXIS2_PLACEMENT_3D('',#2407,#1753,#1754);
#1408=AXIS2_PLACEMENT_3D('',#2410,#1756,#1757);
#1409=AXIS2_PLACEMENT_3D('',#2411,#1758,#1759);
#1410=AXIS2_PLACEMENT_3D('',#2415,#1762,#1763);
#1411=AXIS2_PLACEMENT_3D('',#2419,#1765,#1766);
#1412=AXIS2_PLACEMENT_3D('',#2421,#1768,#1769);
#1413=AXIS2_PLACEMENT_3D('',#2422,#1770,#1771);
#1414=AXIS2_PLACEMENT_3D('',#2423,#1772,#1773);
#1415=AXIS2_PLACEMENT_3D('',#2425,#1775,#1776);
#1416=AXIS2_PLACEMENT_3D('',#2426,#1777,#1778);
#1417=AXIS2_PLACEMENT_3D('',#2427,#1779,#1780);
#1418=AXIS2_PLACEMENT_3D('',#2428,#1781,#1782);
#1419=AXIS2_PLACEMENT_3D('',#2429,#1783,#1784);
#1420=AXIS2_PLACEMENT_3D('',#2430,#1785,#1786);
#1421=DIRECTION('axis',(0.,0.,1.));
#1422=DIRECTION('refdir',(1.,0.,0.));
#1423=DIRECTION('axis',(0.,0.,1.));
#1424=DIRECTION('refdir',(1.,0.,0.));
#1425=DIRECTION('center_axis',(-2.22044604925031E-16,0.,-1.));
#1426=DIRECTION('ref_axis',(-1.,0.,2.22044604925031E-16));
#1427=DIRECTION('center_axis',(2.22044604925031E-16,0.,1.));
#1428=DIRECTION('ref_axis',(0.,1.,0.));
#1429=DIRECTION('center_axis',(-1.22464679914735E-16,-1.,2.71926214689378E-32));
#1430=DIRECTION('ref_axis',(1.,-1.22464679914735E-16,-2.22654617575924E-16));
#1431=DIRECTION('center_axis',(-2.22044604925031E-16,0.,-1.));
#1432=DIRECTION('ref_axis',(0.,1.,0.));
#1433=DIRECTION('center_axis',(2.22044604925031E-16,0.,1.));
#1434=DIRECTION('ref_axis',(0.,1.,0.));
#1435=DIRECTION('center_axis',(-2.22044604925031E-16,0.,-1.));
#1436=DIRECTION('ref_axis',(0.,1.,0.));
#1437=DIRECTION('center_axis',(2.22044604925031E-16,0.,1.));
#1438=DIRECTION('ref_axis',(0.,1.,0.));
#1439=DIRECTION('',(2.22044604925031E-16,0.,1.));
#1440=DIRECTION('center_axis',(-2.22044604925031E-16,0.,-1.));
#1441=DIRECTION('ref_axis',(0.,1.,0.));
#1442=DIRECTION('center_axis',(2.22044604925031E-16,0.,1.));
#1443=DIRECTION('ref_axis',(1.,0.,-2.22044604925031E-16));
#1444=DIRECTION('axis',(0.,0.,1.));
#1445=DIRECTION('refdir',(1.,0.,0.));
#1446=DIRECTION('center_axis',(0.,0.,1.));
#1447=DIRECTION('ref_axis',(0.707106781186548,-0.707106781186548,0.));
#1448=DIRECTION('center_axis',(-2.22044604925031E-16,0.,-1.));
#1449=DIRECTION('ref_axis',(0.707106781186548,-0.707106781186548,0.));
#1450=DIRECTION('',(0.,0.,1.));
#1451=DIRECTION('center_axis',(0.,0.,1.));
#1452=DIRECTION('ref_axis',(0.707106781186548,-0.707106781186548,0.));
#1453=DIRECTION('',(0.,0.,-1.));
#1454=DIRECTION('center_axis',(0.,1.,0.));
#1455=DIRECTION('ref_axis',(-1.,0.,2.22044604925031E-16));
#1456=DIRECTION('',(1.,0.,-2.22044604925031E-16));
#1457=DIRECTION('',(0.,0.,-1.));
#1458=DIRECTION('',(-1.,0.,2.22044604925031E-16));
#1459=DIRECTION('center_axis',(0.,0.,1.));
#1460=DIRECTION('ref_axis',(-0.707106781186547,0.707106781186548,0.));
#1461=DIRECTION('center_axis',(0.,0.,-1.));
#1462=DIRECTION('ref_axis',(-0.707106781186547,0.707106781186548,0.));
#1463=DIRECTION('',(0.,0.,-1.));
#1464=DIRECTION('center_axis',(2.22044604925031E-16,0.,1.));
#1465=DIRECTION('ref_axis',(-0.707106781186547,0.707106781186548,0.));
#1466=DIRECTION('',(0.,0.,1.));
#1467=DIRECTION('center_axis',(2.22044604925031E-16,0.,1.));
#1468=DIRECTION('ref_axis',(-1.,0.,2.22044604925031E-16));
#1469=DIRECTION('',(1.,0.,-2.22044604925031E-16));
#1470=DIRECTION('center_axis',(2.22044604925031E-16,0.,1.));
#1471=DIRECTION('ref_axis',(0.707106781186547,0.707106781186548,0.));
#1472=DIRECTION('',(0.,-1.,0.));
#1473=DIRECTION('center_axis',(-2.22044604925031E-16,0.,-1.));
#1474=DIRECTION('ref_axis',(-0.707106781186548,-0.707106781186548,0.));
#1475=DIRECTION('',(1.,0.,-2.22044604925031E-16));
#1476=DIRECTION('center_axis',(2.22044604925031E-16,0.,1.));
#1477=DIRECTION('ref_axis',(0.707106781186548,0.707106781186547,0.));
#1478=DIRECTION('',(0.,-1.,0.));
#1479=DIRECTION('center_axis',(2.22044604925031E-16,0.,1.));
#1480=DIRECTION('ref_axis',(0.707106781186548,-0.707106781186547,0.));
#1481=DIRECTION('',(-1.,0.,2.22044604925031E-16));
#1482=DIRECTION('center_axis',(-2.22044604925031E-16,0.,-1.));
#1483=DIRECTION('ref_axis',(-0.707106781186548,0.707106781186548,0.));
#1484=DIRECTION('',(0.,-1.,0.));
#1485=DIRECTION('center_axis',(2.22044604925031E-16,0.,1.));
#1486=DIRECTION('ref_axis',(0.707106781186547,-0.707106781186548,0.));
#1487=DIRECTION('',(-1.,0.,2.22044604925031E-16));
#1488=DIRECTION('center_axis',(2.22044604925031E-16,0.,1.));
#1489=DIRECTION('ref_axis',(-0.707106781186547,-0.707106781186548,0.));
#1490=DIRECTION('',(0.,1.,0.));
#1491=DIRECTION('center_axis',(-2.22044604925031E-16,0.,-1.));
#1492=DIRECTION('ref_axis',(0.707106781186548,0.707106781186548,0.));
#1493=DIRECTION('',(-1.,0.,2.22044604925031E-16));
#1494=DIRECTION('center_axis',(2.22044604925031E-16,0.,1.));
#1495=DIRECTION('ref_axis',(-0.707106781186548,-0.707106781186547,0.));
#1496=DIRECTION('',(0.,1.,0.));
#1497=DIRECTION('center_axis',(2.22044604925031E-16,0.,1.));
#1498=DIRECTION('ref_axis',(-0.707106781186548,0.707106781186547,0.));
#1499=DIRECTION('',(0.,1.,0.));
#1500=DIRECTION('center_axis',(0.,1.,0.));
#1501=DIRECTION('ref_axis',(-1.,0.,2.22044604925031E-16));
#1502=DIRECTION('',(-1.,0.,2.22044604925031E-16));
#1503=DIRECTION('',(0.,0.,1.));
#1504=DIRECTION('center_axis',(0.,0.,1.));
#1505=DIRECTION('ref_axis',(-0.707106781186548,-0.707106781186548,0.));
#1506=DIRECTION('',(0.,0.,1.));
#1507=DIRECTION('center_axis',(0.,0.,1.));
#1508=DIRECTION('ref_axis',(-0.707106781186548,-0.707106781186548,0.));
#1509=DIRECTION('',(0.,0.,-1.));
#1510=DIRECTION('center_axis',(1.,0.,0.));
#1511=DIRECTION('ref_axis',(0.,1.,0.));
#1512=DIRECTION('',(0.,0.,-1.));
#1513=DIRECTION('',(0.,1.,0.));
#1514=DIRECTION('center_axis',(0.,0.,1.));
#1515=DIRECTION('ref_axis',(0.707106781186547,0.707106781186548,0.));
#1516=DIRECTION('center_axis',(0.,0.,-1.));
#1517=DIRECTION('ref_axis',(0.707106781186547,0.707106781186548,0.));
#1518=DIRECTION('center_axis',(0.,0.,1.));
#1519=DIRECTION('ref_axis',(0.707106781186548,0.707106781186547,0.));
#1520=DIRECTION('center_axis',(0.,0.,-1.));
#1521=DIRECTION('ref_axis',(0.707106781186548,0.707106781186547,0.));
#1522=DIRECTION('',(0.,0.,-1.));
#1523=DIRECTION('',(0.,0.,1.));
#1524=DIRECTION('center_axis',(0.,1.,0.));
#1525=DIRECTION('ref_axis',(-1.,0.,2.22044604925031E-16));
#1526=DIRECTION('',(-1.,0.,2.22044604925031E-16));
#1527=DIRECTION('center_axis',(0.,0.,1.));
#1528=DIRECTION('ref_axis',(0.707106781186548,-0.707106781186547,0.));
#1529=DIRECTION('center_axis',(0.,0.,-1.));
#1530=DIRECTION('ref_axis',(0.707106781186548,-0.707106781186547,0.));
#1531=DIRECTION('',(0.,0.,-1.));
#1532=DIRECTION('',(0.,0.,1.));
#1533=DIRECTION('center_axis',(0.,-1.,0.));
#1534=DIRECTION('ref_axis',(1.,0.,-2.22044604925031E-16));
#1535=DIRECTION('',(1.,0.,-2.22044604925031E-16));
#1536=DIRECTION('',(0.,0.,1.));
#1537=DIRECTION('center_axis',(0.,0.,1.));
#1538=DIRECTION('ref_axis',(-0.707106781186548,0.707106781186548,0.));
#1539=DIRECTION('center_axis',(0.,0.,1.));
#1540=DIRECTION('ref_axis',(-0.707106781186548,0.707106781186548,0.));
#1541=DIRECTION('',(0.,0.,-1.));
#1542=DIRECTION('center_axis',(0.,0.,1.));
#1543=DIRECTION('ref_axis',(0.707106781186547,-0.707106781186548,0.));
#1544=DIRECTION('center_axis',(0.,0.,-1.));
#1545=DIRECTION('ref_axis',(0.707106781186547,-0.707106781186548,0.));
#1546=DIRECTION('',(0.,0.,-1.));
#1547=DIRECTION('',(0.,0.,1.));
#1548=DIRECTION('center_axis',(1.,0.,0.));
#1549=DIRECTION('ref_axis',(0.,1.,0.));
#1550=DIRECTION('',(0.,1.,0.));
#1551=DIRECTION('center_axis',(0.,0.,1.));
#1552=DIRECTION('ref_axis',(-0.707106781186547,-0.707106781186548,0.));
#1553=DIRECTION('center_axis',(0.,0.,-1.));
#1554=DIRECTION('ref_axis',(-0.707106781186547,-0.707106781186548,0.));
#1555=DIRECTION('',(0.,0.,-1.));
#1556=DIRECTION('',(0.,0.,1.));
#1557=DIRECTION('center_axis',(-1.,0.,0.));
#1558=DIRECTION('ref_axis',(0.,-1.,0.));
#1559=DIRECTION('',(0.,-1.,0.));
#1560=DIRECTION('',(0.,0.,1.));
#1561=DIRECTION('center_axis',(0.,0.,1.));
#1562=DIRECTION('ref_axis',(0.707106781186548,0.707106781186548,0.));
#1563=DIRECTION('center_axis',(0.,0.,1.));
#1564=DIRECTION('ref_axis',(0.707106781186548,0.707106781186548,0.));
#1565=DIRECTION('',(0.,0.,-1.));
#1566=DIRECTION('center_axis',(0.,0.,1.));
#1567=DIRECTION('ref_axis',(-0.707106781186548,0.707106781186547,0.));
#1568=DIRECTION('center_axis',(0.,0.,-1.));
#1569=DIRECTION('ref_axis',(-0.707106781186548,0.707106781186547,0.));
#1570=DIRECTION('',(0.,0.,1.));
#1571=DIRECTION('center_axis',(-1.,0.,0.));
#1572=DIRECTION('ref_axis',(0.,-1.,0.));
#1573=DIRECTION('',(0.,0.,-1.));
#1574=DIRECTION('',(0.,-1.,0.));
#1575=DIRECTION('center_axis',(0.,0.,1.));
#1576=DIRECTION('ref_axis',(-0.707106781186548,-0.707106781186547,0.));
#1577=DIRECTION('center_axis',(0.,0.,-1.));
#1578=DIRECTION('ref_axis',(-0.707106781186548,-0.707106781186547,0.));
#1579=DIRECTION('',(0.,0.,1.));
#1580=DIRECTION('center_axis',(1.,0.,0.));
#1581=DIRECTION('ref_axis',(0.,1.,0.));
#1582=DIRECTION('',(0.,1.,0.));
#1583=DIRECTION('center_axis',(0.,-1.,0.));
#1584=DIRECTION('ref_axis',(1.,0.,-2.22044604925031E-16));
#1585=DIRECTION('',(1.,0.,-2.22044604925031E-16));
#1586=DIRECTION('center_axis',(0.,-1.,0.));
#1587=DIRECTION('ref_axis',(1.,0.,-2.22044604925031E-16));
#1588=DIRECTION('',(1.,0.,-2.22044604925031E-16));
#1589=DIRECTION('center_axis',(-1.,0.,0.));
#1590=DIRECTION('ref_axis',(0.,-1.,0.));
#1591=DIRECTION('',(0.,-1.,0.));
#1592=DIRECTION('center_axis',(0.,0.,1.));
#1593=DIRECTION('ref_axis',(1.,0.,0.));
#1594=DIRECTION('axis',(0.,0.,1.));
#1595=DIRECTION('refdir',(1.,0.,0.));
#1596=DIRECTION('center_axis',(0.,0.,-1.));
#1597=DIRECTION('ref_axis',(0.668977476599571,0.743282675569981,0.));
#1598=DIRECTION('center_axis',(2.22044604925031E-16,0.,1.));
#1599=DIRECTION('ref_axis',(0.668977476599571,0.743282675569981,0.));
#1600=DIRECTION('',(0.,0.,1.));
#1601=DIRECTION('center_axis',(-2.22044604925031E-16,0.,-1.));
#1602=DIRECTION('ref_axis',(0.668977476599571,0.743282675569981,0.));
#1603=DIRECTION('',(0.,0.,-1.));
#1604=DIRECTION('center_axis',(-2.22044604925031E-16,0.,-1.));
#1605=DIRECTION('ref_axis',(1.,0.,-2.22044604925031E-16));
#1606=DIRECTION('',(1.,0.,-2.22044604925031E-16));
#1607=DIRECTION('center_axis',(-2.22044604925031E-16,0.,-1.));
#1608=DIRECTION('ref_axis',(-0.743066106927105,0.66921802182562,0.));
#1609=DIRECTION('center_axis',(-2.22044604925031E-16,0.,-1.));
#1610=DIRECTION('ref_axis',(1.,0.,-2.22044604925031E-16));
#1611=DIRECTION('center_axis',(-2.22044604925031E-16,0.,-1.));
#1612=DIRECTION('ref_axis',(0.743066106927105,0.66921802182562,0.));
#1613=DIRECTION('',(1.,0.,-2.22044604925031E-16));
#1614=DIRECTION('center_axis',(-2.22044604925031E-16,0.,-1.));
#1615=DIRECTION('ref_axis',(-0.668977476599572,0.743282675569981,0.));
#1616=DIRECTION('center_axis',(-2.22044604925031E-16,0.,-1.));
#1617=DIRECTION('ref_axis',(1.,0.,-2.22044604925031E-16));
#1618=DIRECTION('center_axis',(0.,1.,0.));
#1619=DIRECTION('ref_axis',(1.,0.,-2.22044604925031E-16));
#1620=DIRECTION('',(1.,0.,-2.22044604925031E-16));
#1621=DIRECTION('',(0.,0.,-1.));
#1622=DIRECTION('center_axis',(0.,0.,-1.));
#1623=DIRECTION('ref_axis',(-0.743066106927105,0.66921802182562,0.));
#1624=DIRECTION('center_axis',(2.22044604925031E-16,0.,1.));
#1625=DIRECTION('ref_axis',(-0.743066106927105,0.66921802182562,0.));
#1626=DIRECTION('',(0.,0.,1.));
#1627=DIRECTION('center_axis',(0.,0.,-1.));
#1628=DIRECTION('ref_axis',(-0.668977476599572,0.743282675569981,0.));
#1629=DIRECTION('center_axis',(2.22044604925031E-16,0.,1.));
#1630=DIRECTION('ref_axis',(-0.668977476599572,0.743282675569981,0.));
#1631=DIRECTION('',(0.,0.,1.));
#1632=DIRECTION('',(0.,0.,-1.));
#1633=DIRECTION('center_axis',(0.,1.,0.));
#1634=DIRECTION('ref_axis',(1.,0.,-2.22044604925031E-16));
#1635=DIRECTION('',(0.,0.,1.));
#1636=DIRECTION('',(1.,0.,-2.22044604925031E-16));
#1637=DIRECTION('center_axis',(0.,0.,-1.));
#1638=DIRECTION('ref_axis',(0.743066106927105,0.66921802182562,0.));
#1639=DIRECTION('center_axis',(2.22044604925031E-16,0.,1.));
#1640=DIRECTION('ref_axis',(0.743066106927105,0.66921802182562,0.));
#1641=DIRECTION('',(0.,0.,-1.));
#1642=DIRECTION('center_axis',(0.,0.,-1.));
#1643=DIRECTION('ref_axis',(1.,0.,0.));
#1644=DIRECTION('center_axis',(2.22044604925031E-16,0.,1.));
#1645=DIRECTION('ref_axis',(1.,0.,-2.22044604925031E-16));
#1646=DIRECTION('center_axis',(0.,0.,-1.));
#1647=DIRECTION('ref_axis',(1.,0.,0.));
#1648=DIRECTION('center_axis',(-2.22044604925031E-16,0.,-1.));
#1649=DIRECTION('ref_axis',(1.,0.,-2.22044604925031E-16));
#1650=DIRECTION('center_axis',(-2.22044604925031E-16,0.,-1.));
#1651=DIRECTION('ref_axis',(1.,0.,-2.22044604925031E-16));
#1652=DIRECTION('axis',(0.,0.,1.));
#1653=DIRECTION('refdir',(1.,0.,0.));
#1654=DIRECTION('center_axis',(0.,0.,-1.));
#1655=DIRECTION('ref_axis',(-0.743066106927105,-0.66921802182562,0.));
#1656=DIRECTION('center_axis',(2.22044604925031E-16,0.,1.));
#1657=DIRECTION('ref_axis',(-0.743066106927105,-0.66921802182562,0.));
#1658=DIRECTION('',(0.,0.,1.));
#1659=DIRECTION('center_axis',(-2.22044604925031E-16,0.,-1.));
#1660=DIRECTION('ref_axis',(-0.743066106927105,-0.66921802182562,0.));
#1661=DIRECTION('',(0.,0.,-1.));
#1662=DIRECTION('center_axis',(0.,0.,-1.));
#1663=DIRECTION('ref_axis',(1.,0.,0.));
#1664=DIRECTION('center_axis',(-2.22044604925031E-16,0.,-1.));
#1665=DIRECTION('ref_axis',(1.,0.,-2.22044604925031E-16));
#1666=DIRECTION('',(0.,0.,1.));
#1667=DIRECTION('center_axis',(-2.22044604925031E-16,0.,-1.));
#1668=DIRECTION('ref_axis',(1.,0.,-2.22044604925031E-16));
#1669=DIRECTION('center_axis',(-2.22044604925031E-16,0.,-1.));
#1670=DIRECTION('ref_axis',(1.,0.,-2.22044604925031E-16));
#1671=DIRECTION('',(-1.,0.,2.22044604925031E-16));
#1672=DIRECTION('center_axis',(-2.22044604925031E-16,0.,-1.));
#1673=DIRECTION('ref_axis',(0.668977476599571,-0.743282675569981,0.));
#1674=DIRECTION('center_axis',(-2.22044604925031E-16,0.,-1.));
#1675=DIRECTION('ref_axis',(1.,0.,-2.22044604925031E-16));
#1676=DIRECTION('center_axis',(-2.22044604925031E-16,0.,-1.));
#1677=DIRECTION('ref_axis',(-0.668977476599572,-0.743282675569981,0.));
#1678=DIRECTION('',(-1.,0.,2.22044604925031E-16));
#1679=DIRECTION('center_axis',(-2.22044604925031E-16,0.,-1.));
#1680=DIRECTION('ref_axis',(0.743066106927105,-0.66921802182562,0.));
#1681=DIRECTION('center_axis',(0.,0.,-1.));
#1682=DIRECTION('ref_axis',(0.668977476599571,-0.743282675569981,0.));
#1683=DIRECTION('center_axis',(2.22044604925031E-16,0.,1.));
#1684=DIRECTION('ref_axis',(0.668977476599571,-0.743282675569981,0.));
#1685=DIRECTION('',(0.,0.,1.));
#1686=DIRECTION('',(0.,0.,-1.));
#1687=DIRECTION('center_axis',(0.,0.,-1.));
#1688=DIRECTION('ref_axis',(1.,0.,0.));
#1689=DIRECTION('center_axis',(2.22044604925031E-16,0.,1.));
#1690=DIRECTION('ref_axis',(1.,0.,-2.22044604925031E-16));
#1691=DIRECTION('',(0.,0.,-1.));
#1692=DIRECTION('center_axis',(0.,0.,-1.));
#1693=DIRECTION('ref_axis',(-0.668977476599572,-0.743282675569981,0.));
#1694=DIRECTION('center_axis',(2.22044604925031E-16,0.,1.));
#1695=DIRECTION('ref_axis',(-0.668977476599572,-0.743282675569981,0.));
#1696=DIRECTION('',(0.,0.,1.));
#1697=DIRECTION('center_axis',(0.,0.,-1.));
#1698=DIRECTION('ref_axis',(0.743066106927105,-0.66921802182562,0.));
#1699=DIRECTION('center_axis',(2.22044604925031E-16,0.,1.));
#1700=DIRECTION('ref_axis',(0.743066106927105,-0.66921802182562,0.));
#1701=DIRECTION('',(0.,0.,-1.));
#1702=DIRECTION('center_axis',(0.,-1.,0.));
#1703=DIRECTION('ref_axis',(-1.,0.,2.22044604925031E-16));
#1704=DIRECTION('',(-1.,0.,2.22044604925031E-16));
#1705=DIRECTION('center_axis',(0.,-1.,0.));
#1706=DIRECTION('ref_axis',(-1.,0.,2.22044604925031E-16));
#1707=DIRECTION('',(-1.,0.,2.22044604925031E-16));
#1708=DIRECTION('center_axis',(-2.22044604925031E-16,0.,-1.));
#1709=DIRECTION('ref_axis',(1.,0.,-2.22044604925031E-16));
#1710=DIRECTION('center_axis',(-2.22044604925031E-16,0.,-1.));
#1711=DIRECTION('ref_axis',(-1.,0.,2.3424485794289E-16));
#1712=DIRECTION('center_axis',(2.22044604925031E-16,0.,1.));
#1713=DIRECTION('ref_axis',(-6.77250090333973E-34,1.,1.50379728743649E-49));
#1714=DIRECTION('center_axis',(-1.22464679914735E-16,-1.,2.71926214689378E-32));
#1715=DIRECTION('ref_axis',(1.,-1.22464679914735E-16,-2.44005060357177E-16));
#1716=DIRECTION('center_axis',(-2.22044604925031E-16,0.,-1.));
#1717=DIRECTION('ref_axis',(-6.77250090333973E-34,1.,0.));
#1718=DIRECTION('center_axis',(-2.22044604925031E-16,0.,-1.));
#1719=DIRECTION('ref_axis',(-6.77250090333973E-34,1.,0.));
#1720=DIRECTION('center_axis',(-2.22044604925031E-16,0.,-1.));
#1721=DIRECTION('ref_axis',(0.,1.,0.));
#1722=DIRECTION('',(2.22044604925031E-16,0.,1.));
#1723=DIRECTION('center_axis',(2.22044604925031E-16,0.,1.));
#1724=DIRECTION('ref_axis',(0.,1.,0.));
#1725=DIRECTION('center_axis',(0.,0.,1.));
#1726=DIRECTION('ref_axis',(0.,1.,0.));
#1727=DIRECTION('center_axis',(0.,0.,-1.));
#1728=DIRECTION('ref_axis',(0.,1.,0.));
#1729=DIRECTION('center_axis',(-2.22044604925031E-16,0.,-1.));
#1730=DIRECTION('ref_axis',(0.,1.,0.));
#1731=DIRECTION('',(-0.0827453828092822,-0.703799981348899,0.705562745528018));
#1732=DIRECTION('',(0.0827453828092826,0.703799981348899,0.705562745528018));
#1733=DIRECTION('center_axis',(0.,0.,1.));
#1734=DIRECTION('ref_axis',(0.,1.,0.));
#1735=DIRECTION('',(-0.0450683442954064,0.705669075659737,0.70710678118655));
#1736=DIRECTION('',(-0.045068344295406,-0.705669075659737,-0.70710678118655));
#1737=DIRECTION('center_axis',(0.,0.,1.));
#1738=DIRECTION('ref_axis',(0.,1.,0.));
#1739=DIRECTION('',(-0.0827453828092838,0.703799981348899,-0.705562745528018));
#1740=DIRECTION('',(0.0827453828092284,-0.703799981348899,-0.705562745528024));
#1741=DIRECTION('center_axis',(0.,0.,-1.));
#1742=DIRECTION('ref_axis',(0.,1.,0.));
#1743=DIRECTION('',(0.0450683442954064,0.705669075659737,-0.70710678118655));
#1744=DIRECTION('',(0.0450683442954064,-0.705669075659737,0.70710678118655));
#1745=DIRECTION('center_axis',(0.,0.,-1.));
#1746=DIRECTION('ref_axis',(0.,1.,0.));
#1747=DIRECTION('center_axis',(0.,-1.,0.));
#1748=DIRECTION('ref_axis',(0.,0.,1.));
#1749=DIRECTION('',(0.,-1.,0.));
#1750=DIRECTION('center_axis',(0.,-1.,0.));
#1751=DIRECTION('ref_axis',(0.,0.,1.));
#1752=DIRECTION('',(0.,-1.,0.));
#1753=DIRECTION('center_axis',(0.,-1.,0.));
#1754=DIRECTION('ref_axis',(1.,0.,0.));
#1755=DIRECTION('',(0.,-1.,0.));
#1756=DIRECTION('center_axis',(0.,-1.,0.));
#1757=DIRECTION('ref_axis',(1.,0.,0.));
#1758=DIRECTION('center_axis',(0.,0.,-1.));
#1759=DIRECTION('ref_axis',(1.,0.,0.));
#1760=DIRECTION('',(0.,-1.,0.));
#1761=DIRECTION('',(1.,0.,0.));
#1762=DIRECTION('center_axis',(0.,-1.,0.));
#1763=DIRECTION('ref_axis',(-1.,0.,0.));
#1764=DIRECTION('',(0.,-1.,0.));
#1765=DIRECTION('center_axis',(0.,-1.,0.));
#1766=DIRECTION('ref_axis',(-1.,0.,0.));
#1767=DIRECTION('',(0.,-1.,0.));
#1768=DIRECTION('center_axis',(0.,-1.,0.));
#1769=DIRECTION('ref_axis',(0.,0.,-1.));
#1770=DIRECTION('center_axis',(0.,-1.,0.));
#1771=DIRECTION('ref_axis',(0.,0.,-1.));
#1772=DIRECTION('center_axis',(0.,0.,1.));
#1773=DIRECTION('ref_axis',(-1.,0.,0.));
#1774=DIRECTION('',(-1.,0.,0.));
#1775=DIRECTION('center_axis',(0.,1.,0.));
#1776=DIRECTION('ref_axis',(1.,0.,0.));
#1777=DIRECTION('center_axis',(2.22044604925031E-16,0.,1.));
#1778=DIRECTION('ref_axis',(1.,0.,-2.22044604925031E-16));
#1779=DIRECTION('',(0.,0.,1.));
#1780=DIRECTION('',(1.,0.,0.));
#1781=DIRECTION('',(0.,0.,1.));
#1782=DIRECTION('',(1.,0.,0.));
#1783=DIRECTION('',(0.,0.,1.));
#1784=DIRECTION('',(1.,0.,0.));
#1785=DIRECTION('',(0.,0.,1.));
#1786=DIRECTION('',(1.,0.,0.));
#1787=CARTESIAN_POINT('',(0.,0.,0.));
#1788=CARTESIAN_POINT('',(0.,0.,0.));
#1789=CARTESIAN_POINT('Origin',(-2.22044604925031E-16,0.,-1.));
#1790=CARTESIAN_POINT('',(5.35009833119542E-15,-45.5,-1.));
#1791=CARTESIAN_POINT('',(45.5,-5.57214293612046E-15,-1.00000000000001));
#1792=CARTESIAN_POINT('Origin',(-2.22044604925031E-16,0.,-1.));
#1793=CARTESIAN_POINT('',(44.5,-5.44967825620572E-15,-9.86710713135608E-15));
#1794=CARTESIAN_POINT('Origin',(44.5,-5.44967825620572E-15,-1.00000000000001));
#1795=CARTESIAN_POINT('Origin',(0.,0.,0.));
#1796=CARTESIAN_POINT('Origin',(-2.22044604925031E-16,0.,-1.));
#1797=CARTESIAN_POINT('Origin',(0.,0.,0.));
#1798=CARTESIAN_POINT('',(5.12805372627039E-15,-45.5,-2.));
#1799=CARTESIAN_POINT('Origin',(-4.44089209850063E-16,0.,-2.));
#1800=CARTESIAN_POINT('',(-5.57214293612046E-15,-45.5,1.23726427683667E-30));
#1801=CARTESIAN_POINT('Origin',(0.,0.,0.));
#1802=CARTESIAN_POINT('Origin',(8.88178419700125E-16,0.,-2.));
#1803=CARTESIAN_POINT('',(0.,0.,0.));
#1804=CARTESIAN_POINT('Origin',(-3.,3.,4.44089209850063E-16));
#1805=CARTESIAN_POINT('',(-2.,3.,4.44089209850063E-16));
#1806=CARTESIAN_POINT('',(-3.,2.,6.66133814775094E-16));
#1807=CARTESIAN_POINT('Origin',(-3.,3.,0.));
#1808=CARTESIAN_POINT('',(-3.,2.,0.500000000000001));
#1809=CARTESIAN_POINT('',(-3.,2.,4.44089209850063E-16));
#1810=CARTESIAN_POINT('',(-2.,3.,0.5));
#1811=CARTESIAN_POINT('Origin',(-3.,3.,0.5));
#1812=CARTESIAN_POINT('',(-2.,3.,4.44089209850063E-16));
#1813=CARTESIAN_POINT('Origin',(-2.,2.,4.44089209850063E-16));
#1814=CARTESIAN_POINT('',(-12.,2.,2.66453525910037E-15));
#1815=CARTESIAN_POINT('',(-13.,2.,2.88657986402541E-15));
#1816=CARTESIAN_POINT('',(-12.,2.,0.500000000000003));
#1817=CARTESIAN_POINT('',(-12.,2.,1.66533453693773E-15));
#1818=CARTESIAN_POINT('',(-13.,2.,0.500000000000003));
#1819=CARTESIAN_POINT('Origin',(-1.,12.,0.));
#1820=CARTESIAN_POINT('',(-2.,12.,0.5));
#1821=CARTESIAN_POINT('',(-1.,13.,0.5));
#1822=CARTESIAN_POINT('Origin',(-1.,12.,0.5));
#1823=CARTESIAN_POINT('',(-1.,13.,2.22044604925031E-16));
#1824=CARTESIAN_POINT('',(-1.,13.,0.));
#1825=CARTESIAN_POINT('',(-2.,12.,4.44089209850063E-16));
#1826=CARTESIAN_POINT('Origin',(-1.,12.,0.));
#1827=CARTESIAN_POINT('',(-2.,12.,0.));
#1828=CARTESIAN_POINT('Origin',(0.,0.,0.));
#1829=CARTESIAN_POINT('',(1.,13.,-2.22044604925031E-16));
#1830=CARTESIAN_POINT('',(-2.,13.,4.44089209850063E-16));
#1831=CARTESIAN_POINT('',(2.,12.,-4.44089209850063E-16));
#1832=CARTESIAN_POINT('Origin',(1.,12.,0.));
#1833=CARTESIAN_POINT('',(2.,3.,-4.44089209850063E-16));
#1834=CARTESIAN_POINT('',(2.,13.,-4.44089209850063E-16));
#1835=CARTESIAN_POINT('',(3.,2.,-6.66133814775094E-16));
#1836=CARTESIAN_POINT('Origin',(3.,3.,0.));
#1837=CARTESIAN_POINT('',(12.,2.,-2.66453525910037E-15));
#1838=CARTESIAN_POINT('',(-13.,2.,2.88657986402541E-15));
#1839=CARTESIAN_POINT('',(13.,1.,-2.88657986402541E-15));
#1840=CARTESIAN_POINT('Origin',(12.,1.,0.));
#1841=CARTESIAN_POINT('',(13.,-1.,-2.88657986402541E-15));
#1842=CARTESIAN_POINT('',(13.,2.,-2.88657986402541E-15));
#1843=CARTESIAN_POINT('',(12.,-2.,-2.66453525910037E-15));
#1844=CARTESIAN_POINT('Origin',(12.,-1.,0.));
#1845=CARTESIAN_POINT('',(3.,-2.,-6.66133814775094E-16));
#1846=CARTESIAN_POINT('',(13.,-2.,-2.88657986402541E-15));
#1847=CARTESIAN_POINT('',(2.,-3.,-4.44089209850063E-16));
#1848=CARTESIAN_POINT('Origin',(3.,-3.,0.));
#1849=CARTESIAN_POINT('',(2.,-12.,-4.44089209850063E-16));
#1850=CARTESIAN_POINT('',(2.,13.,-4.44089209850063E-16));
#1851=CARTESIAN_POINT('',(1.,-13.,-2.22044604925031E-16));
#1852=CARTESIAN_POINT('Origin',(1.,-12.,0.));
#1853=CARTESIAN_POINT('',(-1.,-13.,2.22044604925031E-16));
#1854=CARTESIAN_POINT('',(2.,-13.,-4.44089209850063E-16));
#1855=CARTESIAN_POINT('',(-2.,-12.,4.44089209850063E-16));
#1856=CARTESIAN_POINT('Origin',(-1.,-12.,0.));
#1857=CARTESIAN_POINT('',(-2.,-3.,4.44089209850063E-16));
#1858=CARTESIAN_POINT('',(-2.,-13.,4.44089209850063E-16));
#1859=CARTESIAN_POINT('',(-3.,-2.,6.66133814775094E-16));
#1860=CARTESIAN_POINT('Origin',(-3.,-3.,0.));
#1861=CARTESIAN_POINT('',(-12.,-2.,2.66453525910037E-15));
#1862=CARTESIAN_POINT('',(13.,-2.,-2.88657986402541E-15));
#1863=CARTESIAN_POINT('',(-13.,-1.,2.88657986402541E-15));
#1864=CARTESIAN_POINT('Origin',(-12.,-1.,0.));
#1865=CARTESIAN_POINT('',(-13.,1.,2.88657986402541E-15));
#1866=CARTESIAN_POINT('',(-13.,-2.,2.88657986402541E-15));
#1867=CARTESIAN_POINT('Origin',(-12.,1.,0.));
#1868=CARTESIAN_POINT('',(-2.,-13.,4.44089209850063E-16));
#1869=CARTESIAN_POINT('Origin',(2.,13.,-4.44089209850063E-16));
#1870=CARTESIAN_POINT('',(1.,13.,0.5));
#1871=CARTESIAN_POINT('',(-2.,13.,0.5));
#1872=CARTESIAN_POINT('',(1.,13.,-4.44089209850063E-16));
#1873=CARTESIAN_POINT('Origin',(3.,3.,-1.66533453693773E-15));
#1874=CARTESIAN_POINT('',(2.,3.,0.5));
#1875=CARTESIAN_POINT('',(2.,3.,-1.66533453693773E-15));
#1876=CARTESIAN_POINT('',(3.,2.,0.499999999999999));
#1877=CARTESIAN_POINT('Origin',(3.,3.,0.5));
#1878=CARTESIAN_POINT('',(3.,2.,-1.66533453693773E-15));
#1879=CARTESIAN_POINT('Origin',(2.,2.,-4.44089209850063E-16));
#1880=CARTESIAN_POINT('',(2.,12.,0.5));
#1881=CARTESIAN_POINT('',(2.,12.,-4.44089209850063E-16));
#1882=CARTESIAN_POINT('',(2.,13.,0.5));
#1883=CARTESIAN_POINT('Origin',(1.,12.,-4.44089209850063E-16));
#1884=CARTESIAN_POINT('Origin',(1.,12.,0.5));
#1885=CARTESIAN_POINT('Origin',(12.,1.,-2.88657986402541E-15));
#1886=CARTESIAN_POINT('',(12.,2.,0.499999999999997));
#1887=CARTESIAN_POINT('',(13.,1.,0.499999999999997));
#1888=CARTESIAN_POINT('Origin',(12.,1.,0.5));
#1889=CARTESIAN_POINT('',(13.,1.,-2.88657986402541E-15));
#1890=CARTESIAN_POINT('',(12.,2.,-2.88657986402541E-15));
#1891=CARTESIAN_POINT('Origin',(13.,2.,-2.88657986402541E-15));
#1892=CARTESIAN_POINT('',(-13.,2.,0.500000000000003));
#1893=CARTESIAN_POINT('Origin',(12.,-1.,-1.66533453693773E-15));
#1894=CARTESIAN_POINT('',(13.,-1.,0.499999999999997));
#1895=CARTESIAN_POINT('',(12.,-2.,0.499999999999997));
#1896=CARTESIAN_POINT('Origin',(12.,-1.,0.5));
#1897=CARTESIAN_POINT('',(12.,-2.,-1.66533453693773E-15));
#1898=CARTESIAN_POINT('',(13.,-1.,-1.66533453693773E-15));
#1899=CARTESIAN_POINT('Origin',(2.,-2.,-4.44089209850063E-16));
#1900=CARTESIAN_POINT('',(3.,-2.,0.499999999999999));
#1901=CARTESIAN_POINT('',(13.,-2.,0.499999999999997));
#1902=CARTESIAN_POINT('',(3.,-2.,-4.44089209850063E-16));
#1903=CARTESIAN_POINT('Origin',(3.,-3.,-4.44089209850063E-16));
#1904=CARTESIAN_POINT('',(2.,-3.,0.5));
#1905=CARTESIAN_POINT('Origin',(3.,-3.,0.5));
#1906=CARTESIAN_POINT('',(2.,-3.,-4.44089209850063E-16));
#1907=CARTESIAN_POINT('Origin',(1.,-12.,0.));
#1908=CARTESIAN_POINT('',(2.,-12.,0.5));
#1909=CARTESIAN_POINT('',(1.,-13.,0.5));
#1910=CARTESIAN_POINT('Origin',(1.,-12.,0.5));
#1911=CARTESIAN_POINT('',(1.,-13.,0.));
#1912=CARTESIAN_POINT('',(2.,-12.,0.));
#1913=CARTESIAN_POINT('Origin',(2.,-13.,-4.44089209850063E-16));
#1914=CARTESIAN_POINT('',(2.,13.,0.5));
#1915=CARTESIAN_POINT('Origin',(-1.,-12.,4.44089209850063E-16));
#1916=CARTESIAN_POINT('',(-1.,-13.,0.5));
#1917=CARTESIAN_POINT('',(-2.,-12.,0.5));
#1918=CARTESIAN_POINT('Origin',(-1.,-12.,0.5));
#1919=CARTESIAN_POINT('',(-2.,-12.,4.44089209850063E-16));
#1920=CARTESIAN_POINT('',(-1.,-13.,4.44089209850063E-16));
#1921=CARTESIAN_POINT('Origin',(-2.,-2.,4.44089209850063E-16));
#1922=CARTESIAN_POINT('',(-2.,-3.,0.5));
#1923=CARTESIAN_POINT('',(-2.,-13.,0.5));
#1924=CARTESIAN_POINT('',(-2.,-3.,1.66533453693773E-15));
#1925=CARTESIAN_POINT('Origin',(-3.,-3.,1.66533453693773E-15));
#1926=CARTESIAN_POINT('',(-3.,-2.,0.500000000000001));
#1927=CARTESIAN_POINT('Origin',(-3.,-3.,0.5));
#1928=CARTESIAN_POINT('',(-3.,-2.,1.66533453693773E-15));
#1929=CARTESIAN_POINT('Origin',(-12.,1.,1.66533453693773E-15));
#1930=CARTESIAN_POINT('',(-13.,1.,0.500000000000003));
#1931=CARTESIAN_POINT('Origin',(-12.,1.,0.5));
#1932=CARTESIAN_POINT('',(-13.,1.,1.66533453693773E-15));
#1933=CARTESIAN_POINT('Origin',(-13.,2.,2.88657986402541E-15));
#1934=CARTESIAN_POINT('',(-13.,-1.,0.500000000000003));
#1935=CARTESIAN_POINT('',(-13.,-1.,2.88657986402541E-15));
#1936=CARTESIAN_POINT('',(-13.,-2.,0.500000000000003));
#1937=CARTESIAN_POINT('Origin',(-12.,-1.,2.88657986402541E-15));
#1938=CARTESIAN_POINT('',(-12.,-2.,0.500000000000003));
#1939=CARTESIAN_POINT('Origin',(-12.,-1.,0.5));
#1940=CARTESIAN_POINT('',(-12.,-2.,2.88657986402541E-15));
#1941=CARTESIAN_POINT('Origin',(13.,-2.,-2.88657986402541E-15));
#1942=CARTESIAN_POINT('',(13.,2.,0.499999999999997));
#1943=CARTESIAN_POINT('Origin',(-2.,-13.,4.44089209850063E-16));
#1944=CARTESIAN_POINT('',(2.,-13.,0.5));
#1945=CARTESIAN_POINT('Origin',(-13.,-2.,2.88657986402541E-15));
#1946=CARTESIAN_POINT('',(13.,-2.,0.499999999999997));
#1947=CARTESIAN_POINT('Origin',(-2.,13.,4.44089209850063E-16));
#1948=CARTESIAN_POINT('',(-2.,-13.,0.5));
#1949=CARTESIAN_POINT('Origin',(0.,0.,0.5));
#1950=CARTESIAN_POINT('',(0.,0.,0.));
#1951=CARTESIAN_POINT('Origin',(-32.2211110919534,-3.40000000000001,-12.));
#1952=CARTESIAN_POINT('',(-29.834362122179,-3.14814814814815,-12.4));
#1953=CARTESIAN_POINT('',(-32.2211110919534,-1.,-12.4));
#1954=CARTESIAN_POINT('Origin',(-32.2211110919534,-3.40000000000001,-12.4));
#1955=CARTESIAN_POINT('',(-32.2211110919534,-1.,-12.));
#1956=CARTESIAN_POINT('',(-32.2211110919534,-1.,-12.));
#1957=CARTESIAN_POINT('',(-29.834362122179,-3.14814814814815,-12.));
#1958=CARTESIAN_POINT('Origin',(-32.2211110919534,-3.40000000000001,-12.));
#1959=CARTESIAN_POINT('',(-29.834362122179,-3.14814814814815,-12.));
#1960=CARTESIAN_POINT('Origin',(-2.66453525910038E-15,-18.,-12.));
#1961=CARTESIAN_POINT('',(-32.4222146066551,-1.,-12.));
#1962=CARTESIAN_POINT('',(-38.1794711943559,-1.,-12.));
#1963=CARTESIAN_POINT('',(-34.8091261114395,-3.65030674846625,-12.));
#1964=CARTESIAN_POINT('Origin',(-32.4222146066551,-3.4,-12.));
#1965=CARTESIAN_POINT('',(34.8091261114395,-3.65030674846626,-12.));
#1966=CARTESIAN_POINT('Origin',(-2.66453525910038E-15,0.,-12.));
#1967=CARTESIAN_POINT('',(32.4222146066551,-1.,-12.));
#1968=CARTESIAN_POINT('Origin',(32.4222146066551,-3.4,-12.));
#1969=CARTESIAN_POINT('',(32.2211110919534,-1.,-12.));
#1970=CARTESIAN_POINT('',(-38.1794711943559,-1.,-12.));
#1971=CARTESIAN_POINT('',(29.834362122179,-3.14814814814815,-12.));
#1972=CARTESIAN_POINT('Origin',(32.2211110919534,-3.4,-12.));
#1973=CARTESIAN_POINT('Origin',(-2.66453525910038E-15,0.,-12.));
#1974=CARTESIAN_POINT('Origin',(-34.9857113690718,-1.,-12.));
#1975=CARTESIAN_POINT('',(-32.4222146066551,-1.,-12.4));
#1976=CARTESIAN_POINT('',(-38.1794711943559,-1.,-12.4));
#1977=CARTESIAN_POINT('',(-32.4222146066551,-1.,-12.));
#1978=CARTESIAN_POINT('Origin',(-32.4222146066551,-3.4,-12.));
#1979=CARTESIAN_POINT('',(-34.8091261114395,-3.65030674846625,-12.4));
#1980=CARTESIAN_POINT('Origin',(-32.4222146066551,-3.4,-12.4));
#1981=CARTESIAN_POINT('',(-34.8091261114395,-3.65030674846625,-12.));
#1982=CARTESIAN_POINT('Origin',(32.2211110919534,-3.4,-12.));
#1983=CARTESIAN_POINT('',(32.2211110919534,-1.,-12.4));
#1984=CARTESIAN_POINT('',(29.834362122179,-3.14814814814815,-12.4));
#1985=CARTESIAN_POINT('Origin',(32.2211110919534,-3.4,-12.4));
#1986=CARTESIAN_POINT('',(29.834362122179,-3.14814814814815,-12.));
#1987=CARTESIAN_POINT('',(32.2211110919534,-1.,-12.));
#1988=CARTESIAN_POINT('Origin',(29.9833287011299,-1.,-12.));
#1989=CARTESIAN_POINT('',(32.4222146066551,-1.,-12.4));
#1990=CARTESIAN_POINT('',(32.4222146066551,-1.,-12.));
#1991=CARTESIAN_POINT('',(-38.1794711943559,-1.,-12.4));
#1992=CARTESIAN_POINT('Origin',(32.4222146066551,-3.4,-12.));
#1993=CARTESIAN_POINT('',(34.8091261114395,-3.65030674846626,-12.4));
#1994=CARTESIAN_POINT('Origin',(32.4222146066551,-3.4,-12.4));
#1995=CARTESIAN_POINT('',(34.8091261114395,-3.65030674846626,-12.));
#1996=CARTESIAN_POINT('Origin',(-2.66453525910038E-15,0.,-12.));
#1997=CARTESIAN_POINT('Origin',(-2.66453525910038E-15,0.,-12.4));
#1998=CARTESIAN_POINT('Origin',(-2.66453525910038E-15,0.,-12.));
#1999=CARTESIAN_POINT('Origin',(-2.66453525910038E-15,0.,-12.4));
#2000=CARTESIAN_POINT('Origin',(-2.66453525910038E-15,-18.,-12.4));
#2001=CARTESIAN_POINT('',(0.,0.,0.));
#2002=CARTESIAN_POINT('Origin',(-32.4222146066551,3.4,-12.));
#2003=CARTESIAN_POINT('',(-34.8091261114395,3.65030674846625,-12.4));
#2004=CARTESIAN_POINT('',(-32.4222146066551,1.,-12.4));
#2005=CARTESIAN_POINT('Origin',(-32.4222146066551,3.4,-12.4));
#2006=CARTESIAN_POINT('',(-32.4222146066551,1.,-12.));
#2007=CARTESIAN_POINT('',(-32.4222146066551,1.,-12.));
#2008=CARTESIAN_POINT('',(-34.8091261114395,3.65030674846625,-12.));
#2009=CARTESIAN_POINT('Origin',(-32.4222146066551,3.4,-12.));
#2010=CARTESIAN_POINT('',(-34.8091261114395,3.65030674846625,-12.));
#2011=CARTESIAN_POINT('Origin',(-2.66453525910038E-15,0.,-12.));
#2012=CARTESIAN_POINT('',(34.8091261114395,3.65030674846626,-12.));
#2013=CARTESIAN_POINT('Origin',(-2.66453525910038E-15,0.,-12.));
#2014=CARTESIAN_POINT('',(34.8091261114395,3.65030674846626,-12.4));
#2015=CARTESIAN_POINT('',(34.8091261114395,3.65030674846626,-12.));
#2016=CARTESIAN_POINT('Origin',(-2.66453525910038E-15,0.,-12.4));
#2017=CARTESIAN_POINT('Origin',(-2.66453525910038E-15,18.,-12.));
#2018=CARTESIAN_POINT('',(-32.2211110919534,1.,-12.));
#2019=CARTESIAN_POINT('',(38.1794711943559,1.,-12.));
#2020=CARTESIAN_POINT('',(-29.834362122179,3.14814814814815,-12.));
#2021=CARTESIAN_POINT('Origin',(-32.2211110919534,3.40000000000001,-12.));
#2022=CARTESIAN_POINT('',(29.834362122179,3.14814814814815,-12.));
#2023=CARTESIAN_POINT('Origin',(-2.66453525910038E-15,0.,-12.));
#2024=CARTESIAN_POINT('',(32.2211110919534,1.,-12.));
#2025=CARTESIAN_POINT('Origin',(32.2211110919534,3.4,-12.));
#2026=CARTESIAN_POINT('',(32.4222146066551,1.,-12.));
#2027=CARTESIAN_POINT('',(38.1794711943559,1.,-12.));
#2028=CARTESIAN_POINT('Origin',(32.4222146066551,3.4,-12.));
#2029=CARTESIAN_POINT('Origin',(-32.2211110919534,3.40000000000001,-12.));
#2030=CARTESIAN_POINT('',(-32.2211110919534,1.,-12.4));
#2031=CARTESIAN_POINT('',(-29.834362122179,3.14814814814815,-12.4));
#2032=CARTESIAN_POINT('Origin',(-32.2211110919534,3.40000000000001,-12.4));
#2033=CARTESIAN_POINT('',(-29.834362122179,3.14814814814815,-12.));
#2034=CARTESIAN_POINT('',(-32.2211110919534,1.,-12.));
#2035=CARTESIAN_POINT('Origin',(-2.66453525910038E-15,0.,-12.));
#2036=CARTESIAN_POINT('',(29.834362122179,3.14814814814815,-12.4));
#2037=CARTESIAN_POINT('Origin',(-2.66453525910038E-15,0.,-12.4));
#2038=CARTESIAN_POINT('',(29.834362122179,3.14814814814815,-12.));
#2039=CARTESIAN_POINT('Origin',(32.2211110919534,3.4,-12.));
#2040=CARTESIAN_POINT('',(32.2211110919534,1.,-12.4));
#2041=CARTESIAN_POINT('Origin',(32.2211110919534,3.4,-12.4));
#2042=CARTESIAN_POINT('',(32.2211110919534,1.,-12.));
#2043=CARTESIAN_POINT('Origin',(32.4222146066551,3.4,-12.));
#2044=CARTESIAN_POINT('',(32.4222146066551,1.,-12.4));
#2045=CARTESIAN_POINT('Origin',(32.4222146066551,3.4,-12.4));
#2046=CARTESIAN_POINT('',(32.4222146066551,1.,-12.));
#2047=CARTESIAN_POINT('Origin',(34.9857113690718,1.,-12.));
#2048=CARTESIAN_POINT('',(38.1794711943559,1.,-12.4));
#2049=CARTESIAN_POINT('Origin',(-29.9833287011299,1.,-12.));
#2050=CARTESIAN_POINT('',(38.1794711943559,1.,-12.4));
#2051=CARTESIAN_POINT('Origin',(-2.66453525910038E-15,18.,-12.4));
#2052=CARTESIAN_POINT('Origin',(-2.55351295663786E-15,0.,-11.5));
#2053=CARTESIAN_POINT('',(45.,-5.51091059616309E-15,-12.));
#2054=CARTESIAN_POINT('Origin',(-2.66453525910038E-15,0.,-12.));
#2055=CARTESIAN_POINT('',(45.5,-5.57214293612045E-15,-11.5));
#2056=CARTESIAN_POINT('Origin',(45.,-5.51091059616309E-15,-11.5));
#2057=CARTESIAN_POINT('',(-8.12565589275832E-15,-45.5,-11.5));
#2058=CARTESIAN_POINT('Origin',(-2.55351295663786E-15,0.,-11.5));
#2059=CARTESIAN_POINT('Origin',(-2.55351295663786E-15,0.,-11.5));
#2060=CARTESIAN_POINT('Origin',(0.,0.,0.));
#2061=CARTESIAN_POINT('',(5.12805372627039E-15,-45.5,-2.));
#2062=CARTESIAN_POINT('',(-5.57214293612046E-15,-45.5,1.23726427683667E-30));
#2063=CARTESIAN_POINT('Origin',(-4.44089209850063E-16,0.,-2.));
#2064=CARTESIAN_POINT('',(2.9,45.4074883692106,-9.4999998509884));
#2065=CARTESIAN_POINT('',(-2.9,45.4074883692106,-9.4999998509884));
#2066=CARTESIAN_POINT('Origin',(-2.10942371370057E-15,0.,-9.4999998509884));
#2067=CARTESIAN_POINT('',(3.01691858622242,45.3998700685817,-9.49695417622458));
#2068=CARTESIAN_POINT('Ctrl Pts',(3.01691858622288,45.3998700685817,-9.49695417622455));
#2069=CARTESIAN_POINT('Ctrl Pts',(2.97766743107505,45.4024783918945,-9.49900063062143));
#2070=CARTESIAN_POINT('Ctrl Pts',(2.93865942547399,45.4050193417903,-9.49999985098839));
#2071=CARTESIAN_POINT('Ctrl Pts',(2.9,45.4074883692106,-9.49999985098839));
#2072=CARTESIAN_POINT('',(5.14421601011998,45.2082629796946,-7.29999985098729));
#2073=CARTESIAN_POINT('Ctrl Pts',(5.14421601011998,45.2082629796946,-7.29999985098729));
#2074=CARTESIAN_POINT('Ctrl Pts',(5.13730875154717,45.2090489517226,-7.6120225339549));
#2075=CARTESIAN_POINT('Ctrl Pts',(4.97510128809929,45.2277785340781,-8.27558489806226));
#2076=CARTESIAN_POINT('Ctrl Pts',(4.43167270721652,45.2853010142484,-8.96541254547863));
#2077=CARTESIAN_POINT('Ctrl Pts',(3.73714627919286,45.3480186798388,-9.38149876487924));
#2078=CARTESIAN_POINT('Ctrl Pts',(3.25018235907034,45.3843691913604,-9.48479240234103));
#2079=CARTESIAN_POINT('Ctrl Pts',(3.01691858622242,45.3998700685817,-9.49695417622458));
#2080=CARTESIAN_POINT('',(3.01691858622242,45.3998700685817,-5.10304552575221));
#2081=CARTESIAN_POINT('Ctrl Pts',(3.01691858622242,45.3998700685817,-5.10304552575221));
#2082=CARTESIAN_POINT('Ctrl Pts',(3.32793695004597,45.3792022322849,-5.11926122426497));
#2083=CARTESIAN_POINT('Ctrl Pts',(3.98355495277804,45.3280495183566,-5.30194673904848));
#2084=CARTESIAN_POINT('Ctrl Pts',(4.65202845627787,45.2624239227385,-5.86151022641817));
#2085=CARTESIAN_POINT('Ctrl Pts',(5.0524048214065,45.2188625411663,-6.57685196248508));
#2086=CARTESIAN_POINT('Ctrl Pts',(5.13903556626171,45.2088524587075,-7.06598284199672));
#2087=CARTESIAN_POINT('Ctrl Pts',(5.14421601011993,45.2082629796946,-7.29999985098728));
#2088=CARTESIAN_POINT('',(2.9,45.4074883692106,-5.09999985098839));
#2089=CARTESIAN_POINT('Ctrl Pts',(2.9,45.4074883692106,-5.09999985098839));
#2090=CARTESIAN_POINT('Ctrl Pts',(2.938659425474,45.4050193417903,-5.09999985098839));
#2091=CARTESIAN_POINT('Ctrl Pts',(2.97766743107505,45.4024783918945,-5.10099907135535));
#2092=CARTESIAN_POINT('Ctrl Pts',(3.01691858622288,45.3998700685817,-5.10304552575223));
#2093=CARTESIAN_POINT('',(-2.9,45.4074883692106,-5.09999985098839));
#2094=CARTESIAN_POINT('Origin',(-1.13242745203044E-15,0.,-5.09999985098839));
#2095=CARTESIAN_POINT('',(-3.01691858622234,45.3998700685818,-5.1030455257522));
#2096=CARTESIAN_POINT('Ctrl Pts',(-3.0169185862228,45.3998700685817,-5.10304552575222));
#2097=CARTESIAN_POINT('Ctrl Pts',(-2.97766743107497,45.4024783918945,-5.10099907135535));
#2098=CARTESIAN_POINT('Ctrl Pts',(-2.93865942547391,45.4050193417903,-5.09999985098839));
#2099=CARTESIAN_POINT('Ctrl Pts',(-2.89999999999992,45.4074883692106,-5.09999985098839));
#2100=CARTESIAN_POINT('',(-5.14421601011997,45.2082629796946,-7.29999985098449));
#2101=CARTESIAN_POINT('Ctrl Pts',(-5.14421601012001,45.2082629796946,-7.29999985098607));
#2102=CARTESIAN_POINT('Ctrl Pts',(-5.14047941690215,45.2086881639726,-7.13120613512538));
#2103=CARTESIAN_POINT('Ctrl Pts',(-5.095881841494,45.2138085259211,-6.78586183341381));
#2104=CARTESIAN_POINT('Ctrl Pts',(-4.86500078460509,45.239460268711,-6.19676327282803));
#2105=CARTESIAN_POINT('Ctrl Pts',(-4.44532891290941,45.2835225602054,-5.65822740435067));
#2106=CARTESIAN_POINT('Ctrl Pts',(-4.0056597075327,45.3239663480553,-5.37405998464147));
#2107=CARTESIAN_POINT('Ctrl Pts',(-3.52093905185303,45.3642061123218,-5.17206442176005));
#2108=CARTESIAN_POINT('Ctrl Pts',(-3.26423079368523,45.3834356427967,-5.11593974892744));
#2109=CARTESIAN_POINT('Ctrl Pts',(-3.01691858622234,45.3998700685818,-5.1030455257522));
#2110=CARTESIAN_POINT('',(-3.01691858622242,45.3998700685817,-9.49695417622458));
#2111=CARTESIAN_POINT('Ctrl Pts',(-3.01691858622242,45.3998700685817,-9.49695417622458));
#2112=CARTESIAN_POINT('Ctrl Pts',(-3.32793695004644,45.3792022322849,-9.48073847771179));
#2113=CARTESIAN_POINT('Ctrl Pts',(-3.98355516221111,45.3280494528597,-9.29805212803267));
#2114=CARTESIAN_POINT('Ctrl Pts',(-4.65202869937261,45.2624238771647,-8.73848902533343));
#2115=CARTESIAN_POINT('Ctrl Pts',(-5.05240505311675,45.2188624975622,-8.02314734699036));
#2116=CARTESIAN_POINT('Ctrl Pts',(-5.13903556626234,45.2088524587074,-7.53401685997534));
#2117=CARTESIAN_POINT('Ctrl Pts',(-5.14421601012004,45.2082629796946,-7.29999985098449));
#2118=CARTESIAN_POINT('Ctrl Pts',(-2.9,45.4074883692106,-9.49999985098839));
#2119=CARTESIAN_POINT('Ctrl Pts',(-2.93865942547399,45.4050193417903,-9.49999985098839));
#2120=CARTESIAN_POINT('Ctrl Pts',(-2.97766743107505,45.4024783918945,-9.49900063062143));
#2121=CARTESIAN_POINT('Ctrl Pts',(-3.01691858622288,45.3998700685817,-9.49695417622455));
#2122=CARTESIAN_POINT('Origin',(-2.66453525910038E-15,0.,-12.));
#2123=CARTESIAN_POINT('Ctrl Pts',(3.01691858622242,45.3998700685817,-9.49695417622458));
#2124=CARTESIAN_POINT('Ctrl Pts',(3.25018235907034,45.3843691913604,-9.48479240234103));
#2125=CARTESIAN_POINT('Ctrl Pts',(3.73714627919286,45.3480186798388,-9.38149876487924));
#2126=CARTESIAN_POINT('Ctrl Pts',(4.43167270721652,45.2853010142484,-8.96541254547863));
#2127=CARTESIAN_POINT('Ctrl Pts',(4.97510128809929,45.2277785340781,-8.27558489806226));
#2128=CARTESIAN_POINT('Ctrl Pts',(5.13730875154717,45.2090489517226,-7.6120225339549));
#2129=CARTESIAN_POINT('Ctrl Pts',(5.14421601011998,45.2082629796946,-7.29999985098729));
#2130=CARTESIAN_POINT('Ctrl Pts',(2.97794573905191,45.0683822182031,-9.16463606781251));
#2131=CARTESIAN_POINT('Ctrl Pts',(3.17596309153496,45.0552760528838,-9.15652821703636));
#2132=CARTESIAN_POINT('Ctrl Pts',(3.5910037748008,45.0247931833386,-9.07382847156391));
#2133=CARTESIAN_POINT('Ctrl Pts',(4.18921892411613,44.9726875606415,-8.7256326660091));
#2134=CARTESIAN_POINT('Ctrl Pts',(4.66360076658135,44.9251002210623,-8.13679134443748));
#2135=CARTESIAN_POINT('Ctrl Pts',(4.80661375973576,44.9096173251903,-7.56316582193584));
#2136=CARTESIAN_POINT('Ctrl Pts',(4.81269258559931,44.9089675637252,-7.29325248706588));
#2137=CARTESIAN_POINT('Ctrl Pts',(2.93897289188141,44.7368943678245,-8.83231795940045));
#2138=CARTESIAN_POINT('Ctrl Pts',(3.10174382399959,44.7261829144072,-8.82826403173168));
#2139=CARTESIAN_POINT('Ctrl Pts',(3.44486127040875,44.7015676868385,-8.76615817824859));
#2140=CARTESIAN_POINT('Ctrl Pts',(3.94676514101575,44.6600741070345,-8.48585278653957));
#2141=CARTESIAN_POINT('Ctrl Pts',(4.35210024506341,44.6224219080464,-7.99799779081269));
#2142=CARTESIAN_POINT('Ctrl Pts',(4.47591876792435,44.6101856986581,-7.51430910991679));
#2143=CARTESIAN_POINT('Ctrl Pts',(4.48116916107864,44.6096721477559,-7.28650512314448));
#2144=CARTESIAN_POINT('Ctrl Pts',(2.9000000447109,44.4054065174459,-8.49999985098839));
#2145=CARTESIAN_POINT('Ctrl Pts',(3.02752455646421,44.3970897759306,-8.499999846427));
#2146=CARTESIAN_POINT('Ctrl Pts',(3.2987187660167,44.3783421903384,-8.45848788493326));
#2147=CARTESIAN_POINT('Ctrl Pts',(3.70431135791537,44.3474606534275,-8.24607290707004));
#2148=CARTESIAN_POINT('Ctrl Pts',(4.04059972354547,44.3197435950305,-7.85920423718791));
#2149=CARTESIAN_POINT('Ctrl Pts',(4.14522377611294,44.3107540721258,-7.46545239789773));
#2150=CARTESIAN_POINT('Ctrl Pts',(4.14964573655796,44.3103767317865,-7.27975775922307));
#2151=CARTESIAN_POINT('',(2.90000004452234,44.4054065145546,-8.49999985098839));
#2152=CARTESIAN_POINT('',(3.01691858622242,45.3998700685817,-9.49695417622458));
#2153=CARTESIAN_POINT('',(4.14899959967968,44.3104318661702,-7.29999985098839));
#2154=CARTESIAN_POINT('Ctrl Pts',(2.9000000447109,44.4054065174459,-8.49999985098839));
#2155=CARTESIAN_POINT('Ctrl Pts',(3.02752455646421,44.3970897759306,-8.499999846427));
#2156=CARTESIAN_POINT('Ctrl Pts',(3.2987187660167,44.3783421903384,-8.45848788493326));
#2157=CARTESIAN_POINT('Ctrl Pts',(3.70431135791537,44.3474606534275,-8.24607290707004));
#2158=CARTESIAN_POINT('Ctrl Pts',(4.03616581197309,44.3201090402808,-7.86430504247199));
#2159=CARTESIAN_POINT('Ctrl Pts',(4.14138428529466,44.3110836879362,-7.47969224492548));
#2160=CARTESIAN_POINT('Ctrl Pts',(4.14897647434186,44.310433952923,-7.2999989221007));
#2161=CARTESIAN_POINT('Ctrl Pts',(4.14897444926548,44.3104341262281,-7.30004682749757));
#2162=CARTESIAN_POINT('Ctrl Pts',(4.23471988936578,44.3877555920588,-7.30003633068099));
#2163=CARTESIAN_POINT('Ctrl Pts',(4.32405764477144,44.4683309746651,-7.30003516255386));
#2164=CARTESIAN_POINT('Ctrl Pts',(4.41290412379908,44.5484718193144,-7.30002759701308));
#2165=CARTESIAN_POINT('Ctrl Pts',(4.49218508468515,44.6199844244232,-7.3000208460045));
#2166=CARTESIAN_POINT('Ctrl Pts',(4.57107478743156,44.6911510265267,-7.30001196311329));
#2167=CARTESIAN_POINT('Ctrl Pts',(4.64667102269403,44.7593507677665,-7.30000889796374));
#2168=CARTESIAN_POINT('Ctrl Pts',(4.77548372829636,44.8755601684064,-7.30000367508187));
#2169=CARTESIAN_POINT('Ctrl Pts',(4.90885606978585,44.9958955021784,-7.30000286658516));
#2170=CARTESIAN_POINT('Ctrl Pts',(5.03919929492346,45.1135046077302,-7.30000079399715));
#2171=CARTESIAN_POINT('Ctrl Pts',(5.0744769170995,45.1453357181369,-7.30000023304758));
#2172=CARTESIAN_POINT('Ctrl Pts',(5.10953264259609,45.176967125176,-7.29999985095369));
#2173=CARTESIAN_POINT('Ctrl Pts',(5.14421600692413,45.2082629768101,-7.29999985095367));
#2174=CARTESIAN_POINT('Ctrl Pts',(5.14421601011993,45.2082629796946,-7.29999985098728));
#2175=CARTESIAN_POINT('Ctrl Pts',(5.13903556626171,45.2088524587075,-7.06598284199672));
#2176=CARTESIAN_POINT('Ctrl Pts',(5.0524048214065,45.2188625411663,-6.57685196248508));
#2177=CARTESIAN_POINT('Ctrl Pts',(4.65202845627787,45.2624239227385,-5.86151022641817));
#2178=CARTESIAN_POINT('Ctrl Pts',(3.98355495277804,45.3280495183566,-5.30194673904848));
#2179=CARTESIAN_POINT('Ctrl Pts',(3.32793695004597,45.3792022322849,-5.11926122426497));
#2180=CARTESIAN_POINT('Ctrl Pts',(3.01691858622242,45.3998700685817,-5.10304552575221));
#2181=CARTESIAN_POINT('Ctrl Pts',(4.81269258559926,44.9089675637252,-7.30674721490899));
#2182=CARTESIAN_POINT('Ctrl Pts',(4.80813346626443,44.9094548848174,-7.10431221655506));
#2183=CARTESIAN_POINT('Ctrl Pts',(4.73176670433234,44.9177282197966,-6.68127394376127));
#2184=CARTESIAN_POINT('Ctrl Pts',(4.38113415935289,44.9537612741627,-6.06704028048939));
#2185=CARTESIAN_POINT('Ctrl Pts',(3.80176665499562,45.0081302377427,-5.59440051829616));
#2186=CARTESIAN_POINT('Ctrl Pts',(3.24196887571832,45.0509073311092,-5.44617410186673));
#2187=CARTESIAN_POINT('Ctrl Pts',(2.97794573905191,45.0683822182031,-5.43536363416427));
#2188=CARTESIAN_POINT('Ctrl Pts',(4.4811691610786,44.6096721477559,-7.31349457883069));
#2189=CARTESIAN_POINT('Ctrl Pts',(4.47723136626715,44.6100573109272,-7.1426415911134));
#2190=CARTESIAN_POINT('Ctrl Pts',(4.41112858725819,44.6165938984268,-6.78569592503746));
#2191=CARTESIAN_POINT('Ctrl Pts',(4.11023986242792,44.6450986255868,-6.2725703345606));
#2192=CARTESIAN_POINT('Ctrl Pts',(3.61997835721319,44.6882109571288,-5.88685429754384));
#2193=CARTESIAN_POINT('Ctrl Pts',(3.15600080139068,44.7226124299335,-5.77308697946849));
#2194=CARTESIAN_POINT('Ctrl Pts',(2.93897289188141,44.7368943678245,-5.76768174257633));
#2195=CARTESIAN_POINT('Ctrl Pts',(4.14964573655793,44.3103767317865,-7.32024194275239));
#2196=CARTESIAN_POINT('Ctrl Pts',(4.14632926626987,44.3106597370371,-7.18097096567174));
#2197=CARTESIAN_POINT('Ctrl Pts',(4.09049047018403,44.315459577057,-6.89011790631365));
#2198=CARTESIAN_POINT('Ctrl Pts',(3.83934556550295,44.336435977011,-6.47810038863181));
#2199=CARTESIAN_POINT('Ctrl Pts',(3.43819005943076,44.3682916765148,-6.17930807679151));
#2200=CARTESIAN_POINT('Ctrl Pts',(3.07003272706303,44.3943175287578,-6.09999985707024));
#2201=CARTESIAN_POINT('Ctrl Pts',(2.9000000447109,44.4054065174459,-6.09999985098839));
#2202=CARTESIAN_POINT('',(2.90000004452234,44.4054065145546,-6.09999985098839));
#2203=CARTESIAN_POINT('Ctrl Pts',(4.14899226700795,44.3104326062985,-7.30000013969134));
#2204=CARTESIAN_POINT('Ctrl Pts',(4.14357412436965,44.310896351437,-7.16693420513295));
#2205=CARTESIAN_POINT('Ctrl Pts',(4.08684773783318,44.3157638293404,-6.88414179645514));
#2206=CARTESIAN_POINT('Ctrl Pts',(3.83934556550295,44.336435977011,-6.47810038863181));
#2207=CARTESIAN_POINT('Ctrl Pts',(3.43819005943076,44.3682916765148,-6.17930807679151));
#2208=CARTESIAN_POINT('Ctrl Pts',(3.07003272706303,44.3943175287578,-6.09999985707024));
#2209=CARTESIAN_POINT('Ctrl Pts',(2.9000000447109,44.4054065174459,-6.09999985098839));
#2210=CARTESIAN_POINT('',(2.90000004452234,44.4054065145546,-6.09999985098839));
#2211=CARTESIAN_POINT('Origin',(-1.13242745203044E-15,0.,-5.59999985098839));
#2212=CARTESIAN_POINT('',(-2.83626373626374,44.4095215918654,-6.09999985098839));
#2213=CARTESIAN_POINT('',(-2.83626373626374,44.4095215918654,-6.09999985098839));
#2214=CARTESIAN_POINT('',(2.83626373626374,44.4095215918654,-6.09999985098839));
#2215=CARTESIAN_POINT('',(2.9,45.4074883692106,-5.09999985098839));
#2216=CARTESIAN_POINT('Origin',(-1.13242745203044E-15,0.,-6.09999985098839));
#2217=CARTESIAN_POINT('Ctrl Pts',(3.01691858622288,45.3998700685817,-5.10304552575223));
#2218=CARTESIAN_POINT('Ctrl Pts',(2.97766743107505,45.4024783918945,-5.10099907135535));
#2219=CARTESIAN_POINT('Ctrl Pts',(2.938659425474,45.4050193417903,-5.09999985098839));
#2220=CARTESIAN_POINT('Ctrl Pts',(2.9,45.4074883692106,-5.09999985098839));
#2221=CARTESIAN_POINT('Ctrl Pts',(2.97794573905231,45.0683822182031,-5.43536363416429));
#2222=CARTESIAN_POINT('Ctrl Pts',(2.94462547790551,45.0705875847809,-5.43399933123303));
#2223=CARTESIAN_POINT('Ctrl Pts',(2.91154200235007,45.0727387713054,-5.43333318432173));
#2224=CARTESIAN_POINT('Ctrl Pts',(2.87875457875458,45.0748327767622,-5.43333318432173));
#2225=CARTESIAN_POINT('Ctrl Pts',(2.93897289188173,44.7368943678245,-5.76768174257634));
#2226=CARTESIAN_POINT('Ctrl Pts',(2.91158352473597,44.7386967776673,-5.76699959111071));
#2227=CARTESIAN_POINT('Ctrl Pts',(2.88442457922615,44.7404582008205,-5.76666651765506));
#2228=CARTESIAN_POINT('Ctrl Pts',(2.85750915750916,44.7421771843138,-5.76666651765506));
#2229=CARTESIAN_POINT('Ctrl Pts',(2.90000004471116,44.4054065174459,-6.09999985098839));
#2230=CARTESIAN_POINT('Ctrl Pts',(2.87854157156643,44.4068059705537,-6.09999985098839));
#2231=CARTESIAN_POINT('Ctrl Pts',(2.85730715610222,44.4081776303356,-6.09999985098839));
#2232=CARTESIAN_POINT('Ctrl Pts',(2.83626373626374,44.4095215918653,-6.09999985098839));
#2233=CARTESIAN_POINT('Ctrl Pts',(2.90000004471116,44.4054065174459,-6.09999985098839));
#2234=CARTESIAN_POINT('Ctrl Pts',(2.87854157156643,44.4068059705537,-6.09999985098839));
#2235=CARTESIAN_POINT('Ctrl Pts',(2.85730715610222,44.4081776303356,-6.09999985098839));
#2236=CARTESIAN_POINT('Ctrl Pts',(2.83626373626374,44.4095215918653,-6.09999985098839));
#2237=CARTESIAN_POINT('Ctrl Pts',(-5.14421601012004,45.2082629796946,-7.29999985098449));
#2238=CARTESIAN_POINT('Ctrl Pts',(-5.13903556626234,45.2088524587074,-7.53401685997534));
#2239=CARTESIAN_POINT('Ctrl Pts',(-5.05240505311675,45.2188624975622,-8.02314734699036));
#2240=CARTESIAN_POINT('Ctrl Pts',(-4.65202869937261,45.2624238771647,-8.73848902533343));
#2241=CARTESIAN_POINT('Ctrl Pts',(-3.98355516221111,45.3280494528597,-9.29805212803267));
#2242=CARTESIAN_POINT('Ctrl Pts',(-3.32793695004644,45.3792022322849,-9.48073847771179));
#2243=CARTESIAN_POINT('Ctrl Pts',(-3.01691858622242,45.3998700685817,-9.49695417622458));
#2244=CARTESIAN_POINT('Ctrl Pts',(-4.81269258559936,44.9089675637252,-7.29325248706347));
#2245=CARTESIAN_POINT('Ctrl Pts',(-4.80813346626498,44.9094548848173,-7.49568748541764));
#2246=CARTESIAN_POINT('Ctrl Pts',(-4.73176691270756,44.9177281847954,-7.91872543778079));
#2247=CARTESIAN_POINT('Ctrl Pts',(-4.38113437871552,44.9537612375078,-8.53295905006556));
#2248=CARTESIAN_POINT('Ctrl Pts',(-3.80176685800982,45.0081301854683,-9.00559848572844));
#2249=CARTESIAN_POINT('Ctrl Pts',(-3.24196887571873,45.0509073311092,-9.15382560011004));
#2250=CARTESIAN_POINT('Ctrl Pts',(-2.97794573905191,45.0683822182031,-9.16463606781251));
#2251=CARTESIAN_POINT('Ctrl Pts',(-4.48116916107868,44.6096721477559,-7.28650512314244));
#2252=CARTESIAN_POINT('Ctrl Pts',(-4.47723136626762,44.6100573109272,-7.45735811085994));
#2253=CARTESIAN_POINT('Ctrl Pts',(-4.41112877229837,44.6165938720286,-7.81430352857122));
#2254=CARTESIAN_POINT('Ctrl Pts',(-4.11024005805843,44.6450985978508,-8.3274290747977));
#2255=CARTESIAN_POINT('Ctrl Pts',(-3.61997855380853,44.6882109180768,-8.71314484342422));
#2256=CARTESIAN_POINT('Ctrl Pts',(-3.15600080139101,44.7226124299335,-8.82691272250829));
#2257=CARTESIAN_POINT('Ctrl Pts',(-2.93897289188141,44.7368943678245,-8.83231795940045));
#2258=CARTESIAN_POINT('Ctrl Pts',(-4.149645736558,44.3103767317865,-7.27975775922141));
#2259=CARTESIAN_POINT('Ctrl Pts',(-4.14632926627026,44.3106597370371,-7.41902873630224));
#2260=CARTESIAN_POINT('Ctrl Pts',(-4.09049063188918,44.3154595592618,-7.70988161936165));
#2261=CARTESIAN_POINT('Ctrl Pts',(-3.83934573740134,44.3364359581939,-8.12189909952984));
#2262=CARTESIAN_POINT('Ctrl Pts',(-3.43819024960724,44.3682916506854,-8.42069120111999));
#2263=CARTESIAN_POINT('Ctrl Pts',(-3.07003272706329,44.3943175287578,-8.49999984490654));
#2264=CARTESIAN_POINT('Ctrl Pts',(-2.9000000447109,44.4054065174459,-8.49999985098839));
#2265=CARTESIAN_POINT('',(-4.14899959968297,44.3104318661696,-7.29999985090624));
#2266=CARTESIAN_POINT('',(-2.90000004452234,44.4054065145546,-8.49999985098839));
#2267=CARTESIAN_POINT('Ctrl Pts',(-4.1489922675393,44.3104326062395,-7.29999956222432));
#2268=CARTESIAN_POINT('Ctrl Pts',(-4.14357413202166,44.3108963505931,-7.43306548878414));
#2269=CARTESIAN_POINT('Ctrl Pts',(-4.08684789958816,44.3157638115386,-7.71585772883683));
#2270=CARTESIAN_POINT('Ctrl Pts',(-3.83934573740134,44.3364359581939,-8.12189909952984));
#2271=CARTESIAN_POINT('Ctrl Pts',(-3.43819024960724,44.3682916506854,-8.42069120111999));
#2272=CARTESIAN_POINT('Ctrl Pts',(-3.07003272706329,44.3943175287578,-8.49999984490654));
#2273=CARTESIAN_POINT('Ctrl Pts',(-2.9000000447109,44.4054065174459,-8.49999985098839));
#2274=CARTESIAN_POINT('',(-2.90000004452234,44.4054065145546,-8.49999985098839));
#2275=CARTESIAN_POINT('Ctrl Pts',(-5.14421601012001,45.2082629796946,-7.29999985098449));
#2276=CARTESIAN_POINT('Ctrl Pts',(-5.00822647979079,45.0855555017023,-7.29999985098475));
#2277=CARTESIAN_POINT('Ctrl Pts',(-4.86651290666615,44.9576892047355,-7.30000363591224));
#2278=CARTESIAN_POINT('Ctrl Pts',(-4.72814490110504,44.8328527238189,-7.30000632597228));
#2279=CARTESIAN_POINT('Ctrl Pts',(-4.70082633413233,44.808205741659,-7.30000685708195));
#2280=CARTESIAN_POINT('Ctrl Pts',(-4.67363817412095,44.7836768619932,-7.30000749569122));
#2281=CARTESIAN_POINT('Ctrl Pts',(-4.64665021265415,44.7593291044004,-7.30000855441674));
#2282=CARTESIAN_POINT('Ctrl Pts',(-4.54968044125536,44.6718457837075,-7.30001235849699));
#2283=CARTESIAN_POINT('Ctrl Pts',(-4.44729227204417,44.579480773296,-7.30002508112413));
#2284=CARTESIAN_POINT('Ctrl Pts',(-4.34561171190067,44.4877659265882,-7.30003203881871));
#2285=CARTESIAN_POINT('Ctrl Pts',(-4.27920061861447,44.4278637856889,-7.30003658312987));
#2286=CARTESIAN_POINT('Ctrl Pts',(-4.21309138630854,44.3682389870488,-7.30003800890531));
#2287=CARTESIAN_POINT('Ctrl Pts',(-4.14899038285959,44.3104327675516,-7.3000458269306));
#2288=CARTESIAN_POINT('Ctrl Pts',(-3.01691858622234,45.3998700685818,-5.1030455257522));
#2289=CARTESIAN_POINT('Ctrl Pts',(-3.26423079368523,45.3834356427967,-5.11593974892744));
#2290=CARTESIAN_POINT('Ctrl Pts',(-3.52093905185303,45.3642061123218,-5.17206442176005));
#2291=CARTESIAN_POINT('Ctrl Pts',(-4.0056597075327,45.3239663480553,-5.37405998464147));
#2292=CARTESIAN_POINT('Ctrl Pts',(-4.44532891290941,45.2835225602054,-5.65822740435067));
#2293=CARTESIAN_POINT('Ctrl Pts',(-4.86500078460509,45.239460268711,-6.19676327282803));
#2294=CARTESIAN_POINT('Ctrl Pts',(-5.095881841494,45.2138085259211,-6.78586183341381));
#2295=CARTESIAN_POINT('Ctrl Pts',(-5.14047941690215,45.2086881639726,-7.13120613512538));
#2296=CARTESIAN_POINT('Ctrl Pts',(-5.14421601012001,45.2082629796946,-7.29999985098607));
#2297=CARTESIAN_POINT('Ctrl Pts',(-2.97794573905186,45.0683822182031,-5.43536363416426));
#2298=CARTESIAN_POINT('Ctrl Pts',(-3.18761513961067,45.0545054422114,-5.44385992345409));
#2299=CARTESIAN_POINT('Ctrl Pts',(-3.40705450237111,45.0383242773763,-5.48925568736322));
#2300=CARTESIAN_POINT('Ctrl Pts',(-3.82199269516569,45.0048197507862,-5.656137605681));
#2301=CARTESIAN_POINT('Ctrl Pts',(-4.20163595415404,44.971188385331,-5.89492803979245));
#2302=CARTESIAN_POINT('Ctrl Pts',(-4.56746124338402,44.9347630670475,-6.35437703002166));
#2303=CARTESIAN_POINT('Ctrl Pts',(-4.76997835438426,44.9135687247125,-6.86183873504759));
#2304=CARTESIAN_POINT('Ctrl Pts',(-4.80961622488607,44.9092932749329,-7.16086408832796));
#2305=CARTESIAN_POINT('Ctrl Pts',(-4.81269258559934,44.9089675637252,-7.30674721490794));
#2306=CARTESIAN_POINT('Ctrl Pts',(-2.93897289188138,44.7368943678245,-5.76768174257633));
#2307=CARTESIAN_POINT('Ctrl Pts',(-3.1118204419922,44.7255190963408,-5.77207968129783));
#2308=CARTESIAN_POINT('Ctrl Pts',(-3.29214550742881,44.7125635370814,-5.80560019438434));
#2309=CARTESIAN_POINT('Ctrl Pts',(-3.63887571424834,44.685622285878,-5.93856157419212));
#2310=CARTESIAN_POINT('Ctrl Pts',(-3.95721800223772,44.6589569547658,-6.13077081848189));
#2311=CARTESIAN_POINT('Ctrl Pts',(-4.26996642665087,44.6300661997198,-6.51212531950878));
#2312=CARTESIAN_POINT('Ctrl Pts',(-4.44448926399051,44.6132773721734,-6.93834229086463));
#2313=CARTESIAN_POINT('Ctrl Pts',(-4.47811679756665,44.6099757491845,-7.19012947201469));
#2314=CARTESIAN_POINT('Ctrl Pts',(-4.48116916107868,44.6096721477559,-7.31349457882981));
#2315=CARTESIAN_POINT('Ctrl Pts',(-2.9000000447109,44.4054065174459,-6.09999985098839));
#2316=CARTESIAN_POINT('Ctrl Pts',(-3.03520478791764,44.3965888957555,-6.09999985582448));
#2317=CARTESIAN_POINT('Ctrl Pts',(-3.17826095794689,44.3866817021359,-6.12279145998751));
#2318=CARTESIAN_POINT('Ctrl Pts',(-3.45520870188133,44.366475688609,-6.22063919523165));
#2319=CARTESIAN_POINT('Ctrl Pts',(-3.71352504348235,44.3466227798914,-6.36747145392367));
#2320=CARTESIAN_POINT('Ctrl Pts',(-3.97242688542981,44.3253689980563,-6.66973907670241));
#2321=CARTESIAN_POINT('Ctrl Pts',(-4.11858577688077,44.3130375709648,-7.0143191924984));
#2322=CARTESIAN_POINT('Ctrl Pts',(-4.14725360555056,44.3105808601448,-7.21978742521727));
#2323=CARTESIAN_POINT('Ctrl Pts',(-4.14964573655802,44.3103767317865,-7.32024194275168));
#2324=CARTESIAN_POINT('',(-2.90000004452234,44.4054065145546,-6.09999985098839));
#2325=CARTESIAN_POINT('',(-3.01691858622234,45.3998700685818,-5.1030455257522));
#2326=CARTESIAN_POINT('Ctrl Pts',(-2.9000000447109,44.4054065174459,-6.09999985098839));
#2327=CARTESIAN_POINT('Ctrl Pts',(-3.03520478791764,44.3965888957555,-6.09999985582448));
#2328=CARTESIAN_POINT('Ctrl Pts',(-3.17826095794689,44.3866817021359,-6.12279145998751));
#2329=CARTESIAN_POINT('Ctrl Pts',(-3.45520870188133,44.366475688609,-6.22063919523165));
#2330=CARTESIAN_POINT('Ctrl Pts',(-3.71352504348235,44.3466227798914,-6.36747145392367));
#2331=CARTESIAN_POINT('Ctrl Pts',(-3.97242688542981,44.3253689980563,-6.66973907670241));
#2332=CARTESIAN_POINT('Ctrl Pts',(-4.11578490890068,44.3132738802235,-7.00771594446247));
#2333=CARTESIAN_POINT('Ctrl Pts',(-4.14526913482738,44.3107507963097,-7.20601607723491));
#2334=CARTESIAN_POINT('Ctrl Pts',(-4.1490027120799,44.3104316648656,-7.29999972648681));
#2335=CARTESIAN_POINT('Ctrl Pts',(-2.89999999999992,45.4074883692106,-5.09999985098839));
#2336=CARTESIAN_POINT('Ctrl Pts',(-2.93865942547391,45.4050193417903,-5.09999985098839));
#2337=CARTESIAN_POINT('Ctrl Pts',(-2.97766743107497,45.4024783918945,-5.10099907135535));
#2338=CARTESIAN_POINT('Ctrl Pts',(-3.0169185862228,45.3998700685817,-5.10304552575222));
#2339=CARTESIAN_POINT('Ctrl Pts',(-2.87875457875452,45.0748327767622,-5.43333318432172));
#2340=CARTESIAN_POINT('Ctrl Pts',(-2.91154200235002,45.0727387713054,-5.43333318432172));
#2341=CARTESIAN_POINT('Ctrl Pts',(-2.94462547790546,45.0705875847809,-5.43399933123303));
#2342=CARTESIAN_POINT('Ctrl Pts',(-2.97794573905225,45.0683822182031,-5.43536363416428));
#2343=CARTESIAN_POINT('Ctrl Pts',(-2.85750915750913,44.7421771843138,-5.76666651765506));
#2344=CARTESIAN_POINT('Ctrl Pts',(-2.88442457922612,44.7404582008205,-5.76666651765506));
#2345=CARTESIAN_POINT('Ctrl Pts',(-2.91158352473594,44.7386967776673,-5.76699959111071));
#2346=CARTESIAN_POINT('Ctrl Pts',(-2.9389728918817,44.7368943678245,-5.76768174257634));
#2347=CARTESIAN_POINT('Ctrl Pts',(-2.83626373626374,44.4095215918653,-6.09999985098839));
#2348=CARTESIAN_POINT('Ctrl Pts',(-2.85730715610222,44.4081776303356,-6.09999985098839));
#2349=CARTESIAN_POINT('Ctrl Pts',(-2.87854157156643,44.4068059705537,-6.09999985098839));
#2350=CARTESIAN_POINT('Ctrl Pts',(-2.90000004471115,44.4054065174459,-6.09999985098839));
#2351=CARTESIAN_POINT('Ctrl Pts',(-2.83626373626374,44.4095215918653,-6.09999985098839));
#2352=CARTESIAN_POINT('Ctrl Pts',(-2.85730715610222,44.4081776303356,-6.09999985098839));
#2353=CARTESIAN_POINT('Ctrl Pts',(-2.87854157156643,44.4068059705537,-6.09999985098839));
#2354=CARTESIAN_POINT('Ctrl Pts',(-2.90000004471115,44.4054065174459,-6.09999985098839));
#2355=CARTESIAN_POINT('Origin',(-2.10942371370057E-15,0.,-8.99999985098839));
#2356=CARTESIAN_POINT('',(2.83626373626374,44.4095215918654,-8.49999985098839));
#2357=CARTESIAN_POINT('',(2.83626373626374,44.4095215918654,-8.49999985098839));
#2358=CARTESIAN_POINT('',(-2.83626373626374,44.4095215918654,-8.49999985098839));
#2359=CARTESIAN_POINT('',(-2.9,45.4074883692106,-9.4999998509884));
#2360=CARTESIAN_POINT('Origin',(-2.10942371370057E-15,0.,-8.49999985098839));
#2361=CARTESIAN_POINT('Ctrl Pts',(-3.01691858622288,45.3998700685817,-9.49695417622455));
#2362=CARTESIAN_POINT('Ctrl Pts',(-2.97766743107505,45.4024783918945,-9.49900063062143));
#2363=CARTESIAN_POINT('Ctrl Pts',(-2.93865942547399,45.4050193417903,-9.49999985098839));
#2364=CARTESIAN_POINT('Ctrl Pts',(-2.9,45.4074883692106,-9.49999985098839));
#2365=CARTESIAN_POINT('Ctrl Pts',(-2.97794573905231,45.0683822182031,-9.1646360678125));
#2366=CARTESIAN_POINT('Ctrl Pts',(-2.94462547790551,45.0705875847809,-9.16600037074375));
#2367=CARTESIAN_POINT('Ctrl Pts',(-2.91154200235007,45.0727387713054,-9.16666651765506));
#2368=CARTESIAN_POINT('Ctrl Pts',(-2.87875457875458,45.0748327767622,-9.16666651765506));
#2369=CARTESIAN_POINT('Ctrl Pts',(-2.93897289188173,44.7368943678245,-8.83231795940045));
#2370=CARTESIAN_POINT('Ctrl Pts',(-2.91158352473597,44.7386967776673,-8.83300011086607));
#2371=CARTESIAN_POINT('Ctrl Pts',(-2.88442457922615,44.7404582008205,-8.83333318432173));
#2372=CARTESIAN_POINT('Ctrl Pts',(-2.85750915750916,44.7421771843138,-8.83333318432173));
#2373=CARTESIAN_POINT('Ctrl Pts',(-2.90000004471116,44.4054065174459,-8.49999985098839));
#2374=CARTESIAN_POINT('Ctrl Pts',(-2.87854157156643,44.4068059705537,-8.49999985098839));
#2375=CARTESIAN_POINT('Ctrl Pts',(-2.85730715610222,44.4081776303356,-8.49999985098839));
#2376=CARTESIAN_POINT('Ctrl Pts',(-2.83626373626374,44.4095215918653,-8.49999985098839));
#2377=CARTESIAN_POINT('Ctrl Pts',(-2.90000004471116,44.4054065174459,-8.49999985098839));
#2378=CARTESIAN_POINT('Ctrl Pts',(-2.87854157156643,44.4068059705537,-8.49999985098839));
#2379=CARTESIAN_POINT('Ctrl Pts',(-2.85730715610222,44.4081776303356,-8.49999985098839));
#2380=CARTESIAN_POINT('Ctrl Pts',(-2.83626373626374,44.4095215918653,-8.49999985098839));
#2381=CARTESIAN_POINT('Ctrl Pts',(2.9,45.4074883692106,-9.49999985098839));
#2382=CARTESIAN_POINT('Ctrl Pts',(2.93865942547399,45.4050193417903,-9.49999985098839));
#2383=CARTESIAN_POINT('Ctrl Pts',(2.97766743107505,45.4024783918945,-9.49900063062143));
#2384=CARTESIAN_POINT('Ctrl Pts',(3.01691858622288,45.3998700685817,-9.49695417622455));
#2385=CARTESIAN_POINT('Ctrl Pts',(2.87875457875458,45.0748327767622,-9.16666651765506));
#2386=CARTESIAN_POINT('Ctrl Pts',(2.91154200235007,45.0727387713054,-9.16666651765506));
#2387=CARTESIAN_POINT('Ctrl Pts',(2.94462547790551,45.0705875847809,-9.16600037074375));
#2388=CARTESIAN_POINT('Ctrl Pts',(2.97794573905231,45.0683822182031,-9.1646360678125));
#2389=CARTESIAN_POINT('Ctrl Pts',(2.85750915750916,44.7421771843138,-8.83333318432173));
#2390=CARTESIAN_POINT('Ctrl Pts',(2.88442457922615,44.7404582008205,-8.83333318432173));
#2391=CARTESIAN_POINT('Ctrl Pts',(2.91158352473597,44.7386967776673,-8.83300011086607));
#2392=CARTESIAN_POINT('Ctrl Pts',(2.93897289188173,44.7368943678245,-8.83231795940045));
#2393=CARTESIAN_POINT('Ctrl Pts',(2.83626373626374,44.4095215918653,-8.49999985098839));
#2394=CARTESIAN_POINT('Ctrl Pts',(2.85730715610222,44.4081776303356,-8.49999985098839));
#2395=CARTESIAN_POINT('Ctrl Pts',(2.87854157156643,44.4068059705537,-8.49999985098839));
#2396=CARTESIAN_POINT('Ctrl Pts',(2.90000004471116,44.4054065174459,-8.49999985098839));
#2397=CARTESIAN_POINT('Ctrl Pts',(2.83626373626374,44.4095215918653,-8.49999985098839));
#2398=CARTESIAN_POINT('Ctrl Pts',(2.85730715610222,44.4081776303356,-8.49999985098839));
#2399=CARTESIAN_POINT('Ctrl Pts',(2.87854157156643,44.4068059705537,-8.49999985098839));
#2400=CARTESIAN_POINT('Ctrl Pts',(2.90000004471116,44.4054065174459,-8.49999985098839));
#2401=CARTESIAN_POINT('Origin',(2.9,48.,-7.34999985098839));
#2402=CARTESIAN_POINT('',(4.14899959967968,41.,-7.29999985098839));
#2403=CARTESIAN_POINT('',(4.14899959967968,48.,-7.29999985098839));
#2404=CARTESIAN_POINT('',(2.9,41.,-6.09999985098839));
#2405=CARTESIAN_POINT('Origin',(2.9,41.,-7.34999985098839));
#2406=CARTESIAN_POINT('',(2.9,48.,-6.09999985098839));
#2407=CARTESIAN_POINT('Origin',(2.9,48.,-7.24999985098839));
#2408=CARTESIAN_POINT('',(2.9,41.,-8.49999985098839));
#2409=CARTESIAN_POINT('',(2.9,48.,-8.49999985098839));
#2410=CARTESIAN_POINT('Origin',(2.9,41.,-7.24999985098839));
#2411=CARTESIAN_POINT('Origin',(-2.9,48.,-8.49999985098839));
#2412=CARTESIAN_POINT('',(-2.9,41.,-8.49999985098839));
#2413=CARTESIAN_POINT('',(-2.9,48.,-8.49999985098839));
#2414=CARTESIAN_POINT('',(-2.9,41.,-8.49999985098839));
#2415=CARTESIAN_POINT('Origin',(-2.9000000000001,48.,-7.3499998509884));
#2416=CARTESIAN_POINT('',(-2.9,41.,-6.09999985098839));
#2417=CARTESIAN_POINT('',(-2.9,48.,-6.09999985098839));
#2418=CARTESIAN_POINT('',(-4.14899959967973,41.,-7.29999985098709));
#2419=CARTESIAN_POINT('Origin',(-2.9000000000001,41.,-7.3499998509884));
#2420=CARTESIAN_POINT('',(-4.14899959967973,48.,-7.29999985098709));
#2421=CARTESIAN_POINT('Origin',(-2.9,48.,-7.24999985098839));
#2422=CARTESIAN_POINT('Origin',(-2.9,41.,-7.24999985098839));
#2423=CARTESIAN_POINT('Origin',(2.9,48.,-6.09999985098839));
#2424=CARTESIAN_POINT('',(2.9,41.,-6.09999985098839));
#2425=CARTESIAN_POINT('Origin',(-2.55351295663786E-14,41.,-7.29999985098839));
#2426=CARTESIAN_POINT('Origin',(8.88178419700125E-16,0.,-2.));
#2427=CARTESIAN_POINT('',(0.,0.,0.));
#2428=CARTESIAN_POINT('',(0.,0.,0.));
#2429=CARTESIAN_POINT('',(0.,0.,0.));
#2430=CARTESIAN_POINT('',(0.,0.,0.));
#2431=UNCERTAINTY_MEASURE_WITH_UNIT(LENGTH_MEASURE(0.01),#2443,
'DISTANCE_ACCURACY_VALUE',
'Maximum model space distance between geometric entities at asserted c
onnectivities');
#2432=UNCERTAINTY_MEASURE_WITH_UNIT(LENGTH_MEASURE(0.01),#2443,
'DISTANCE_ACCURACY_VALUE',
'Maximum model space distance between geometric entities at asserted c
onnectivities');
#2433=UNCERTAINTY_MEASURE_WITH_UNIT(LENGTH_MEASURE(0.01),#2443,
'DISTANCE_ACCURACY_VALUE',
'Maximum model space distance between geometric entities at asserted c
onnectivities');
#2434=UNCERTAINTY_MEASURE_WITH_UNIT(LENGTH_MEASURE(0.01),#2443,
'DISTANCE_ACCURACY_VALUE',
'Maximum model space distance between geometric entities at asserted c
onnectivities');
#2435=UNCERTAINTY_MEASURE_WITH_UNIT(LENGTH_MEASURE(0.01),#2443,
'DISTANCE_ACCURACY_VALUE',
'Maximum model space distance between geometric entities at asserted c
onnectivities');
#2436=UNCERTAINTY_MEASURE_WITH_UNIT(LENGTH_MEASURE(0.01),#2443,
'DISTANCE_ACCURACY_VALUE',
'Maximum model space distance between geometric entities at asserted c
onnectivities');
#2437=(
GEOMETRIC_REPRESENTATION_CONTEXT(3)
GLOBAL_UNCERTAINTY_ASSIGNED_CONTEXT((#2431))
GLOBAL_UNIT_ASSIGNED_CONTEXT((#2443,#2445,#2446))
REPRESENTATION_CONTEXT('','3D')
);
#2438=(
GEOMETRIC_REPRESENTATION_CONTEXT(3)
GLOBAL_UNCERTAINTY_ASSIGNED_CONTEXT((#2432))
GLOBAL_UNIT_ASSIGNED_CONTEXT((#2443,#2445,#2446))
REPRESENTATION_CONTEXT('','3D')
);
#2439=(
GEOMETRIC_REPRESENTATION_CONTEXT(3)
GLOBAL_UNCERTAINTY_ASSIGNED_CONTEXT((#2433))
GLOBAL_UNIT_ASSIGNED_CONTEXT((#2443,#2445,#2446))
REPRESENTATION_CONTEXT('','3D')
);
#2440=(
GEOMETRIC_REPRESENTATION_CONTEXT(3)
GLOBAL_UNCERTAINTY_ASSIGNED_CONTEXT((#2434))
GLOBAL_UNIT_ASSIGNED_CONTEXT((#2443,#2445,#2446))
REPRESENTATION_CONTEXT('','3D')
);
#2441=(
GEOMETRIC_REPRESENTATION_CONTEXT(3)
GLOBAL_UNCERTAINTY_ASSIGNED_CONTEXT((#2435))
GLOBAL_UNIT_ASSIGNED_CONTEXT((#2443,#2445,#2446))
REPRESENTATION_CONTEXT('','3D')
);
#2442=(
GEOMETRIC_REPRESENTATION_CONTEXT(3)
GLOBAL_UNCERTAINTY_ASSIGNED_CONTEXT((#2436))
GLOBAL_UNIT_ASSIGNED_CONTEXT((#2443,#2445,#2446))
REPRESENTATION_CONTEXT('','3D')
);
#2443=(
LENGTH_UNIT()
NAMED_UNIT(*)
SI_UNIT(.MILLI.,.METRE.)
);
#2444=(
LENGTH_UNIT()
NAMED_UNIT(*)
SI_UNIT($,.METRE.)
);
#2445=(
NAMED_UNIT(*)
PLANE_ANGLE_UNIT()
SI_UNIT($,.RADIAN.)
);
#2446=(
NAMED_UNIT(*)
SI_UNIT($,.STERADIAN.)
SOLID_ANGLE_UNIT()
);
#2447=SHAPE_DEFINITION_REPRESENTATION(#2452,#2461);
#2448=SHAPE_DEFINITION_REPRESENTATION(#2453,#2462);
#2449=SHAPE_DEFINITION_REPRESENTATION(#2454,#2463);
#2450=SHAPE_DEFINITION_REPRESENTATION(#2455,#2464);
#2451=SHAPE_DEFINITION_REPRESENTATION(#2456,#2465);
#2452=PRODUCT_DEFINITION_SHAPE('',$,#2467);
#2453=PRODUCT_DEFINITION_SHAPE('',$,#2468);
#2454=PRODUCT_DEFINITION_SHAPE('',$,#2469);
#2455=PRODUCT_DEFINITION_SHAPE('',$,#2470);
#2456=PRODUCT_DEFINITION_SHAPE('',$,#2471);
#2457=PRODUCT_DEFINITION_SHAPE($,$,#23);
#2458=PRODUCT_DEFINITION_SHAPE($,$,#24);
#2459=PRODUCT_DEFINITION_SHAPE($,$,#25);
#2460=PRODUCT_DEFINITION_SHAPE($,$,#26);
#2461=SHAPE_REPRESENTATION('',(#1283,#1417,#1418,#1419,#1420),#2437);
#2462=SHAPE_REPRESENTATION('',(#1284),#2438);
#2463=SHAPE_REPRESENTATION('',(#1294),#2439);
#2464=SHAPE_REPRESENTATION('',(#1345),#2440);
#2465=SHAPE_REPRESENTATION('',(#1368),#2441);
#2466=PRODUCT_DEFINITION_CONTEXT('part definition',#2483,'design');
#2467=PRODUCT_DEFINITION('IKEA NORDM\X\C4RKE','IKEA NORDM\X\C4RKE v6',#2472,
#2466);
#2468=PRODUCT_DEFINITION('Fabric','Fabric',#2473,#2466);
#2469=PRODUCT_DEFINITION('Plus','Plus',#2474,#2466);
#2470=PRODUCT_DEFINITION('Rubber pads','Rubber pads',#2475,#2466);
#2471=PRODUCT_DEFINITION('Rubber pads 2','Rubber pads 2',#2476,#2466);
#2472=PRODUCT_DEFINITION_FORMATION('',$,#2485);
#2473=PRODUCT_DEFINITION_FORMATION('',$,#2486);
#2474=PRODUCT_DEFINITION_FORMATION('',$,#2487);
#2475=PRODUCT_DEFINITION_FORMATION('',$,#2488);
#2476=PRODUCT_DEFINITION_FORMATION('',$,#2489);
#2477=PRODUCT_RELATED_PRODUCT_CATEGORY('IKEA NORDM\X\C4RKE v6',
'IKEA NORDM\X\C4RKE v6',(#2485));
#2478=PRODUCT_RELATED_PRODUCT_CATEGORY('Fabric','Fabric',(#2486));
#2479=PRODUCT_RELATED_PRODUCT_CATEGORY('Plus','Plus',(#2487));
#2480=PRODUCT_RELATED_PRODUCT_CATEGORY('Rubber pads','Rubber pads',(#2488));
#2481=PRODUCT_RELATED_PRODUCT_CATEGORY('Rubber pads 2','Rubber pads 2',
(#2489));
#2482=APPLICATION_PROTOCOL_DEFINITION('international standard',
'automotive_design',2009,#2483);
#2483=APPLICATION_CONTEXT(
'Core Data for Automotive Mechanical Design Process');
#2484=PRODUCT_CONTEXT('part definition',#2483,'mechanical');
#2485=PRODUCT('IKEA NORDM\X\C4RKE','IKEA NORDM\X\C4RKE v6',$,(#2484));
#2486=PRODUCT('Fabric','Fabric',$,(#2484));
#2487=PRODUCT('Plus','Plus',$,(#2484));
#2488=PRODUCT('Rubber pads','Rubber pads',$,(#2484));
#2489=PRODUCT('Rubber pads 2','Rubber pads 2',$,(#2484));
#2490=PRESENTATION_STYLE_ASSIGNMENT((#2493));
#2491=PRESENTATION_STYLE_ASSIGNMENT((#2494));
#2492=PRESENTATION_STYLE_ASSIGNMENT((#2495));
#2493=SURFACE_STYLE_USAGE(.BOTH.,#2496);
#2494=SURFACE_STYLE_USAGE(.BOTH.,#2497);
#2495=SURFACE_STYLE_USAGE(.BOTH.,#2498);
#2496=SURFACE_SIDE_STYLE('',(#2499));
#2497=SURFACE_SIDE_STYLE('',(#2500));
#2498=SURFACE_SIDE_STYLE('',(#2501));
#2499=SURFACE_STYLE_FILL_AREA(#2502);
#2500=SURFACE_STYLE_FILL_AREA(#2503);
#2501=SURFACE_STYLE_FILL_AREA(#2504);
#2502=FILL_AREA_STYLE('Stainless Steel - Satin',(#2505));
#2503=FILL_AREA_STYLE('Coating - Black Oxide',(#2506));
#2504=FILL_AREA_STYLE('Fabric (Black)',(#2507));
#2505=FILL_AREA_STYLE_COLOUR('Stainless Steel - Satin',#2508);
#2506=FILL_AREA_STYLE_COLOUR('Coating - Black Oxide',#2509);
#2507=FILL_AREA_STYLE_COLOUR('Fabric (Black)',#2510);
#2508=COLOUR_RGB('Stainless Steel - Satin',0.796078431372549,0.796078431372549,
0.796078431372549);
#2509=COLOUR_RGB('Coating - Black Oxide',0.450980392156863,0.450980392156863,
0.450980392156863);
#2510=COLOUR_RGB('Fabric (Black)',0.,0.,0.);
ENDSEC;
END-ISO-10303-21;
